[27May2025 00:32:19.993] [main/INFO] [cpw.mods.modlauncher.Launcher/MODLAUNCHER]: ModLauncher running: args [--launchTarget, forgeserver, --fml.forgeVersion, 47.3.7, --fml.mcVersion, 1.20.1, --fml.forgeGroup, net.minecraftforge, --fml.mcpVersion, 20230612.114412, nogui]
[27May2025 00:32:19.998] [main/INFO] [cpw.mods.modlauncher.Launcher/MODLAUNCHER]: ModLauncher 10.0.9+10.0.9+main.dcd20f30 starting: java version 17.0.15 by Debian; OS Linux arch amd64 version 6.1.0-34-cloud-amd64
[27May2025 00:32:21.643] [main/INFO] [net.minecraftforge.fml.loading.ImmediateWindowHandler/]: ImmediateWindowProvider not loading because launch target is forgeserver
[27May2025 00:32:21.710] [main/INFO] [mixin/]: SpongePowered MIXIN Subsystem Version=0.8.5 Source=union:/home/angel11152008/Server/servidor_minecraft/libraries/org/spongepowered/mixin/0.8.5/mixin-0.8.5.jar%2365!/ Service=ModLauncher Env=SERVER
[27May2025 00:32:22.385] [main/WARN] [net.minecraftforge.fml.loading.moddiscovery.ModFileParser/LOADING]: Mod file /home/angel11152008/Server/servidor_minecraft/libraries/net/minecraftforge/fmlcore/1.20.1-47.3.7/fmlcore-1.20.1-47.3.7.jar is missing mods.toml file
[27May2025 00:32:22.386] [main/WARN] [net.minecraftforge.fml.loading.moddiscovery.ModFileParser/LOADING]: Mod file /home/angel11152008/Server/servidor_minecraft/libraries/net/minecraftforge/javafmllanguage/1.20.1-47.3.7/javafmllanguage-1.20.1-47.3.7.jar is missing mods.toml file
[27May2025 00:32:22.387] [main/WARN] [net.minecraftforge.fml.loading.moddiscovery.ModFileParser/LOADING]: Mod file /home/angel11152008/Server/servidor_minecraft/libraries/net/minecraftforge/lowcodelanguage/1.20.1-47.3.7/lowcodelanguage-1.20.1-47.3.7.jar is missing mods.toml file
[27May2025 00:32:22.388] [main/WARN] [net.minecraftforge.fml.loading.moddiscovery.ModFileParser/LOADING]: Mod file /home/angel11152008/Server/servidor_minecraft/libraries/net/minecraftforge/mclanguage/1.20.1-47.3.7/mclanguage-1.20.1-47.3.7.jar is missing mods.toml file
[27May2025 00:32:23.022] [main/WARN] [net.minecraftforge.jarjar.selection.JarSelector/]: Attempted to select two dependency jars from JarJar which have the same identification: Mod File:  and Mod File: . Using Mod File: 
[27May2025 00:32:23.026] [main/WARN] [net.minecraftforge.jarjar.selection.JarSelector/]: Attempted to select a dependency jar for JarJar which was passed in as source: geckolib. Using Mod File: /home/angel11152008/Server/servidor_minecraft/mods/geckolib-forge-1.20.1-4.7.1.2.jar
[27May2025 00:32:23.027] [main/WARN] [net.minecraftforge.jarjar.selection.JarSelector/]: Attempted to select a dependency jar for JarJar which was passed in as source: playeranimator. Using Mod File: /home/angel11152008/Server/servidor_minecraft/mods/player-animation-lib-forge-1.0.2-rc1+1.20.jar
[27May2025 00:32:23.027] [main/WARN] [net.minecraftforge.jarjar.selection.JarSelector/]: Attempted to select a dependency jar for JarJar which was passed in as source: resourcefullib. Using Mod File: /home/angel11152008/Server/servidor_minecraft/mods/resourcefullib-forge-1.20.1-2.1.29.jar
[27May2025 00:32:23.028] [main/INFO] [net.minecraftforge.fml.loading.moddiscovery.JarInJarDependencyLocator/]: Found 25 dependencies adding them to mods collection
[27May2025 00:32:30.146] [main/INFO] [mixin/]: Compatibility level set to JAVA_17
[27May2025 00:32:30.547] [main/ERROR] [mixin/]: Mixin config palladiumcore-common.mixins.json does not specify "minVersion" property
[27May2025 00:32:30.551] [main/ERROR] [mixin/]: Mixin config palladiumcore.mixins.json does not specify "minVersion" property
[27May2025 00:32:30.615] [main/ERROR] [mixin/]: Mixin config emi_loot.mixins.json does not specify "minVersion" property
[27May2025 00:32:30.979] [main/INFO] [mixin/]: Successfully loaded Mixin Connector [com.sonicether.soundphysics.MixinConnector]
[27May2025 00:32:30.983] [main/INFO] [mixin/]: Successfully loaded Mixin Connector [com.aizistral.enigmaticlegacy.MixinConnector]
[27May2025 00:32:30.992] [main/INFO] [cpw.mods.modlauncher.LaunchServiceHandler/MODLAUNCHER]: Launching target 'forgeserver' with arguments [nogui]
[27May2025 00:32:31.022] [main/INFO] [com.abdelaziz.saturn.common.Saturn/]: Loaded Saturn config file with 4 configurable options
[27May2025 00:32:31.160] [main/INFO] [ModernFix/]: Loaded configuration file for ModernFix 5.21.0+mc1.20.1: 88 options available, 1 override(s) found
[27May2025 00:32:31.161] [main/WARN] [ModernFix/]: Option 'mixin.bugfix.chunk_deadlock' overriden (by mods [dimthread]) to 'false'
[27May2025 00:32:31.161] [main/INFO] [ModernFix/]: Applying Nashorn fix
[27May2025 00:32:31.182] [main/INFO] [ModernFix/]: Applied Forge config corruption patch
[27May2025 00:32:31.259] [main/WARN] [mixin/]: Reference map 'yungsextras.refmap.json' for yungsextras.mixins.json could not be read. If this is a development environment you can ignore this message
[27May2025 00:32:31.263] [main/WARN] [mixin/]: Reference map 'yungsextras.refmap.json' for yungsextras_forge.mixins.json could not be read. If this is a development environment you can ignore this message
[27May2025 00:32:31.331] [main/INFO] [Radium Config/]: Loaded configuration file for Radium: 125 options available, 1 override(s) found
[27May2025 00:32:31.387] [main/WARN] [mixin/]: Reference map 'puzzlesaccessapi.common.refmap.json' for puzzlesaccessapi.common.mixins.json could not be read. If this is a development environment you can ignore this message
[27May2025 00:32:31.498] [main/INFO] [Puzzles Lib/]: Loading 194 mods:
	- ad_astra 1.15.20
	- ad_astra_giselle_addon 6.18
	- additionalstructures 4.2.2
	- adtetra 2.1.0
	- advancementplaques 1.6.9
	- aiimprovements 0.5.2
	- alexscaves 2.0.2
	- alexsmobs 1.22.9
	- alienevo_pack 1.0.6
	- almanac 1.0.2
	- ambientsounds 6.1.9
	- appleskin 2.5.1+mc1.20.1
	- architectury 9.2.14
	- armageddon_mod 1.4.4
	- ars_nouveau 4.12.6
	- artifacts 9.5.16
		\-- expandability 9.0.4
	- attributefix 21.0.4
	- balm 7.3.27
		\-- kuma_api 20.1.10
	- beefix 1.0.7
	- better_totem_of_undying 2.1.1
	- betteradvancements 0.4.2.25
	- betterchunkloading 1.20.1-5.4
	- bettercombat 1.8.6+1.20.1
	- betterdeserttemples 1.20-Forge-3.0.3
	- betterdungeons 1.20-Forge-4.0.4
	- betterendisland 1.20-Forge-2.0.6
	- betterf3 7.0.2
	- betterfortresses 1.20-Forge-2.0.6
	- betterjungletemples 1.20-Forge-2.0.5
	- bettermineshafts 1.20-Forge-4.0.4
	- betteroceanmonuments 1.20-Forge-3.0.4
	- betterstrongholds 1.20-Forge-4.0.3
	- betterthirdperson 1.9.0
	- betterwitchhuts 1.20-Forge-3.0.3
	- bookshelf 20.2.13
	- botarium 2.3.4
	- caelus 3.2.0+1.20.1
	- carryon 2.1.2.7
	- cataclysm 2.64
	- cerbons_api 1.1.0
	- chloride 1.5.5
	- chunksending 1.20.1-2.8
	- chunky 1.3.146
	- citadel 2.6.1
	- clickadv 1.20.1-3.8
	- cloth_config 11.1.136
	- clumps 12.0.0.4
	- collective 8.3
	- comforts 6.4.0+1.20.1
	- connectivity 1.20.1-7.1
	- controlling 12.0.2
	- corgilib 4.0.3.3
	- coroutil 1.20.1-1.3.7
	- cosmeticarmorreworked 1.20.1-v1a
	- create 6.0.4
		|-- flywheel 1.0.2
		\-- ponder 1.0.52
	- creativecore 2.12.32
	- creeperoverhaul 3.0.2
	- ctov 3.4.13
	- cucumber 7.0.13
	- cupboard 1.20.1-2.7
	- curios 5.14.1+1.20.1
	- cyclopscore 1.19.10
	- darktimer 1.0.9
	- despawn_tweaker 1.20.1-1.0.0
	- dimthread 1.2.1
	- doespotatotick 1.20.1-4.0.2
	- dungeons_arise 2.1.58-1.20.x
	- dungeons_enhanced 5.3.0
	- easyanvils 8.0.2
	- easymagic 8.0.1
	- elevatorid 1.20.1-lex-1.9
	- emi 1.1.22+1.20.1+forge
	- emi_loot 0.7.6+1.20.1+forge
	- emitrades 1.2.1+mc1.20.1
	- enchdesc 17.1.19
	- endrem 5.3.3-R-1.20.1
	- enigmaticlegacy 2.30.1
	- entityculling 1.7.4
	- evilcraft 1.2.52
		\-- evilcraftcompat 1.2.52
	- explorify 1.6.2
	- farmersdelight 1.20.1-1.2.7
	- fastasyncworldsave 1.20.1-2.4
	- fastload 3.4.0
	- fastsuite 5.1.0
	- ferritecore 6.0.1
	- flib 0.0.15
	- forge 47.3.7
	- framework 0.7.12
	- fzzy_config 0.6.9+1.20.1+forge
	- gamemenumodoption 2.2.1
	- geckolib 4.7.1.2
	- geophilic 3.4
	- gnumus 1.0.0
	- goblintraders 1.9.3
	- hoporp 1.3.7
	- iceberg 1.1.25
	- icterine 1.3.0
	- incendium 5.3.5
	- ironfurnaces 4.1.6
	- irons_spellbooks 1.20.1-3.4.0.8
	- jei 15.20.0.106
	- justleveling 1.7
	- kotlinforforge 4.11.0
	- kubejs 2001.6.5-build.16
	- letmedespawn 1.5.0
	- libraryferret 4.0.0
	- limitedchunks 1.8
	- lionfishapi 2.4-Fix
	- lithostitched 1.4
	- lootr 0.7.35.91
	- maxhealthfix 12.0.3
	- mes 1.3.4-1.20-forge
	- minecraft 1.20.1
	- mns 1.0.3-1.20-forge
	- modernfix 5.21.0+mc1.20.1
	- moonlight 1.20-2.13.82
	- mowziesmobs 1.7.2
	- mr_dungeons_andtaverns 3.0.3.f
	- mr_dungeons_andtavernsancientcityoverhaul 1
	- mr_tidal_towns 1.3.4
	- mss 1.2.7-1.20-forge
	- mutil 6.2.0
	- mvs 4.1.4-1.20-forge
	- mynethersdelight 1.20.1-1.7.5
	- myserveriscompatible 1.0
	- nerb 0.4.1
	- netherportalfix 13.0.1
	- noisium 2.3.0+mc1.20-1.20.1
	- notenoughanimations 1.9.3
	- nullscape 1.2.8
	- octolib 0.5.0.1
	- palladium 4.2.1
		\-- palladiumcore 1.0.1
	- paraglider 20.1.3
	- passiveshield 3.7
	- patchouli 1.20.1-84.1-FORGE
	- pehkui 3.8.2+1.20.1-forge
	- placebo 8.6.3
	- playeranimator 1.0.2-rc1+1.20
	- polymorph 0.49.10+1.20.1
		\-- spectrelib 0.13.17+1.20.1
	- puzzleslib 8.1.32
		|-- mixinextras 0.4.1
		\-- puzzlesaccessapi 20.1.1
	- quark 4.0-462
	- radium 0.12.4+git.26c9d8e
	- recipeessentials 1.20.1-4.0
	- relics 0.8.0.9
	- resourcefulconfig 2.1.3
	- resourcefullib 2.1.29
	- rhino 2001.2.3-build.10
	- runecraft_metals_of_gielinor 1.1.0
	- saturn 0.1.3
	- scalinghealth 8.0.2+9
	- searchables 1.0.3
	- silentlib 8.0.0
	- smoothchunk 1.20.1-4.1
	- sophisticatedbackpacks 3.23.13.1230
	- sophisticatedcore 1.2.50.964
	- sophisticatedstorage 1.3.37.1134
	- sound_physics_remastered 1.20.1-1.4.10
	- spark 1.10.53
	- storagenetwork 1.12.2
	- structory 1.3.5
	- structure_gel 2.16.2
	- structureessentials 1.20.1-4.7
	- supplementaries 1.20-3.1.30
		\-- mixinsquared 0.1.1
	- tarotcards 1.20-1.7.0
	- tectonic 2.4.1
	- tempad 2.3.4
	- terrablender 3.0.1.10
	- terralith 2.5.4
	- tetra 6.9.0
	- tetranomicon 1.6.1-1.20.1
	- tombstone 8.9.4
	- torchmaster 20.1.9
	- totw_modded 1.0.6
	- trashslot 15.1.2
	- voicechat 1.20.1-2.5.30
	- walljump 1.20.1-1.3.4-forge
		\-- configlibtxf 4.2.8-forge
	- watut 1.20.1-1.2.3
	- waystones 14.1.11
	- wi_zoom 1.5-MC1.20.1-Forge
	- xaeroworldmap 1.39.4
	- yungsapi 1.20-Forge-4.0.6
	- yungsbridges 1.20-Forge-4.0.3
	- yungsextras 1.20-Forge-4.0.3
	- zeta 1.0-30
[27May2025 00:32:31.610] [main/WARN] [mixin/]: Reference map 'mns-forge-refmap.json' for mns-forge.mixins.json could not be read. If this is a development environment you can ignore this message
[27May2025 00:32:31.789] [main/WARN] [mixin/]: Reference map 'tempad-forge-1.20.1-forge-refmap.json' for tempad.mixins.json could not be read. If this is a development environment you can ignore this message
[27May2025 00:32:31.819] [main/WARN] [mixin/]: Reference map 'CerbonsAPI-Forge-1.20.1-forge-refmap.json' for cerbons_api.mixins.json could not be read. If this is a development environment you can ignore this message
[27May2025 00:32:31.883] [main/WARN] [mixin/]: Reference map 'trashslot.refmap.json' for trashslot.mixins.json could not be read. If this is a development environment you can ignore this message
[27May2025 00:32:31.887] [main/WARN] [mixin/]: Reference map 'limitedchunks.refmap.json' for limitedchunks.mixins.json could not be read. If this is a development environment you can ignore this message
[27May2025 00:32:32.060] [main/WARN] [mixin/]: Reference map 'mes-forge-refmap.json' for mes-forge.mixins.json could not be read. If this is a development environment you can ignore this message
[27May2025 00:32:32.074] [main/WARN] [mixin/]: Reference map 'coroutil.refmap.json' for coroutil.mixins.json could not be read. If this is a development environment you can ignore this message
[27May2025 00:32:32.081] [main/WARN] [mixin/]: Reference map 'mvs-forge-refmap.json' for mvs-forge.mixins.json could not be read. If this is a development environment you can ignore this message
[27May2025 00:32:34.078] [main/WARN] [mixin/]: Error loading class: net/mehvahdjukaar/amendments/events/behaviors/InteractEvents (java.lang.ClassNotFoundException: net.mehvahdjukaar.amendments.events.behaviors.InteractEvents)
[27May2025 00:32:34.078] [main/WARN] [mixin/]: @Mixin target net.mehvahdjukaar.amendments.events.behaviors.InteractEvents was not found mynethersdelight.mixins.json:amendments.InteractEventsMixin
[27May2025 00:32:34.144] [main/INFO] [net.minecraftforge.coremod.CoreMod.placebo/COREMODLOG]: Patching IForgeItemStack#getEnchantmentLevel
[27May2025 00:32:34.162] [main/INFO] [net.minecraftforge.coremod.CoreMod.placebo/COREMODLOG]: Patching IForgeItemStack#getEnchantmentLevel
[27May2025 00:32:34.497] [main/WARN] [Radium Config/]: Force-disabling mixin 'alloc.blockstate.StateMixin' as option 'mixin.alloc.blockstate' (added by mods [ferritecore]) disables it and children
[27May2025 00:32:35.249] [main/WARN] [mixin/]: Error loading class: me/desht/pneumaticcraft/common/upgrades/PNCUpgradeImpl (java.lang.ClassNotFoundException: me.desht.pneumaticcraft.common.upgrades.PNCUpgradeImpl)
[27May2025 00:32:35.249] [main/WARN] [mixin/]: @Mixin target me.desht.pneumaticcraft.common.upgrades.PNCUpgradeImpl was not found ad_astra_giselle_addon.mixin.forge.common.json:pneumaticcraft.PNCUpgradeImplInject
[27May2025 00:32:35.350] [main/INFO] [com.cupboard.Cupboard/]: Loaded config for: recipeessentials.json
[27May2025 00:32:35.386] [main/INFO] [com.cupboard.Cupboard/]: Loaded config for: structureessentials.json
[27May2025 00:32:35.429] [main/ERROR] [net.minecraftforge.fml.loading.RuntimeDistCleaner/DISTXFORM]: Attempted to load class net/minecraft/client/gui/screens/Screen for invalid dist DEDICATED_SERVER
[27May2025 00:32:35.430] [main/WARN] [mixin/]: Error loading class: net/minecraft/client/gui/screens/Screen (java.lang.RuntimeException: Attempted to load class net/minecraft/client/gui/screens/Screen for invalid dist DEDICATED_SERVER)
[27May2025 00:32:35.430] [main/WARN] [mixin/]: @Mixin target net.minecraft.client.gui.screens.Screen was not found relics.mixins.json:ScreenMixin
[27May2025 00:32:36.069] [main/WARN] [mixin/]: Error loading class: dev/ftb/mods/ftbchunks/data/ClaimedChunkManagerImpl (java.lang.ClassNotFoundException: dev.ftb.mods.ftbchunks.data.ClaimedChunkManagerImpl)
[27May2025 00:32:36.070] [main/WARN] [mixin/]: @Mixin target dev.ftb.mods.ftbchunks.data.ClaimedChunkManagerImpl was not found doespotatotick.mixins.json:ClaimedChunkManagerAccessor
[27May2025 00:32:36.139] [main/WARN] [mixin/]: Error loading class: net/darkhax/darkutils/features/charms/CharmEffects (java.lang.ClassNotFoundException: net.darkhax.darkutils.features.charms.CharmEffects)
[27May2025 00:32:36.144] [main/WARN] [mixin/]: Error loading class: com/brandon3055/csg/ModEventHandler (java.lang.ClassNotFoundException: com.brandon3055.csg.ModEventHandler)
[27May2025 00:32:36.151] [main/WARN] [mixin/]: Error loading class: vazkii/quark/content/tweaks/module/AutomaticRecipeUnlockModule (java.lang.ClassNotFoundException: vazkii.quark.content.tweaks.module.AutomaticRecipeUnlockModule)
[27May2025 00:32:36.603] [main/INFO] [MixinExtras|Service/]: Initializing MixinExtras via com.llamalad7.mixinextras.service.MixinExtrasServiceImpl(version=0.4.1).
[27May2025 00:32:37.398] [main/WARN] [mixin/]: Static binding violation: PRIVATE @Overwrite method m_216202_ in modernfix-forge.mixins.json:perf.tag_id_caching.TagOrElementLocationMixin cannot reduce visibiliy of PUBLIC target method, visibility will be upgraded.
[27May2025 00:32:37.846] [main/INFO] [net.minecraft.server.Bootstrap/]: ModernFix reached bootstrap stage (20.60 s after launch)
[27May2025 00:32:38.085] [main/WARN] [mixin/]: @Final field delegatesByName:Ljava/util/Map; in modernfix-forge.mixins.json:perf.forge_registry_alloc.ForgeRegistryMixin should be final
[27May2025 00:32:38.086] [main/WARN] [mixin/]: @Final field delegatesByValue:Ljava/util/Map; in modernfix-forge.mixins.json:perf.forge_registry_alloc.ForgeRegistryMixin should be final
[27May2025 00:32:38.607] [main/INFO] [ModernFix/]: Injecting BlockStateBase cache population hook into getNeighborPathNodeType from me.jellysquid.mods.lithium.mixin.ai.pathing.AbstractBlockStateMixin
[27May2025 00:32:38.607] [main/INFO] [ModernFix/]: Injecting BlockStateBase cache population hook into getPathNodeType from me.jellysquid.mods.lithium.mixin.ai.pathing.AbstractBlockStateMixin
[27May2025 00:32:38.607] [main/INFO] [ModernFix/]: Injecting BlockStateBase cache population hook into getAllFlags from me.jellysquid.mods.lithium.mixin.util.block_tracking.AbstractBlockStateMixin
[27May2025 00:32:39.150] [main/INFO] [net.minecraftforge.coremod.CoreMod.placebo/COREMODLOG]: Patching IForgeItemStack#getEnchantmentLevel
[27May2025 00:32:39.151] [main/INFO] [net.minecraftforge.coremod.CoreMod.placebo/COREMODLOG]: Patching IForgeItemStack#getEnchantmentLevel
[27May2025 00:32:39.162] [main/INFO] [mixin/]: Mixing MixinLivingEntity from enigmaticlegacy.mixins.json into net.minecraft.world.entity.LivingEntity
[27May2025 00:32:39.405] [main/INFO] [mixin/]: Mixing MixinPlayer from enigmaticlegacy.mixins.json into net.minecraft.world.entity.player.Player
[27May2025 00:32:39.626] [main/INFO] [mixin/]: Mixing MixinMobEffect from enigmaticlegacy.mixins.json into net.minecraft.world.effect.MobEffect
[27May2025 00:32:40.827] [main/INFO] [mixin/]: Mixing MixinItemStack from enigmaticlegacy.mixins.json into net.minecraft.world.item.ItemStack
[27May2025 00:32:40.869] [main/INFO] [net.minecraftforge.coremod.CoreMod.placebo/COREMODLOG]: Patching IForgeItemStack#getEnchantmentLevel
[27May2025 00:32:40.870] [main/INFO] [net.minecraftforge.coremod.CoreMod.placebo/COREMODLOG]: Patching IForgeItemStack#getEnchantmentLevel
[27May2025 00:32:40.932] [main/INFO] [net.minecraft.server.Bootstrap/]: Vanilla bootstrap took 3082 milliseconds
[27May2025 00:32:41.679] [main/INFO] [mixin/]: Mixing AccessorAbstractArrowEntity from enigmaticlegacy.mixins.json into net.minecraft.world.entity.projectile.AbstractArrow
[27May2025 00:32:41.806] [main/INFO] [mixin/]: Mixing MixinEnchantmentContainer from enigmaticlegacy.mixins.json into net.minecraft.world.inventory.EnchantmentMenu
[27May2025 00:32:41.807] [main/INFO] [mixin/]: Renaming synthetic method lambda$onEnchantedItem$0(Lnet/minecraft/world/item/ItemStack;Lnet/minecraft/world/inventory/EnchantmentMenu;ILnet/minecraft/world/entity/player/Player;ILnet/minecraft/world/level/Level;Lnet/minecraft/core/BlockPos;)V to mdf93074$lambda$onEnchantedItem$0$0 in enigmaticlegacy.mixins.json:MixinEnchantmentContainer
[27May2025 00:32:42.498] [main/WARN] [mixin/]: @Inject(@At("INVOKE_ASSIGN")) Shift.BY=1 on palladiumcore-common.mixins.json:LightningBoltMixin::handler$bpj000$tick exceeds the maximum allowed value: 0. Increase the value of maxShiftBy to suppress this warning.
[27May2025 00:32:42.723] [main/INFO] [mixin/]: Mixing MixinEnderEyeItem from enigmaticlegacy.mixins.json into net.minecraft.world.item.EnderEyeItem
[27May2025 00:32:42.773] [main/INFO] [mixin/]: Mixing MixinCrossbowItem from enigmaticlegacy.mixins.json into net.minecraft.world.item.CrossbowItem
[27May2025 00:32:43.459] [main/INFO] [mixin/]: Mixing MixinEnderDragon from enigmaticlegacy.mixins.json into net.minecraft.world.entity.boss.enderdragon.EnderDragon
[27May2025 00:32:43.460] [main/INFO] [mixin/]: Renaming synthetic method lambda$onTickDeath$0(Lnet/minecraft/server/level/ServerPlayer;)V to mdf93074$lambda$onTickDeath$0$0 in enigmaticlegacy.mixins.json:MixinEnderDragon
[27May2025 00:32:43.901] [main/INFO] [mixin/]: Mixing MixinShulker from enigmaticlegacy.mixins.json into net.minecraft.world.entity.monster.Shulker
[27May2025 00:32:44.185] [main/INFO] [mixin/]: Mixing MixinVillagerEntity from enigmaticlegacy.mixins.json into net.minecraft.world.entity.npc.Villager
[27May2025 00:32:44.185] [main/INFO] [mixin/]: Mixing MixinVillager from enigmaticlegacy.mixins.json into net.minecraft.world.entity.npc.Villager
[27May2025 00:32:44.664] [main/INFO] [mixin/]: Mixing MixinBindingCurseEnchantment from enigmaticlegacy.mixins.json into net.minecraft.world.item.enchantment.BindingCurseEnchantment
[27May2025 00:32:45.638] [main/WARN] [mixin/]: Mixin alexscaves.mixins.json:SwampHutPieceMixin has multiple constructors, (Lnet/minecraft/world/level/levelgen/structure/pieces/StructurePieceType;IIIIIILnet/minecraft/core/Direction;)V was selected

[27May2025 00:32:45.876] [main/WARN] [mixin/]: Static binding violation: PRIVATE @Overwrite method m_47505_ in modernfix-common.mixins.json:perf.remove_biome_temperature_cache.BiomeMixin cannot reduce visibiliy of PUBLIC target method, visibility will be upgraded.
[27May2025 00:32:45.878] [main/WARN] [mixin/]: Method overwrite conflict for m_47505_ in lithium.mixins.json:world.temperature_cache.BiomeMixin, previously written by org.embeddedt.modernfix.common.mixin.perf.remove_biome_temperature_cache.BiomeMixin. Skipping method.
[27May2025 00:32:46.670] [modloading-worker-0/INFO] [mixin/]: Mixing MixinPlayerList from enigmaticlegacy.mixins.json into net.minecraft.server.players.PlayerList
[27May2025 00:32:46.713] [modloading-worker-0/INFO] [Puzzles Lib/]: Constructing common components for easyanvils:main
[27May2025 00:32:46.779] [modloading-worker-0/INFO] [MaxHealthFix/]: Loaded maxhealthfix for Forge.
[27May2025 00:32:47.358] [modloading-worker-0/INFO] [ironfurnaces.IronFurnaces/]: Initializing Update Checker...
[27May2025 00:32:47.370] [ Iron Furnaces Update Checker/INFO] [ironfurnaces.IronFurnaces/]: Starting Update Check...
[27May2025 00:32:47.388] [modloading-worker-0/INFO] [noisium/]: Loading Noisium.
[27May2025 00:32:47.428] [modloading-worker-0/WARN] [mixin/]: @Redirect conflict. Skipping recipeessentials.mixins.json:RecipeManagerMixin->@Redirect::logErrorOnce(Lorg/slf4j/Logger;Ljava/lang/String;Ljava/lang/Object;Ljava/lang/Object;)V with priority 200, already redirected by modernfix-forge.mixins.json:perf.datapack_reload_exceptions.RecipeManagerMixin->@Redirect::silenceException(Lorg/slf4j/Logger;Ljava/lang/String;Ljava/lang/Object;Ljava/lang/Object;)V with priority 2000
[27May2025 00:32:47.765] [modloading-worker-0/INFO] [com.jtorleonstudios.libraryferret.LibraryFerret/]: Initialize mod Library Ferret
[27May2025 00:32:47.801] [modloading-worker-0/INFO] [com.jtorleonstudios.libraryferret.LibraryFerret/]: Initialized mod Library Ferret
[27May2025 00:32:47.872] [modloading-worker-0/INFO] [net.minecraftforge.common.ForgeMod/FORGEMOD]: Forge mod loading, version 47.3.7, for MC 1.20.1 with MCP 20230612.114412
[27May2025 00:32:47.872] [modloading-worker-0/INFO] [net.minecraftforge.common.MinecraftForge/FORGE]: MinecraftForge v47.3.7 Initialized
[27May2025 00:32:47.991] [ Iron Furnaces Update Checker/INFO] [ironfurnaces.IronFurnaces/]: Update Check done!
[27May2025 00:32:47.992] [ Iron Furnaces Update Checker/INFO] [ironfurnaces.IronFurnaces/]: Iron Furnaces is up to date!
[27May2025 00:32:48.329] [modloading-worker-0/INFO] [Puzzles Lib/]: Constructing common components for puzzleslib:main
[27May2025 00:32:48.592] [modloading-worker-0/INFO] [zeta/]: Doing super early config setup for zeta
[27May2025 00:32:48.734] [modloading-worker-0/INFO] [thedarkcolour.kotlinforforge.test.KotlinForForge/]: Kotlin For Forge Enabled!
[27May2025 00:32:49.897] [modloading-worker-0/INFO] [Bookshelf/]: Fixing MC-151457. Crafting remainder for minecraft:pufferfish_bucket is now minecraft:bucket.
[27May2025 00:32:49.897] [modloading-worker-0/INFO] [Bookshelf/]: Fixing MC-151457. Crafting remainder for minecraft:salmon_bucket is now minecraft:bucket.
[27May2025 00:32:49.897] [modloading-worker-0/INFO] [Bookshelf/]: Fixing MC-151457. Crafting remainder for minecraft:cod_bucket is now minecraft:bucket.
[27May2025 00:32:49.898] [modloading-worker-0/INFO] [Bookshelf/]: Fixing MC-151457. Crafting remainder for minecraft:tropical_fish_bucket is now minecraft:bucket.
[27May2025 00:32:49.898] [modloading-worker-0/INFO] [Bookshelf/]: Fixing MC-151457. Crafting remainder for minecraft:axolotl_bucket is now minecraft:bucket.
[27May2025 00:32:49.899] [modloading-worker-0/INFO] [Bookshelf/]: Fixing MC-151457. Crafting remainder for minecraft:powder_snow_bucket is now minecraft:bucket.
[27May2025 00:32:49.899] [modloading-worker-0/INFO] [Bookshelf/]: Fixing MC-151457. Crafting remainder for minecraft:tadpole_bucket is now minecraft:bucket.
[27May2025 00:32:50.512] [modloading-worker-0/INFO] [mixin/]: Mixing MixinEnterBlockTrigger from enigmaticlegacy.mixins.json into net.minecraft.advancements.critereon.EnterBlockTrigger
[27May2025 00:32:50.522] [modloading-worker-0/INFO] [mixin/]: Mixing MixinInventoryChangeTrigger from enigmaticlegacy.mixins.json into net.minecraft.advancements.critereon.InventoryChangeTrigger
[27May2025 00:32:50.556] [modloading-worker-0/INFO] [mixin/]: Mixing MixinSummonedEntityTrigger from enigmaticlegacy.mixins.json into net.minecraft.advancements.critereon.SummonedEntityTrigger
[27May2025 00:32:50.736] [modloading-worker-0/INFO] [Collective/]: Loading Collective version 8.3.
[27May2025 00:32:50.747] [modloading-worker-0/INFO] [mixin/]: Mixing MixinEnchantmentHelper from enigmaticlegacy.mixins.json into net.minecraft.world.item.enchantment.EnchantmentHelper
[27May2025 00:32:50.938] [modloading-worker-0/INFO] [Enigmatic Legacy/INFO]: Constructing mod instance...
[27May2025 00:32:51.018] [modloading-worker-0/INFO] [dev.architectury.networking.forge.NetworkManagerImpl/]: Registering C2S receiver with id architectury:sync_ids
[27May2025 00:32:51.092] [modloading-worker-0/INFO] [com.cupboard.Cupboard/]: Loaded config for: cupboard.json
[27May2025 00:32:51.318] [modloading-worker-0/INFO] [fzzy_config/]: Loaded config :emi_loot_config in 904ms
[27May2025 00:32:51.420] [modloading-worker-0/INFO] [KubeJS/]: Loaded common.properties
[27May2025 00:32:51.423] [modloading-worker-0/INFO] [KubeJS/]: Loaded dev.properties
[27May2025 00:32:51.443] [modloading-worker-0/INFO] [KubeJS/]: Looking for KubeJS plugins...
[27May2025 00:32:51.448] [modloading-worker-0/INFO] [KubeJS/]: Found plugin source kubejs
[27May2025 00:32:51.458] [modloading-worker-0/WARN] [KubeJS/]: Plugin dev.latvian.mods.kubejs.forge.BuiltinKubeJSForgeClientPlugin does not load on server side, skipping
[27May2025 00:32:51.470] [modloading-worker-0/WARN] [KubeJS/]: Plugin dev.latvian.mods.kubejs.integration.forge.gamestages.GameStagesIntegration does not have required mod gamestages loaded, skipping
[27May2025 00:32:51.471] [modloading-worker-0/INFO] [KubeJS/]: Found plugin source palladium
[27May2025 00:32:51.551] [modloading-worker-0/INFO] [KubeJS/]: Found plugin source cucumber
[27May2025 00:32:51.556] [modloading-worker-0/INFO] [KubeJS/]: Done in 112.3 ms
[27May2025 00:32:51.671] [modloading-worker-0/INFO] [Enigmatic Legacy/INFO]: Mod instance constructed successfully.
[27May2025 00:32:51.745] [modloading-worker-0/INFO] [Puzzles Lib/]: Constructing common components for easymagic:main
[27May2025 00:32:51.753] [modloading-worker-0/INFO] [com.simibubi.create.Create/]: Create 6.0.4 initializing! Commit hash: 254bb816aee1c056c74b2ad4beb88222a499da78
[27May2025 00:32:51.816] [modloading-worker-0/INFO] [chloride/Main]: Chloride is not intended to be on servers, loaded in inner mode
[27May2025 00:32:52.055] [modloading-worker-0/INFO] [mixin/]: Mixing MixinForgeHooks from enigmaticlegacy.mixins.json into net.minecraftforge.common.ForgeHooks
[27May2025 00:32:52.170] [modloading-worker-0/INFO] [dev.architectury.networking.forge.NetworkManagerImpl/]: Registering C2S receiver with id artifacts:networking_channel/42a7ad70b1cc371599a0eff744096b8a
[27May2025 00:32:52.172] [modloading-worker-0/INFO] [dev.architectury.networking.forge.NetworkManagerImpl/]: Registering C2S receiver with id artifacts:networking_channel/74a5e841822a3a87854ae896a33430d6
[27May2025 00:32:52.173] [modloading-worker-0/INFO] [dev.architectury.networking.forge.NetworkManagerImpl/]: Registering C2S receiver with id artifacts:networking_channel/eb3d1e2748533430848cadf0f37c7e9c
[27May2025 00:32:52.179] [modloading-worker-0/INFO] [dev.architectury.networking.forge.NetworkManagerImpl/]: Registering C2S receiver with id artifacts:networking_channel/91c8520f19f93b3e8b6a727568e194ab
[27May2025 00:32:52.173] [modloading-worker-0/ERROR] [net.minecraft.server.packs.AbstractPackResources/]: Couldn't load pack metadata
com.google.gson.JsonSyntaxException: Missing pack_format, expected to find a Int
	at net.minecraft.util.GsonHelper.m_13927_(GsonHelper.java:277) ~[server-1.20.1-20230612.114412-srg.jar%23467!/:?]
	at net.minecraft.server.packs.metadata.pack.PackMetadataSectionSerializer.m_6322_(PackMetadataSectionSerializer.java:15) ~[server-1.20.1-20230612.114412-srg.jar%23467!/:?]
	at net.minecraft.server.packs.metadata.pack.PackMetadataSectionSerializer.m_6322_(PackMetadataSectionSerializer.java:9) ~[server-1.20.1-20230612.114412-srg.jar%23467!/:?]
	at net.minecraft.server.packs.AbstractPackResources.m_10214_(AbstractPackResources.java:52) ~[server-1.20.1-20230612.114412-srg.jar%23467!/:?]
	at net.minecraft.server.packs.AbstractPackResources.m_5550_(AbstractPackResources.java:33) ~[server-1.20.1-20230612.114412-srg.jar%23467!/:?]
	at net.minecraft.server.packs.repository.Pack.m_246334_(Pack.java:60) ~[server-1.20.1-20230612.114412-srg.jar%23467!/:?]
	at net.minecraft.server.packs.repository.Pack.m_245429_(Pack.java:35) ~[server-1.20.1-20230612.114412-srg.jar%23467!/:?]
	at net.threetag.palladium.addonpack.forge.AddonPackManagerImpl$ModPackSource.m_7686_(AddonPackManagerImpl.java:49) ~[palladium-4.2.1+1.20.1-forge.jar%23402!/:4.2.1+1.20.1]
	at net.minecraft.server.packs.repository.PackRepository.m_10526_(PackRepository.java:39) ~[server-1.20.1-20230612.114412-srg.jar%23467!/:?]
	at net.minecraft.server.packs.repository.PackRepository.m_10506_(PackRepository.java:31) ~[server-1.20.1-20230612.114412-srg.jar%23467!/:?]
	at dev.latvian.mods.kubejs.script.ScriptManager.handler$cah000$loadFromDirectory(ScriptManager.java:537) ~[kubejs-forge-2001.6.5-build.16.jar%23377!/:2001.6.5-build.16]
	at dev.latvian.mods.kubejs.script.ScriptManager.loadFromDirectory(ScriptManager.java:150) ~[kubejs-forge-2001.6.5-build.16.jar%23377!/:2001.6.5-build.16]
	at dev.latvian.mods.kubejs.script.ScriptManager.reload(ScriptManager.java:72) ~[kubejs-forge-2001.6.5-build.16.jar%23377!/:2001.6.5-build.16]
	at dev.latvian.mods.kubejs.KubeJS.<init>(KubeJS.java:137) ~[kubejs-forge-2001.6.5-build.16.jar%23377!/:2001.6.5-build.16]
	at dev.latvian.mods.kubejs.forge.KubeJSForge.<init>(KubeJSForge.java:51) ~[kubejs-forge-2001.6.5-build.16.jar%23377!/:2001.6.5-build.16]
	at jdk.internal.reflect.NativeConstructorAccessorImpl.newInstance0(Native Method) ~[?:?]
	at jdk.internal.reflect.NativeConstructorAccessorImpl.newInstance(NativeConstructorAccessorImpl.java:77) ~[?:?]
	at jdk.internal.reflect.DelegatingConstructorAccessorImpl.newInstance(DelegatingConstructorAccessorImpl.java:45) ~[?:?]
	at java.lang.reflect.Constructor.newInstanceWithCaller(Constructor.java:500) ~[?:?]
	at java.lang.reflect.Constructor.newInstance(Constructor.java:481) ~[?:?]
	at net.minecraftforge.fml.javafmlmod.FMLModContainer.constructMod(FMLModContainer.java:70) ~[javafmllanguage-1.20.1-47.3.7.jar%23469!/:?]
	at net.minecraftforge.fml.ModContainer.lambda$buildTransitionHandler$4(ModContainer.java:124) ~[fmlcore-1.20.1-47.3.7.jar%23468!/:?]
	at java.util.concurrent.CompletableFuture$AsyncRun.run(CompletableFuture.java:1804) ~[?:?]
	at java.util.concurrent.CompletableFuture$AsyncRun.exec(CompletableFuture.java:1796) ~[?:?]
	at java.util.concurrent.ForkJoinTask.doExec(ForkJoinTask.java:373) ~[?:?]
	at java.util.concurrent.ForkJoinPool$WorkQueue.topLevelExec(ForkJoinPool.java:1182) ~[?:?]
	at java.util.concurrent.ForkJoinPool.scan(ForkJoinPool.java:1655) ~[?:?]
	at java.util.concurrent.ForkJoinPool.runWorker(ForkJoinPool.java:1622) ~[?:?]
	at java.util.concurrent.ForkJoinWorkerThread.run(ForkJoinWorkerThread.java:165) ~[?:?]
[27May2025 00:32:52.182] [modloading-worker-0/WARN] [net.minecraft.server.packs.repository.Pack/]: Missing metadata in pack mod:minecraft
[27May2025 00:32:52.186] [modloading-worker-0/INFO] [dev.architectury.networking.forge.NetworkManagerImpl/]: Registering C2S receiver with id artifacts:networking_channel/8c2784d778293fd482ed84b8aa5fedb9
[27May2025 00:32:52.189] [modloading-worker-0/INFO] [dev.architectury.networking.forge.NetworkManagerImpl/]: Registering C2S receiver with id artifacts:networking_channel/ea038224ea783d40b2863f52239e2604
[27May2025 00:32:52.191] [modloading-worker-0/INFO] [dev.architectury.networking.forge.NetworkManagerImpl/]: Registering C2S receiver with id artifacts:networking_channel/97ad64b7ecaf33209991c4f031501a58
[27May2025 00:32:52.259] [modloading-worker-0/INFO] [Rhino Script Remapper/]: Loading Rhino Minecraft remapper...
[27May2025 00:32:52.261] [modloading-worker-0/INFO] [dev.latvian.mods.rhino.mod.util.RhinoProperties/]: Rhino properties loaded.
[27May2025 00:32:52.264] [modloading-worker-0/INFO] [Rhino Script Remapper/]: Loading mappings for 1.20.1
[27May2025 00:32:52.446] [modloading-worker-0/INFO] [Rhino Script Remapper/]: Done in 0.187 s
[27May2025 00:32:52.545] [modloading-worker-0/INFO] [coroutil/]: forge loader environment detected
[27May2025 00:32:53.083] [modloading-worker-0/INFO] [quark/]: Initializing TerraBlender underground biome compat
[27May2025 00:32:53.233] [modloading-worker-0/INFO] [KubeJS Startup/]: example.js#5: Hello, World! (Loaded startup scripts)
[27May2025 00:32:53.244] [modloading-worker-0/INFO] [KubeJS Startup/]: Loaded script startup_scripts:example.js in 0.122 s
[27May2025 00:32:53.266] [modloading-worker-0/INFO] [KubeJS Startup/]: Loaded script addonpack_alienevo:kubejs_scripts/workbench.js in 0.021 s
[27May2025 00:32:53.270] [modloading-worker-0/INFO] [KubeJS Startup/]: Loaded script addonpack_alienevo:kubejs_scripts/wall_run_up.js in 0.004 s
[27May2025 00:32:53.271] [modloading-worker-0/INFO] [KubeJS Startup/]: Loaded script addonpack_alienevo:kubejs_scripts/wall_run_down.js in 0.001 s
[27May2025 00:32:53.297] [modloading-worker-0/INFO] [KubeJS Startup/]: addonpack_alienevo:kubejs_scripts/wall_run.js#1: Loaded Java class 'net.minecraft.world.level.ClipContext'
[27May2025 00:32:53.304] [modloading-worker-0/INFO] [KubeJS Startup/]: addonpack_alienevo:kubejs_scripts/wall_run.js#51: Loaded Java class 'net.minecraft.network.protocol.game.ClientboundSetEntityMotionPacket'
[27May2025 00:32:53.304] [modloading-worker-0/INFO] [KubeJS Startup/]: Loaded script addonpack_alienevo:kubejs_scripts/wall_run.js in 0.032 s
[27May2025 00:32:53.326] [modloading-worker-0/INFO] [KubeJS Startup/]: Loaded script addonpack_alienevo:kubejs_scripts/wall_climb_small.js in 0.022 s
[27May2025 00:32:53.327] [modloading-worker-0/INFO] [KubeJS Startup/]: Loaded script addonpack_alienevo:kubejs_scripts/wall_climb_move_condition.js in 0.001 s
[27May2025 00:32:53.328] [modloading-worker-0/INFO] [KubeJS Startup/]: Loaded script addonpack_alienevo:kubejs_scripts/wall_climb_condition.js in 0.0 s
[27May2025 00:32:53.335] [modloading-worker-0/INFO] [KubeJS Startup/]: Loaded script addonpack_alienevo:kubejs_scripts/wall_climb.js in 0.006 s
[27May2025 00:32:53.353] [modloading-worker-0/INFO] [KubeJS Startup/]: Loaded script addonpack_alienevo:kubejs_scripts/transform.js in 0.018 s
[27May2025 00:32:53.382] [modloading-worker-0/INFO] [KubeJS Startup/]: Loaded script addonpack_alienevo:kubejs_scripts/store_armor.js in 0.029 s
[27May2025 00:32:53.393] [modloading-worker-0/INFO] [KubeJS Startup/]: Loaded script addonpack_alienevo:kubejs_scripts/stat_ability.js in 0.003 s
[27May2025 00:32:53.395] [modloading-worker-0/INFO] [KubeJS Startup/]: Loaded script addonpack_alienevo:kubejs_scripts/sounds.js in 0.001 s
[27May2025 00:32:53.396] [modloading-worker-0/INFO] [KubeJS Startup/]: Loaded script addonpack_alienevo:kubejs_scripts/secondary_uniform.js in 0.001 s
[27May2025 00:32:53.399] [modloading-worker-0/INFO] [KubeJS Startup/]: Loaded script addonpack_alienevo:kubejs_scripts/screen_shake.js in 0.003 s
[27May2025 00:32:53.434] [modloading-worker-0/INFO] [KubeJS Startup/]: Loaded script addonpack_alienevo:kubejs_scripts/quick_change_skill.js in 0.026 s
[27May2025 00:32:53.441] [modloading-worker-0/INFO] [KubeJS Startup/]: Loaded script addonpack_alienevo:kubejs_scripts/quick_change.js in 0.001 s
[27May2025 00:32:53.443] [modloading-worker-0/INFO] [KubeJS Startup/]: Loaded script addonpack_alienevo:kubejs_scripts/pyro_surf.js in 0.001 s
[27May2025 00:32:53.452] [modloading-worker-0/INFO] [KubeJS Startup/]: Loaded script addonpack_alienevo:kubejs_scripts/playlist_cycle.js in 0.002 s
[27May2025 00:32:53.479] [modloading-worker-0/INFO] [KubeJS Startup/]: Loaded script addonpack_alienevo:kubejs_scripts/omnitrix_timer.js in 0.026 s
[27May2025 00:32:53.483] [modloading-worker-0/INFO] [KubeJS Startup/]: Loaded script addonpack_alienevo:kubejs_scripts/omnitrix_cycle_animation.js in 0.004 s
[27May2025 00:32:53.496] [modloading-worker-0/INFO] [KubeJS Startup/]: Loaded script addonpack_alienevo:kubejs_scripts/omnitrix_cycle.js in 0.013 s
[27May2025 00:32:53.501] [modloading-worker-0/INFO] [KubeJS Startup/]: Loaded script addonpack_alienevo:kubejs_scripts/obtain_core_colors.js in 0.003 s
[27May2025 00:32:53.502] [modloading-worker-0/INFO] [KubeJS Startup/]: Loaded script addonpack_alienevo:kubejs_scripts/motion_water.js in 0.001 s
[27May2025 00:32:53.518] [modloading-worker-0/INFO] [KubeJS Startup/]: Loaded script addonpack_alienevo:kubejs_scripts/motion_dash.js in 0.016 s
[27May2025 00:32:53.519] [modloading-worker-0/INFO] [KubeJS Startup/]: Loaded script addonpack_alienevo:kubejs_scripts/motion.js in 0.001 s
[27May2025 00:32:53.520] [modloading-worker-0/INFO] [KubeJS Startup/]: Loaded script addonpack_alienevo:kubejs_scripts/main_uniform.js in 0.0 s
[27May2025 00:32:53.522] [modloading-worker-0/INFO] [KubeJS Startup/]: Loaded script addonpack_alienevo:kubejs_scripts/level.js in 0.002 s
[27May2025 00:32:53.523] [modloading-worker-0/INFO] [KubeJS Startup/]: Loaded script addonpack_alienevo:kubejs_scripts/is_alien.js in 0.001 s
[27May2025 00:32:53.531] [modloading-worker-0/INFO] [KubeJS Startup/]: Loaded script addonpack_alienevo:kubejs_scripts/infinity.js in 0.008 s
[27May2025 00:32:53.535] [modloading-worker-0/INFO] [KubeJS Startup/]: Loaded script addonpack_alienevo:kubejs_scripts/ice_layer.js in 0.003 s
[27May2025 00:32:53.536] [modloading-worker-0/INFO] [KubeJS Startup/]: Loaded script addonpack_alienevo:kubejs_scripts/hunger_fix.js in 0.001 s
[27May2025 00:32:53.551] [modloading-worker-0/INFO] [KubeJS Startup/]: Loaded script addonpack_alienevo:kubejs_scripts/goo_layer.js in 0.015 s
[27May2025 00:32:53.556] [modloading-worker-0/INFO] [KubeJS Startup/]: Loaded script addonpack_alienevo:kubejs_scripts/glow_crystals.js in 0.005 s
[27May2025 00:32:53.557] [modloading-worker-0/INFO] [KubeJS Startup/]: Loaded script addonpack_alienevo:kubejs_scripts/glow_color.js in 0.001 s
[27May2025 00:32:53.565] [modloading-worker-0/INFO] [KubeJS Startup/]: Loaded script addonpack_alienevo:kubejs_scripts/galvan_pod.js in 0.008 s
[27May2025 00:32:53.579] [modloading-worker-0/INFO] [KubeJS Startup/]: Loaded script addonpack_alienevo:kubejs_scripts/explosion.js in 0.014 s
[27May2025 00:32:53.582] [modloading-worker-0/INFO] [KubeJS Startup/]: Loaded script addonpack_alienevo:kubejs_scripts/entity_damage.js in 0.002 s
[27May2025 00:32:53.591] [modloading-worker-0/INFO] [KubeJS Startup/]: Loaded script addonpack_alienevo:kubejs_scripts/draganoid.js in 0.008 s
[27May2025 00:32:53.600] [modloading-worker-0/INFO] [KubeJS Startup/]: Loaded script addonpack_alienevo:kubejs_scripts/directional_damage.js in 0.009 s
[27May2025 00:32:53.608] [modloading-worker-0/INFO] [KubeJS Startup/]: addonpack_alienevo:kubejs_scripts/diamond_spikes.js#1: Loaded Java class 'net.minecraft.world.level.block.AmethystClusterBlock'
[27May2025 00:32:53.610] [modloading-worker-0/INFO] [KubeJS Startup/]: addonpack_alienevo:kubejs_scripts/diamond_spikes.js#2: Loaded Java class 'net.minecraft.world.level.block.state.BlockBehaviour$Properties'
[27May2025 00:32:53.610] [modloading-worker-0/INFO] [KubeJS Startup/]: addonpack_alienevo:kubejs_scripts/diamond_spikes.js#3: Loaded Java class 'net.minecraft.world.level.block.SoundType'
[27May2025 00:32:53.629] [modloading-worker-0/INFO] [KubeJS Startup/]: addonpack_alienevo:kubejs_scripts/diamond_spikes.js#4: Loaded Java class 'net.minecraft.world.item.BlockItem'
[27May2025 00:32:53.631] [modloading-worker-0/INFO] [KubeJS Startup/]: addonpack_alienevo:kubejs_scripts/diamond_spikes.js#5: Loaded Java class 'net.minecraft.world.item.Item$Properties'
[27May2025 00:32:53.631] [modloading-worker-0/INFO] [KubeJS Startup/]: Loaded script addonpack_alienevo:kubejs_scripts/diamond_spikes.js in 0.03 s
[27May2025 00:32:53.633] [modloading-worker-0/INFO] [KubeJS Startup/]: Loaded script addonpack_alienevo:kubejs_scripts/diamond_block.js in 0.002 s
[27May2025 00:32:53.639] [modloading-worker-0/INFO] [KubeJS Startup/]: Loaded script addonpack_alienevo:kubejs_scripts/detransform.js in 0.005 s
[27May2025 00:32:53.657] [modloading-worker-0/INFO] [KubeJS Startup/]: Loaded script addonpack_alienevo:kubejs_scripts/decouple.js in 0.017 s
[27May2025 00:32:53.658] [modloading-worker-0/INFO] [KubeJS Startup/]: Loaded script addonpack_alienevo:kubejs_scripts/damage_effect.js in 0.001 s
[27May2025 00:32:53.659] [modloading-worker-0/INFO] [quark-zeta/]: Discovered 164 modules to load.
[27May2025 00:32:53.659] [modloading-worker-0/INFO] [quark-zeta/]: Constructing module Abacus...
[27May2025 00:32:53.659] [modloading-worker-0/INFO] [KubeJS Startup/]: Loaded script addonpack_alienevo:kubejs_scripts/cycle_sounds.js in 0.001 s
[27May2025 00:32:53.666] [modloading-worker-0/INFO] [quark-zeta/]: Constructing module Adjustable Chat...
[27May2025 00:32:53.667] [modloading-worker-0/INFO] [quark-zeta/]: Constructing module Ambient Discs...
[27May2025 00:32:53.668] [modloading-worker-0/INFO] [quark-zeta/]: Constructing module Ancient Tomes...
[27May2025 00:32:53.675] [modloading-worker-0/INFO] [KubeJS Startup/]: Loaded script addonpack_alienevo:kubejs_scripts/core_removal.js in 0.016 s
[27May2025 00:32:53.685] [modloading-worker-0/INFO] [KubeJS Startup/]: Loaded script addonpack_alienevo:kubejs_scripts/color_modules.js in 0.01 s
[27May2025 00:32:53.686] [modloading-worker-0/INFO] [quark-zeta/]: Constructing module Ancient Wood...
[27May2025 00:32:53.689] [modloading-worker-0/INFO] [KubeJS Startup/]: Loaded script addonpack_alienevo:kubejs_scripts/codes.js in 0.004 s
[27May2025 00:32:53.694] [modloading-worker-0/INFO] [KubeJS Startup/]: Loaded script addonpack_alienevo:kubejs_scripts/charge_leap.js in 0.002 s
[27May2025 00:32:53.695] [modloading-worker-0/INFO] [KubeJS Startup/]: Loaded script addonpack_alienevo:kubejs_scripts/blocks.js in 0.0 s
[27May2025 00:32:53.703] [modloading-worker-0/INFO] [KubeJS Startup/]: Loaded script addonpack_alienevo:kubejs_scripts/behind.js in 0.005 s
[27May2025 00:32:53.709] [modloading-worker-0/INFO] [KubeJS Startup/]: addonpack_alienevo:kubejs_scripts/astro_powers.js#1: Loaded Java class 'net.minecraft.world.phys.Vec3'
[27May2025 00:32:53.709] [modloading-worker-0/INFO] [KubeJS Startup/]: Loaded script addonpack_alienevo:kubejs_scripts/astro_powers.js in 0.005 s
[27May2025 00:32:53.710] [modloading-worker-0/INFO] [KubeJS Startup/]: Loaded script addonpack_alienevo:kubejs_scripts/alien_codex.js in 0.001 s
[27May2025 00:32:53.711] [modloading-worker-0/INFO] [KubeJS Startup/]: Loaded script addonpack_alienevo:kubejs_scripts/alienevo_color_condition.js in 0.0 s
[27May2025 00:32:53.712] [modloading-worker-0/INFO] [KubeJS Startup/]: Loaded script addonpack_afomni:kubejs_scripts/new_ice_block.js in 0.001 s
[27May2025 00:32:53.713] [modloading-worker-0/INFO] [KubeJS Startup/]: Loaded script addonpack_afomni:kubejs_scripts/leap_vax.js in 0.001 s
[27May2025 00:32:53.713] [modloading-worker-0/INFO] [KubeJS Startup/]: Loaded script addonpack_afomni:kubejs_scripts/is_mainhand.js in 0.0 s
[27May2025 00:32:53.714] [modloading-worker-0/INFO] [KubeJS Startup/]: Loaded script addonpack_afomni:kubejs_scripts/freezing_effect.js in 0.0 s
[27May2025 00:32:53.715] [modloading-worker-0/INFO] [KubeJS Startup/]: Loaded script addonpack_afomni:kubejs_scripts/chroma_leap.js in 0.0 s
[27May2025 00:32:53.716] [modloading-worker-0/INFO] [KubeJS Startup/]: Loaded script addonpack_afomni:kubejs_scripts/aoe_damage.js in 0.001 s
[27May2025 00:32:53.722] [modloading-worker-0/INFO] [KubeJS Startup/]: Loaded 61/61 KubeJS startup scripts in 1.271 s with 0 errors and 0 warnings
[27May2025 00:32:53.725] [modloading-worker-0/INFO] [quark-zeta/]: Constructing module Armed Armor Stands...
[27May2025 00:32:53.726] [modloading-worker-0/INFO] [quark-zeta/]: Constructing module Auto Walk Keybind...
[27May2025 00:32:53.727] [modloading-worker-0/INFO] [quark-zeta/]: Constructing module Automatic Recipe Unlock...
[27May2025 00:32:53.728] [modloading-worker-0/INFO] [quark-zeta/]: Constructing module Automatic Tool Restock...
[27May2025 00:32:53.732] [modloading-worker-0/INFO] [quark-zeta/]: Constructing module Azalea Wood...
[27May2025 00:32:53.739] [modloading-worker-0/INFO] [quark-zeta/]: Constructing module Back Button Keybind...
[27May2025 00:32:53.740] [modloading-worker-0/INFO] [quark-zeta/]: Constructing module Backpack...
[27May2025 00:32:53.760] [modloading-worker-0/INFO] [quark-zeta/]: Constructing module Beacon Redirection...
[27May2025 00:32:53.761] [modloading-worker-0/INFO] [quark-zeta/]: Constructing module Better Elytra Rocket...
[27May2025 00:32:53.924] [modloading-worker-0/INFO] [quark-zeta/]: Constructing module Big Stone Clusters...
[27May2025 00:32:53.947] [modloading-worker-0/INFO] [quark-zeta/]: Constructing module Blossom Trees...
[27May2025 00:32:53.962] [modloading-worker-0/INFO] [quark-zeta/]: Constructing module Bottled Cloud...
[27May2025 00:32:53.973] [modloading-worker-0/INFO] [quark-zeta/]: Constructing module Buckets Show Inhabitants...
[27May2025 00:32:53.974] [modloading-worker-0/INFO] [quark-zeta/]: Constructing module Camera...
[27May2025 00:32:53.976] [modloading-worker-0/INFO] [quark-zeta/]: Constructing module Campfires Boost Elytra...
[27May2025 00:32:53.980] [modloading-worker-0/INFO] [quark-zeta/]: Constructing module Celebratory Lamps...
[27May2025 00:32:53.981] [modloading-worker-0/INFO] [quark-zeta/]: Constructing module Chains Connect Blocks...
[27May2025 00:32:53.983] [modloading-worker-0/INFO] [quark-zeta/]: Constructing module Chest Searching...
[27May2025 00:32:53.984] [modloading-worker-0/INFO] [quark-zeta/]: Constructing module Chorus Vegetation...
[27May2025 00:32:53.991] [modloading-worker-0/INFO] [quark-zeta/]: Constructing module Chute...
[27May2025 00:32:53.994] [modloading-worker-0/INFO] [quark-zeta/]: Constructing module Climate Control Remover...
[27May2025 00:32:54.003] [modloading-worker-0/INFO] [quark-zeta/]: Constructing module Color Runes...
[27May2025 00:32:54.007] [modloading-worker-0/INFO] [quark-zeta/]: Constructing module Compasses Work Everywhere...
[27May2025 00:32:54.008] [modloading-worker-0/INFO] [quark-zeta/]: Constructing module Compressed Blocks...
[27May2025 00:32:54.009] [modloading-worker-0/INFO] [quark-zeta/]: Constructing module Coral On Cactus...
[27May2025 00:32:54.018] [modloading-worker-0/INFO] [quark-zeta/]: Constructing module Corundum...
[27May2025 00:32:54.063] [modloading-worker-0/INFO] [quark-zeta/]: Constructing module Crabs...
[27May2025 00:32:54.069] [modloading-worker-0/INFO] [quark-zeta/]: Constructing module Crafter...
[27May2025 00:32:54.071] [modloading-worker-0/INFO] [quark-zeta/]: Constructing module Crate...
[27May2025 00:32:54.073] [modloading-worker-0/INFO] [quark-zeta/]: Constructing module Diamond Repair...
[27May2025 00:32:54.074] [modloading-worker-0/INFO] [quark-zeta/]: Constructing module Dispensers Place Blocks...
[27May2025 00:32:54.079] [modloading-worker-0/INFO] [quark-zeta/]: Constructing module Double Door Opening...
[27May2025 00:32:54.084] [modloading-worker-0/INFO] [quark-zeta/]: Constructing module Dragon Scales...
[27May2025 00:32:54.085] [modloading-worker-0/INFO] [quark-zeta/]: Constructing module Duskbound Blocks...
[27May2025 00:32:54.091] [modloading-worker-0/INFO] [quark-zeta/]: Constructing module Dyeable Item Frames...
[27May2025 00:32:54.094] [modloading-worker-0/INFO] [quark-zeta/]: Constructing module Easy Transfering...
[27May2025 00:32:54.099] [modloading-worker-0/INFO] [quark-zeta/]: Constructing module Elytra Indicator...
[27May2025 00:32:54.099] [modloading-worker-0/INFO] [quark-zeta/]: Constructing module Emotes...
[27May2025 00:32:54.100] [modloading-worker-0/INFO] [quark-zeta/]: Constructing module Enchantment Predicates...
[27May2025 00:32:54.100] [modloading-worker-0/INFO] [quark-zeta/]: Constructing module Enchantments Begone...
[27May2025 00:32:54.102] [modloading-worker-0/INFO] [quark-zeta/]: Constructing module Ender Watcher...
[27May2025 00:32:54.112] [modloading-worker-0/INFO] [quark-zeta/]: Constructing module Endermosh Music Disc...
[27May2025 00:32:54.114] [modloading-worker-0/INFO] [quark-zeta/]: Constructing module Enhanced Ladders...
[27May2025 00:32:54.115] [modloading-worker-0/INFO] [quark-zeta/]: Constructing module Expanded Item Interactions...
[27May2025 00:32:54.117] [modloading-worker-0/INFO] [quark-zeta/]: Constructing module Fairy Rings...
[27May2025 00:32:54.125] [modloading-worker-0/INFO] [quark-zeta/]: Constructing module Fallen Logs...
[27May2025 00:32:54.128] [modloading-worker-0/INFO] [quark-zeta/]: Constructing module Feeding Trough...
[27May2025 00:32:54.141] [modloading-worker-0/INFO] [quark-zeta/]: Constructing module Forgotten...
[27May2025 00:32:54.166] [modloading-worker-0/INFO] [quark-zeta/]: Constructing module Foxhound...
[27May2025 00:32:54.170] [modloading-worker-0/INFO] [quark-zeta/]: Constructing module Framed Glass...
[27May2025 00:32:54.172] [modloading-worker-0/INFO] [quark-zeta/]: Constructing module Game Nerfs...
[27May2025 00:32:54.175] [modloading-worker-0/INFO] [quark-zeta/]: Constructing module Glass Item Frame...
[27May2025 00:32:54.186] [modloading-worker-0/INFO] [quark-zeta/]: Constructing module Glass Shard...
[27May2025 00:32:54.189] [modloading-worker-0/INFO] [quark-zeta/]: Constructing module Glimmering Weald...
[27May2025 00:32:54.248] [modloading-worker-0/INFO] [quark-zeta/]: Constructing module Gold Bars...
[27May2025 00:32:54.252] [modloading-worker-0/INFO] [quark-zeta/]: Constructing module Gold Tools Have Fortune...
[27May2025 00:32:54.257] [modloading-worker-0/INFO] [quark-zeta/]: Constructing module Grab Chickens...
[27May2025 00:32:54.259] [modloading-worker-0/INFO] [quark-zeta/]: Constructing module Grate...
[27May2025 00:32:54.269] [modloading-worker-0/INFO] [quark-zeta/]: Constructing module Gravisand...
[27May2025 00:32:54.275] [modloading-worker-0/INFO] [quark-zeta/]: Constructing module Greener Grass...
[27May2025 00:32:54.283] [modloading-worker-0/INFO] [quark-zeta/]: Constructing module Hedges...
[27May2025 00:32:54.289] [modloading-worker-0/INFO] [quark-zeta/]: Constructing module Hoe Harvesting...
[27May2025 00:32:54.290] [modloading-worker-0/INFO] [quark-zeta/]: Constructing module Hollow Logs...
[27May2025 00:32:54.290] [modloading-worker-0/INFO] [quark-zeta/]: Constructing module Horses Swim...
[27May2025 00:32:54.291] [modloading-worker-0/INFO] [quark-zeta/]: Constructing module Hotbar Changer...
[27May2025 00:32:54.291] [modloading-worker-0/INFO] [quark-zeta/]: Constructing module Improved Sponges...
[27May2025 00:32:54.292] [modloading-worker-0/INFO] [quark-zeta/]: Constructing module Improved Tooltips...
[27May2025 00:32:54.292] [modloading-worker-0/INFO] [quark-zeta/]: Constructing module Industrial Palette...
[27May2025 00:32:54.295] [modloading-worker-0/INFO] [quark-zeta/]: Constructing module Inventory Sorting...
[27May2025 00:32:54.296] [modloading-worker-0/INFO] [quark-zeta/]: Constructing module Iron Rod...
[27May2025 00:32:54.306] [modloading-worker-0/INFO] [quark-zeta/]: Constructing module Item Sharing...
[27May2025 00:32:54.313] [modloading-worker-0/INFO] [quark-zeta/]: Constructing module Japanese Palette...
[27May2025 00:32:54.314] [modloading-worker-0/INFO] [quark-zeta/]: Constructing module Leaf Carpet...
[27May2025 00:32:54.314] [modloading-worker-0/INFO] [quark-zeta/]: Constructing module Lock Rotation...
[27May2025 00:32:54.315] [modloading-worker-0/INFO] [quark-zeta/]: Constructing module Long Range Pick Block...
[27May2025 00:32:54.316] [modloading-worker-0/INFO] [quark-zeta/]: Constructing module Magma Keeps Concrete Powder...
[27May2025 00:32:54.317] [modloading-worker-0/INFO] [quark-zeta/]: Constructing module Magnets...
[27May2025 00:32:54.333] [modloading-worker-0/INFO] [quark-zeta/]: Constructing module Map Washing...
[27May2025 00:32:54.337] [modloading-worker-0/INFO] [quark-zeta/]: Constructing module Matrix Enchanting...
[27May2025 00:32:54.368] [modloading-worker-0/INFO] [quark-zeta/]: Constructing module Metal Buttons...
[27May2025 00:32:54.370] [modloading-worker-0/INFO] [quark-zeta/]: Constructing module Microcrafting Helper...
[27May2025 00:32:54.371] [modloading-worker-0/INFO] [quark-zeta/]: Constructing module Midori...
[27May2025 00:32:54.374] [modloading-worker-0/INFO] [quark-zeta/]: Constructing module Monster Box...
[27May2025 00:32:54.374] [modloading-worker-0/INFO] [quark-zeta/]: Constructing module More Banner Layers...
[27May2025 00:32:54.375] [modloading-worker-0/INFO] [quark-zeta/]: Constructing module More Brick Types...
[27May2025 00:32:54.376] [modloading-worker-0/INFO] [quark-zeta/]: Constructing module More Mud Blocks...
[27May2025 00:32:54.380] [modloading-worker-0/INFO] [quark-zeta/]: Constructing module More Note Block Sounds...
[27May2025 00:32:54.380] [modloading-worker-0/INFO] [quark-zeta/]: Constructing module More Potted Plants...
[27May2025 00:32:54.381] [modloading-worker-0/INFO] [quark-zeta/]: Constructing module More Villagers...
[27May2025 00:32:54.382] [modloading-worker-0/INFO] [quark-zeta/]: Constructing module Narrator Readout...
[27May2025 00:32:54.383] [modloading-worker-0/INFO] [quark-zeta/]: Constructing module Nether Brick Fence Gate...
[27May2025 00:32:54.389] [modloading-worker-0/INFO] [quark-zeta/]: Constructing module Nether Obsidian Spikes...
[27May2025 00:32:54.391] [modloading-worker-0/INFO] [quark-zeta/]: Constructing module New Stone Types...
[27May2025 00:32:54.394] [modloading-worker-0/INFO] [quark-zeta/]: Constructing module No Durability On Cosmetics...
[27May2025 00:32:54.395] [modloading-worker-0/INFO] [quark-zeta/]: Constructing module No More Lava Pockets...
[27May2025 00:32:54.396] [modloading-worker-0/INFO] [quark-zeta/]: Constructing module Obsidian Plate...
[27May2025 00:32:54.396] [modloading-worker-0/INFO] [quark-zeta/]: Constructing module Overlay Shader...
[27May2025 00:32:54.397] [modloading-worker-0/INFO] [quark-zeta/]: Constructing module Parrot Eggs...
[27May2025 00:32:54.400] [modloading-worker-0/INFO] [quark-zeta/]: Constructing module Pat The Dogs...
[27May2025 00:32:54.402] [modloading-worker-0/INFO] [quark-zeta/]: Constructing module Pathfinder Maps...
[27May2025 00:32:54.412] [modloading-worker-0/INFO] [quark-zeta/]: Constructing module Permafrost...
[27May2025 00:32:54.414] [modloading-worker-0/INFO] [quark-zeta/]: Constructing module Petals On Water...
[27May2025 00:32:54.415] [modloading-worker-0/INFO] [quark-zeta/]: Constructing module Pickarang...
[27May2025 00:32:54.421] [modloading-worker-0/INFO] [quark-zeta/]: Constructing module Pig Litters...
[27May2025 00:32:54.424] [modloading-worker-0/INFO] [quark-zeta/]: Constructing module Pipes...
[27May2025 00:32:54.429] [modloading-worker-0/ERROR] [net.minecraftforge.fml.loading.RuntimeDistCleaner/DISTXFORM]: Attempted to load class net/minecraft/client/Minecraft for invalid dist DEDICATED_SERVER
[27May2025 00:32:54.433] [modloading-worker-0/INFO] [quark-zeta/]: Constructing module Pistons Move Tile Entities...
[27May2025 00:32:54.435] [modloading-worker-0/INFO] [quark-zeta/]: Constructing module Poison Potato Usage...
[27May2025 00:32:54.440] [modloading-worker-0/INFO] [quark-zeta/]: Constructing module Quick Armor Swapping...
[27May2025 00:32:54.441] [modloading-worker-0/INFO] [quark-zeta/]: Constructing module Rainbow Lamps...
[27May2025 00:32:54.441] [modloading-worker-0/INFO] [quark-zeta/]: Constructing module Raw Metal Bricks...
[27May2025 00:32:54.442] [modloading-worker-0/INFO] [quark-zeta/]: Constructing module Reacharound Placing...
[27May2025 00:32:54.443] [modloading-worker-0/INFO] [quark-zeta/]: Constructing module Redstone Randomizer...
[27May2025 00:32:54.446] [modloading-worker-0/INFO] [quark-zeta/]: Constructing module Renewable Spore Blossoms...
[27May2025 00:32:54.450] [modloading-worker-0/INFO] [quark-zeta/]: Constructing module Replace Scaffolding...
[27May2025 00:32:54.451] [modloading-worker-0/INFO] [quark-zeta/]: Constructing module Rope...
[27May2025 00:32:54.478] [modloading-worker-0/INFO] [quark-zeta/]: Constructing module Safer Creatures...
[27May2025 00:32:54.484] [modloading-worker-0/INFO] [quark-zeta/]: Constructing module Seed Pouch...
[27May2025 00:32:54.484] [modloading-worker-0/ERROR] [net.threetag.palladium.Palladium/]: Failed to register ability property "%s", type "%s" is not supported
[27May2025 00:32:54.487] [modloading-worker-0/INFO] [quark-zeta/]: Constructing module Shear Vines...
[27May2025 00:32:54.514] [modloading-worker-0/INFO] [quark-zeta/]: Constructing module Shiba...
[27May2025 00:32:54.520] [modloading-worker-0/INFO] [quark-zeta/]: Constructing module Shingles...
[27May2025 00:32:54.521] [modloading-worker-0/INFO] [quark-zeta/]: Constructing module Shulker Packing...
[27May2025 00:32:54.522] [modloading-worker-0/INFO] [quark-zeta/]: Constructing module Simple Harvest...
[27May2025 00:32:54.524] [modloading-worker-0/INFO] [quark-zeta/]: Constructing module Skull Pikes...
[27May2025 00:32:54.532] [modloading-worker-0/INFO] [dev.architectury.networking.forge.NetworkManagerImpl/]: Registering C2S receiver with id kubejs:send_data_from_client
[27May2025 00:32:54.526] [modloading-worker-0/INFO] [quark-zeta/]: Constructing module Slabs To Blocks...
[27May2025 00:32:54.540] [modloading-worker-0/INFO] [quark-zeta/]: Constructing module Slime In A Bucket...
[27May2025 00:32:54.543] [modloading-worker-0/INFO] [quark-zeta/]: Constructing module Slimes To Magma Cubes...
[27May2025 00:32:54.544] [modloading-worker-0/INFO] [quark-zeta/]: Constructing module Snow Golem Player Heads...
[27May2025 00:32:54.544] [modloading-worker-0/INFO] [quark-zeta/]: Constructing module Soul Candles...
[27May2025 00:32:54.545] [modloading-worker-0/INFO] [quark-zeta/]: Constructing module Soul Sandstone...
[27May2025 00:32:54.546] [modloading-worker-0/INFO] [dev.architectury.networking.forge.NetworkManagerImpl/]: Registering C2S receiver with id kubejs:first_click
[27May2025 00:32:54.545] [modloading-worker-0/INFO] [quark-zeta/]: Constructing module Spawner Replacer...
[27May2025 00:32:54.547] [modloading-worker-0/INFO] [quark-zeta/]: Constructing module Spiral Spires...
[27May2025 00:32:54.559] [modloading-worker-0/INFO] [quark-zeta/]: Constructing module Stonelings...
[27May2025 00:32:54.567] [modloading-worker-0/INFO] [quark-zeta/]: Constructing module Stools...
[27May2025 00:32:54.567] [modloading-worker-0/INFO] [quark-zeta/]: Constructing module Sturdy Stone...
[27May2025 00:32:54.569] [modloading-worker-0/INFO] [quark-zeta/]: Constructing module Thatch...
[27May2025 00:32:54.586] [modloading-worker-0/INFO] [quark-zeta/]: Constructing module Tiny Potato...
[27May2025 00:32:54.588] [modloading-worker-0/INFO] [quark-zeta/]: Constructing module Torch Arrow...
[27May2025 00:32:54.590] [modloading-worker-0/INFO] [quark-zeta/]: Constructing module Toretoise...
[27May2025 00:32:54.591] [modloading-worker-0/INFO] [quark-zeta/]: Constructing module Totem Of Holding...
[27May2025 00:32:54.593] [modloading-worker-0/INFO] [quark-zeta/]: Constructing module Trowel...
[27May2025 00:32:54.594] [modloading-worker-0/INFO] [quark-zeta/]: Constructing module Usage Ticker...
[27May2025 00:32:54.595] [modloading-worker-0/INFO] [quark-zeta/]: Constructing module Uses For Curses...
[27May2025 00:32:54.595] [modloading-worker-0/INFO] [quark-zeta/]: Constructing module Utility Recipes...
[27May2025 00:32:54.600] [modloading-worker-0/INFO] [quark-zeta/]: Constructing module Variant Animal Textures...
[27May2025 00:32:54.601] [modloading-worker-0/INFO] [quark-zeta/]: Constructing module Variant Bookshelves...
[27May2025 00:32:54.601] [modloading-worker-0/INFO] [quark-zeta/]: Constructing module Variant Chests...
[27May2025 00:32:54.628] [modloading-worker-0/INFO] [quark-zeta/]: Constructing module Variant Furnaces...
[27May2025 00:32:54.662] [modloading-worker-0/INFO] [quark-zeta/]: Constructing module Variant Ladders...
[27May2025 00:32:54.664] [modloading-worker-0/INFO] [quark-zeta/]: Constructing module Variant Selector...
[27May2025 00:32:54.676] [modloading-worker-0/INFO] [quark-zeta/]: Constructing module Vertical Planks...
[27May2025 00:32:54.678] [modloading-worker-0/INFO] [quark-zeta/]: Constructing module Vertical Slabs...
[27May2025 00:32:54.723] [modloading-worker-0/INFO] [quark-zeta/]: Constructing module Vexes Die With Their Masters...
[27May2025 00:32:54.725] [modloading-worker-0/INFO] [quark-zeta/]: Constructing module Villager Rerolling Rework...
[27May2025 00:32:54.734] [modloading-worker-0/INFO] [quark-zeta/]: Constructing module Villagers Follow Emeralds...
[27May2025 00:32:54.734] [modloading-worker-0/INFO] [quark-zeta/]: Constructing module Wooden Posts...
[27May2025 00:32:54.736] [modloading-worker-0/INFO] [quark-zeta/]: Constructing module Wool Shuts Up Minecarts...
[27May2025 00:32:54.737] [modloading-worker-0/INFO] [quark-zeta/]: Constructing module Wraith...
[27May2025 00:32:54.739] [modloading-worker-0/INFO] [quark-zeta/]: Constructing module Zombie Villagers On Normal...
[27May2025 00:32:54.739] [modloading-worker-0/INFO] [quark-zeta/]: Constructing module More Stone Variants...
[27May2025 00:32:54.740] [modloading-worker-0/INFO] [quark-zeta/]: Constructed 164 modules.
[27May2025 00:32:54.943] [modloading-worker-0/INFO] [quark-zeta/]: Doing super early config setup for quark
[27May2025 00:32:55.114] [modloading-worker-0/INFO] [me.treyruffy.betterf3.BetterF3Forge/]: [BetterF3] Starting...
[27May2025 00:32:55.114] [modloading-worker-0/WARN] [me.treyruffy.betterf3.BetterF3Forge/]: [BetterF3] Not supported on dedicated server!
[27May2025 00:32:55.116] [modloading-worker-0/INFO] [be.florens.expandability.ExpandAbility/]: ExpandAbility here, who dis?
[27May2025 00:32:55.825] [main/INFO] [net.threetag.palladium.Palladium/]: Starting addonpack initialisation...
[27May2025 00:32:55.832] [main/ERROR] [net.minecraft.server.packs.AbstractPackResources/]: Couldn't load pack metadata
com.google.gson.JsonSyntaxException: Missing pack_format, expected to find a Int
	at net.minecraft.util.GsonHelper.m_13927_(GsonHelper.java:277) ~[server-1.20.1-20230612.114412-srg.jar%23467!/:?]
	at net.minecraft.server.packs.metadata.pack.PackMetadataSectionSerializer.m_6322_(PackMetadataSectionSerializer.java:15) ~[server-1.20.1-20230612.114412-srg.jar%23467!/:?]
	at net.minecraft.server.packs.metadata.pack.PackMetadataSectionSerializer.m_6322_(PackMetadataSectionSerializer.java:9) ~[server-1.20.1-20230612.114412-srg.jar%23467!/:?]
	at net.minecraft.server.packs.AbstractPackResources.m_10214_(AbstractPackResources.java:52) ~[server-1.20.1-20230612.114412-srg.jar%23467!/:?]
	at net.minecraft.server.packs.AbstractPackResources.m_5550_(AbstractPackResources.java:33) ~[server-1.20.1-20230612.114412-srg.jar%23467!/:?]
	at net.minecraft.server.packs.repository.Pack.m_246334_(Pack.java:60) ~[server-1.20.1-20230612.114412-srg.jar%23467!/:?]
	at net.minecraft.server.packs.repository.Pack.m_245429_(Pack.java:35) ~[server-1.20.1-20230612.114412-srg.jar%23467!/:?]
	at net.threetag.palladium.addonpack.forge.AddonPackManagerImpl$ModPackSource.m_7686_(AddonPackManagerImpl.java:49) ~[palladium-4.2.1+1.20.1-forge.jar%23402!/:4.2.1+1.20.1]
	at net.minecraft.server.packs.repository.PackRepository.m_10526_(PackRepository.java:39) ~[server-1.20.1-20230612.114412-srg.jar%23467!/:?]
	at net.minecraft.server.packs.repository.PackRepository.m_10506_(PackRepository.java:31) ~[server-1.20.1-20230612.114412-srg.jar%23467!/:?]
	at net.threetag.palladium.addonpack.AddonPackManager.beginLoading(AddonPackManager.java:136) ~[palladium-4.2.1+1.20.1-forge.jar%23402!/:4.2.1+1.20.1]
	at net.threetag.palladium.addonpack.AddonPackManager.startLoading(AddonPackManager.java:54) ~[palladium-4.2.1+1.20.1-forge.jar%23402!/:4.2.1+1.20.1]
	at java.util.concurrent.CompletableFuture$AsyncRun.run(CompletableFuture.java:1804) ~[?:?]
	at net.minecraftforge.fml.DeferredWorkQueue.lambda$makeRunnable$2(DeferredWorkQueue.java:81) ~[fmlcore-1.20.1-47.3.7.jar%23468!/:?]
	at net.minecraftforge.fml.DeferredWorkQueue.makeRunnable(DeferredWorkQueue.java:76) ~[fmlcore-1.20.1-47.3.7.jar%23468!/:?]
	at net.minecraftforge.fml.DeferredWorkQueue.lambda$runTasks$0(DeferredWorkQueue.java:60) ~[fmlcore-1.20.1-47.3.7.jar%23468!/:?]
	at java.util.concurrent.ConcurrentLinkedDeque.forEach(ConcurrentLinkedDeque.java:1650) ~[?:?]
	at net.minecraftforge.fml.DeferredWorkQueue.runTasks(DeferredWorkQueue.java:60) ~[fmlcore-1.20.1-47.3.7.jar%23468!/:?]
	at net.minecraftforge.fml.core.ParallelTransition.lambda$finalActivityGenerator$2(ParallelTransition.java:35) ~[forge-1.20.1-47.3.7-universal.jar%23472!/:?]
	at java.util.concurrent.CompletableFuture$UniApply.tryFire(CompletableFuture.java:646) ~[?:?]
	at java.util.concurrent.CompletableFuture$Completion.run(CompletableFuture.java:482) ~[?:?]
	at net.minecraftforge.fml.ModWorkManager$SyncExecutor.driveOne(ModWorkManager.java:43) ~[fmlcore-1.20.1-47.3.7.jar%23468!/:?]
	at net.minecraftforge.fml.ModWorkManager$DrivenExecutor.drive(ModWorkManager.java:28) ~[fmlcore-1.20.1-47.3.7.jar%23468!/:?]
	at net.minecraftforge.fml.ModLoader.waitForTransition(ModLoader.java:224) ~[fmlcore-1.20.1-47.3.7.jar%23468!/:?]
	at net.minecraftforge.fml.ModLoader.lambda$dispatchAndHandleError$20(ModLoader.java:210) ~[fmlcore-1.20.1-47.3.7.jar%23468!/:?]
	at java.util.Optional.ifPresent(Optional.java:178) ~[?:?]
	at net.minecraftforge.fml.ModLoader.dispatchAndHandleError(ModLoader.java:210) ~[fmlcore-1.20.1-47.3.7.jar%23468!/:?]
	at net.minecraftforge.fml.ModLoader.lambda$gatherAndInitializeMods$13(ModLoader.java:183) ~[fmlcore-1.20.1-47.3.7.jar%23468!/:?]
	at java.lang.Iterable.forEach(Iterable.java:75) ~[?:?]
	at net.minecraftforge.fml.ModLoader.gatherAndInitializeMods(ModLoader.java:183) ~[fmlcore-1.20.1-47.3.7.jar%23468!/:?]
	at net.minecraftforge.server.loading.ServerModLoader.load(ServerModLoader.java:30) ~[forge-1.20.1-47.3.7-universal.jar%23472!/:?]
	at net.minecraft.server.Main.main(Main.java:125) ~[server-1.20.1-20230612.114412-srg.jar%23467!/:?]
	at jdk.internal.reflect.NativeMethodAccessorImpl.invoke0(Native Method) ~[?:?]
	at jdk.internal.reflect.NativeMethodAccessorImpl.invoke(NativeMethodAccessorImpl.java:77) ~[?:?]
	at jdk.internal.reflect.DelegatingMethodAccessorImpl.invoke(DelegatingMethodAccessorImpl.java:43) ~[?:?]
	at java.lang.reflect.Method.invoke(Method.java:569) ~[?:?]
	at net.minecraftforge.fml.loading.targets.CommonLaunchHandler.runTarget(CommonLaunchHandler.java:111) ~[fmlloader-1.20.1-47.3.7.jar%2369!/:?]
	at net.minecraftforge.fml.loading.targets.CommonLaunchHandler.serverService(CommonLaunchHandler.java:103) ~[fmlloader-1.20.1-47.3.7.jar%2369!/:?]
	at net.minecraftforge.fml.loading.targets.CommonServerLaunchHandler.lambda$makeService$0(CommonServerLaunchHandler.java:27) ~[fmlloader-1.20.1-47.3.7.jar%2369!/:?]
	at cpw.mods.modlauncher.LaunchServiceHandlerDecorator.launch(LaunchServiceHandlerDecorator.java:30) ~[modlauncher-10.0.9.jar%2355!/:?]
	at cpw.mods.modlauncher.LaunchServiceHandler.launch(LaunchServiceHandler.java:53) ~[modlauncher-10.0.9.jar%2355!/:?]
	at cpw.mods.modlauncher.LaunchServiceHandler.launch(LaunchServiceHandler.java:71) ~[modlauncher-10.0.9.jar%2355!/:?]
	at cpw.mods.modlauncher.Launcher.run(Launcher.java:108) ~[modlauncher-10.0.9.jar%2355!/:?]
	at cpw.mods.modlauncher.Launcher.main(Launcher.java:78) ~[modlauncher-10.0.9.jar%2355!/:?]
	at cpw.mods.modlauncher.BootstrapLaunchConsumer.accept(BootstrapLaunchConsumer.java:26) ~[modlauncher-10.0.9.jar%2355!/:?]
	at cpw.mods.modlauncher.BootstrapLaunchConsumer.accept(BootstrapLaunchConsumer.java:23) ~[modlauncher-10.0.9.jar%2355!/:?]
	at cpw.mods.bootstraplauncher.BootstrapLauncher.main(BootstrapLauncher.java:141) ~[bootstraplauncher-1.1.2.jar:?]
[27May2025 00:32:55.839] [main/WARN] [net.minecraft.server.packs.repository.Pack/]: Missing metadata in pack mod:minecraft
[27May2025 00:32:55.856] [main/INFO] [net.threetag.palladium.Palladium/]: Skipping mod:ad_astra as it's not been marked as an addonpack
[27May2025 00:32:55.856] [main/ERROR] [net.threetag.palladium.Palladium/]: Cannot invoke "net.threetag.palladium.addonpack.PackData.getId()" because "packData" is null
[27May2025 00:32:55.856] [main/INFO] [net.threetag.palladium.Palladium/]: Skipping mod:ad_astra_giselle_addon as it's not been marked as an addonpack
[27May2025 00:32:55.857] [main/ERROR] [net.threetag.palladium.Palladium/]: Cannot invoke "net.threetag.palladium.addonpack.PackData.getId()" because "packData" is null
[27May2025 00:32:55.857] [main/INFO] [net.threetag.palladium.Palladium/]: Skipping mod:additionalstructures as it's not been marked as an addonpack
[27May2025 00:32:55.857] [main/ERROR] [net.threetag.palladium.Palladium/]: Cannot invoke "net.threetag.palladium.addonpack.PackData.getId()" because "packData" is null
[27May2025 00:32:55.858] [main/INFO] [net.threetag.palladium.Palladium/]: Skipping mod:adtetra as it's not been marked as an addonpack
[27May2025 00:32:55.858] [main/ERROR] [net.threetag.palladium.Palladium/]: Cannot invoke "net.threetag.palladium.addonpack.PackData.getId()" because "packData" is null
[27May2025 00:32:55.858] [main/INFO] [net.threetag.palladium.Palladium/]: Skipping mod:advancementplaques as it's not been marked as an addonpack
[27May2025 00:32:55.858] [main/ERROR] [net.threetag.palladium.Palladium/]: Cannot invoke "net.threetag.palladium.addonpack.PackData.getId()" because "packData" is null
[27May2025 00:32:55.859] [main/INFO] [net.threetag.palladium.Palladium/]: Skipping mod:aiimprovements as it's not been marked as an addonpack
[27May2025 00:32:55.859] [main/ERROR] [net.threetag.palladium.Palladium/]: Cannot invoke "net.threetag.palladium.addonpack.PackData.getId()" because "packData" is null
[27May2025 00:32:55.859] [main/INFO] [net.threetag.palladium.Palladium/]: Skipping mod:alexscaves as it's not been marked as an addonpack
[27May2025 00:32:55.859] [main/ERROR] [net.threetag.palladium.Palladium/]: Cannot invoke "net.threetag.palladium.addonpack.PackData.getId()" because "packData" is null
[27May2025 00:32:55.860] [main/INFO] [net.threetag.palladium.Palladium/]: Skipping mod:alexsmobs as it's not been marked as an addonpack
[27May2025 00:32:55.860] [main/ERROR] [net.threetag.palladium.Palladium/]: Cannot invoke "net.threetag.palladium.addonpack.PackData.getId()" because "packData" is null
[27May2025 00:32:55.869] [main/INFO] [net.threetag.palladium.Palladium/]: Skipping mod:almanac as it's not been marked as an addonpack
[27May2025 00:32:55.870] [main/ERROR] [net.threetag.palladium.Palladium/]: Cannot invoke "net.threetag.palladium.addonpack.PackData.getId()" because "packData" is null
[27May2025 00:32:55.870] [main/INFO] [net.threetag.palladium.Palladium/]: Skipping mod:ambientsounds as it's not been marked as an addonpack
[27May2025 00:32:55.870] [main/ERROR] [net.threetag.palladium.Palladium/]: Cannot invoke "net.threetag.palladium.addonpack.PackData.getId()" because "packData" is null
[27May2025 00:32:55.871] [main/INFO] [net.threetag.palladium.Palladium/]: Skipping mod:appleskin as it's not been marked as an addonpack
[27May2025 00:32:55.871] [main/ERROR] [net.threetag.palladium.Palladium/]: Cannot invoke "net.threetag.palladium.addonpack.PackData.getId()" because "packData" is null
[27May2025 00:32:55.871] [main/INFO] [net.threetag.palladium.Palladium/]: Skipping mod:architectury as it's not been marked as an addonpack
[27May2025 00:32:55.872] [main/ERROR] [net.threetag.palladium.Palladium/]: Cannot invoke "net.threetag.palladium.addonpack.PackData.getId()" because "packData" is null
[27May2025 00:32:55.872] [main/INFO] [net.threetag.palladium.Palladium/]: Skipping mod:armageddon_mod as it's not been marked as an addonpack
[27May2025 00:32:55.872] [main/ERROR] [net.threetag.palladium.Palladium/]: Cannot invoke "net.threetag.palladium.addonpack.PackData.getId()" because "packData" is null
[27May2025 00:32:55.872] [main/INFO] [net.threetag.palladium.Palladium/]: Skipping mod:ars_nouveau as it's not been marked as an addonpack
[27May2025 00:32:55.873] [main/ERROR] [net.threetag.palladium.Palladium/]: Cannot invoke "net.threetag.palladium.addonpack.PackData.getId()" because "packData" is null
[27May2025 00:32:55.873] [main/INFO] [net.threetag.palladium.Palladium/]: Skipping mod:artifacts as it's not been marked as an addonpack
[27May2025 00:32:55.873] [main/ERROR] [net.threetag.palladium.Palladium/]: Cannot invoke "net.threetag.palladium.addonpack.PackData.getId()" because "packData" is null
[27May2025 00:32:55.874] [main/INFO] [net.threetag.palladium.Palladium/]: Skipping mod:attributefix as it's not been marked as an addonpack
[27May2025 00:32:55.874] [main/ERROR] [net.threetag.palladium.Palladium/]: Cannot invoke "net.threetag.palladium.addonpack.PackData.getId()" because "packData" is null
[27May2025 00:32:55.874] [main/INFO] [net.threetag.palladium.Palladium/]: Skipping mod:balm as it's not been marked as an addonpack
[27May2025 00:32:55.874] [main/ERROR] [net.threetag.palladium.Palladium/]: Cannot invoke "net.threetag.palladium.addonpack.PackData.getId()" because "packData" is null
[27May2025 00:32:55.875] [main/INFO] [net.threetag.palladium.Palladium/]: Skipping mod:beefix as it's not been marked as an addonpack
[27May2025 00:32:55.875] [main/ERROR] [net.threetag.palladium.Palladium/]: Cannot invoke "net.threetag.palladium.addonpack.PackData.getId()" because "packData" is null
[27May2025 00:32:55.875] [main/INFO] [net.threetag.palladium.Palladium/]: Skipping mod:better_totem_of_undying as it's not been marked as an addonpack
[27May2025 00:32:55.876] [main/ERROR] [net.threetag.palladium.Palladium/]: Cannot invoke "net.threetag.palladium.addonpack.PackData.getId()" because "packData" is null
[27May2025 00:32:55.876] [main/INFO] [net.threetag.palladium.Palladium/]: Skipping mod:betteradvancements as it's not been marked as an addonpack
[27May2025 00:32:55.876] [main/ERROR] [net.threetag.palladium.Palladium/]: Cannot invoke "net.threetag.palladium.addonpack.PackData.getId()" because "packData" is null
[27May2025 00:32:55.877] [main/INFO] [net.threetag.palladium.Palladium/]: Skipping mod:betterchunkloading as it's not been marked as an addonpack
[27May2025 00:32:55.877] [main/ERROR] [net.threetag.palladium.Palladium/]: Cannot invoke "net.threetag.palladium.addonpack.PackData.getId()" because "packData" is null
[27May2025 00:32:55.877] [main/INFO] [net.threetag.palladium.Palladium/]: Skipping mod:bettercombat as it's not been marked as an addonpack
[27May2025 00:32:55.877] [main/ERROR] [net.threetag.palladium.Palladium/]: Cannot invoke "net.threetag.palladium.addonpack.PackData.getId()" because "packData" is null
[27May2025 00:32:55.878] [main/INFO] [net.threetag.palladium.Palladium/]: Skipping mod:betterdeserttemples as it's not been marked as an addonpack
[27May2025 00:32:55.878] [main/ERROR] [net.threetag.palladium.Palladium/]: Cannot invoke "net.threetag.palladium.addonpack.PackData.getId()" because "packData" is null
[27May2025 00:32:55.878] [main/INFO] [net.threetag.palladium.Palladium/]: Skipping mod:betterdungeons as it's not been marked as an addonpack
[27May2025 00:32:55.879] [main/ERROR] [net.threetag.palladium.Palladium/]: Cannot invoke "net.threetag.palladium.addonpack.PackData.getId()" because "packData" is null
[27May2025 00:32:55.879] [main/INFO] [net.threetag.palladium.Palladium/]: Skipping mod:betterendisland as it's not been marked as an addonpack
[27May2025 00:32:55.879] [main/ERROR] [net.threetag.palladium.Palladium/]: Cannot invoke "net.threetag.palladium.addonpack.PackData.getId()" because "packData" is null
[27May2025 00:32:55.879] [main/INFO] [net.threetag.palladium.Palladium/]: Skipping mod:betterf3 as it's not been marked as an addonpack
[27May2025 00:32:55.880] [main/ERROR] [net.threetag.palladium.Palladium/]: Cannot invoke "net.threetag.palladium.addonpack.PackData.getId()" because "packData" is null
[27May2025 00:32:55.880] [main/INFO] [net.threetag.palladium.Palladium/]: Skipping mod:betterfortresses as it's not been marked as an addonpack
[27May2025 00:32:55.881] [main/ERROR] [net.threetag.palladium.Palladium/]: Cannot invoke "net.threetag.palladium.addonpack.PackData.getId()" because "packData" is null
[27May2025 00:32:55.881] [main/INFO] [net.threetag.palladium.Palladium/]: Skipping mod:betterjungletemples as it's not been marked as an addonpack
[27May2025 00:32:55.881] [main/ERROR] [net.threetag.palladium.Palladium/]: Cannot invoke "net.threetag.palladium.addonpack.PackData.getId()" because "packData" is null
[27May2025 00:32:55.881] [main/INFO] [net.threetag.palladium.Palladium/]: Skipping mod:bettermineshafts as it's not been marked as an addonpack
[27May2025 00:32:55.882] [main/ERROR] [net.threetag.palladium.Palladium/]: Cannot invoke "net.threetag.palladium.addonpack.PackData.getId()" because "packData" is null
[27May2025 00:32:55.882] [main/INFO] [net.threetag.palladium.Palladium/]: Skipping mod:betteroceanmonuments as it's not been marked as an addonpack
[27May2025 00:32:55.882] [main/ERROR] [net.threetag.palladium.Palladium/]: Cannot invoke "net.threetag.palladium.addonpack.PackData.getId()" because "packData" is null
[27May2025 00:32:55.883] [main/INFO] [net.threetag.palladium.Palladium/]: Skipping mod:betterstrongholds as it's not been marked as an addonpack
[27May2025 00:32:55.883] [main/ERROR] [net.threetag.palladium.Palladium/]: Cannot invoke "net.threetag.palladium.addonpack.PackData.getId()" because "packData" is null
[27May2025 00:32:55.883] [main/INFO] [net.threetag.palladium.Palladium/]: Skipping mod:betterthirdperson as it's not been marked as an addonpack
[27May2025 00:32:55.884] [main/ERROR] [net.threetag.palladium.Palladium/]: Cannot invoke "net.threetag.palladium.addonpack.PackData.getId()" because "packData" is null
[27May2025 00:32:55.884] [main/INFO] [net.threetag.palladium.Palladium/]: Skipping mod:betterwitchhuts as it's not been marked as an addonpack
[27May2025 00:32:55.884] [main/ERROR] [net.threetag.palladium.Palladium/]: Cannot invoke "net.threetag.palladium.addonpack.PackData.getId()" because "packData" is null
[27May2025 00:32:55.884] [main/INFO] [net.threetag.palladium.Palladium/]: Skipping mod:bookshelf as it's not been marked as an addonpack
[27May2025 00:32:55.885] [main/ERROR] [net.threetag.palladium.Palladium/]: Cannot invoke "net.threetag.palladium.addonpack.PackData.getId()" because "packData" is null
[27May2025 00:32:55.885] [main/INFO] [net.threetag.palladium.Palladium/]: Skipping mod:botarium as it's not been marked as an addonpack
[27May2025 00:32:55.886] [main/ERROR] [net.threetag.palladium.Palladium/]: Cannot invoke "net.threetag.palladium.addonpack.PackData.getId()" because "packData" is null
[27May2025 00:32:55.886] [main/INFO] [net.threetag.palladium.Palladium/]: Skipping mod:caelus as it's not been marked as an addonpack
[27May2025 00:32:55.886] [main/ERROR] [net.threetag.palladium.Palladium/]: Cannot invoke "net.threetag.palladium.addonpack.PackData.getId()" because "packData" is null
[27May2025 00:32:55.886] [main/INFO] [net.threetag.palladium.Palladium/]: Skipping mod:carryon as it's not been marked as an addonpack
[27May2025 00:32:55.887] [main/ERROR] [net.threetag.palladium.Palladium/]: Cannot invoke "net.threetag.palladium.addonpack.PackData.getId()" because "packData" is null
[27May2025 00:32:55.887] [main/INFO] [net.threetag.palladium.Palladium/]: Skipping mod:cataclysm as it's not been marked as an addonpack
[27May2025 00:32:55.887] [main/ERROR] [net.threetag.palladium.Palladium/]: Cannot invoke "net.threetag.palladium.addonpack.PackData.getId()" because "packData" is null
[27May2025 00:32:55.888] [main/INFO] [net.threetag.palladium.Palladium/]: Skipping mod:cerbons_api as it's not been marked as an addonpack
[27May2025 00:32:55.888] [main/ERROR] [net.threetag.palladium.Palladium/]: Cannot invoke "net.threetag.palladium.addonpack.PackData.getId()" because "packData" is null
[27May2025 00:32:55.888] [main/INFO] [net.threetag.palladium.Palladium/]: Skipping mod:chloride as it's not been marked as an addonpack
[27May2025 00:32:55.888] [main/ERROR] [net.threetag.palladium.Palladium/]: Cannot invoke "net.threetag.palladium.addonpack.PackData.getId()" because "packData" is null
[27May2025 00:32:55.889] [main/INFO] [net.threetag.palladium.Palladium/]: Skipping mod:chunksending as it's not been marked as an addonpack
[27May2025 00:32:55.889] [main/ERROR] [net.threetag.palladium.Palladium/]: Cannot invoke "net.threetag.palladium.addonpack.PackData.getId()" because "packData" is null
[27May2025 00:32:55.889] [main/INFO] [net.threetag.palladium.Palladium/]: Skipping mod:chunky as it's not been marked as an addonpack
[27May2025 00:32:55.890] [main/ERROR] [net.threetag.palladium.Palladium/]: Cannot invoke "net.threetag.palladium.addonpack.PackData.getId()" because "packData" is null
[27May2025 00:32:55.890] [main/INFO] [net.threetag.palladium.Palladium/]: Skipping mod:citadel as it's not been marked as an addonpack
[27May2025 00:32:55.890] [main/ERROR] [net.threetag.palladium.Palladium/]: Cannot invoke "net.threetag.palladium.addonpack.PackData.getId()" because "packData" is null
[27May2025 00:32:55.891] [main/INFO] [net.threetag.palladium.Palladium/]: Skipping mod:clickadv as it's not been marked as an addonpack
[27May2025 00:32:55.891] [main/ERROR] [net.threetag.palladium.Palladium/]: Cannot invoke "net.threetag.palladium.addonpack.PackData.getId()" because "packData" is null
[27May2025 00:32:55.891] [main/INFO] [net.threetag.palladium.Palladium/]: Skipping mod:cloth_config as it's not been marked as an addonpack
[27May2025 00:32:55.891] [main/ERROR] [net.threetag.palladium.Palladium/]: Cannot invoke "net.threetag.palladium.addonpack.PackData.getId()" because "packData" is null
[27May2025 00:32:55.892] [main/INFO] [net.threetag.palladium.Palladium/]: Skipping mod:clumps as it's not been marked as an addonpack
[27May2025 00:32:55.892] [main/ERROR] [net.threetag.palladium.Palladium/]: Cannot invoke "net.threetag.palladium.addonpack.PackData.getId()" because "packData" is null
[27May2025 00:32:55.892] [main/INFO] [net.threetag.palladium.Palladium/]: Skipping mod:collective as it's not been marked as an addonpack
[27May2025 00:32:55.892] [main/ERROR] [net.threetag.palladium.Palladium/]: Cannot invoke "net.threetag.palladium.addonpack.PackData.getId()" because "packData" is null
[27May2025 00:32:55.893] [main/INFO] [net.threetag.palladium.Palladium/]: Skipping mod:comforts as it's not been marked as an addonpack
[27May2025 00:32:55.893] [main/ERROR] [net.threetag.palladium.Palladium/]: Cannot invoke "net.threetag.palladium.addonpack.PackData.getId()" because "packData" is null
[27May2025 00:32:55.893] [main/INFO] [net.threetag.palladium.Palladium/]: Skipping mod:configlibtxf as it's not been marked as an addonpack
[27May2025 00:32:55.894] [main/ERROR] [net.threetag.palladium.Palladium/]: Cannot invoke "net.threetag.palladium.addonpack.PackData.getId()" because "packData" is null
[27May2025 00:32:55.894] [main/INFO] [net.threetag.palladium.Palladium/]: Skipping mod:connectivity as it's not been marked as an addonpack
[27May2025 00:32:55.894] [main/ERROR] [net.threetag.palladium.Palladium/]: Cannot invoke "net.threetag.palladium.addonpack.PackData.getId()" because "packData" is null
[27May2025 00:32:55.894] [main/INFO] [net.threetag.palladium.Palladium/]: Skipping mod:controlling as it's not been marked as an addonpack
[27May2025 00:32:55.895] [main/ERROR] [net.threetag.palladium.Palladium/]: Cannot invoke "net.threetag.palladium.addonpack.PackData.getId()" because "packData" is null
[27May2025 00:32:55.895] [main/INFO] [net.threetag.palladium.Palladium/]: Skipping mod:corgilib as it's not been marked as an addonpack
[27May2025 00:32:55.895] [main/ERROR] [net.threetag.palladium.Palladium/]: Cannot invoke "net.threetag.palladium.addonpack.PackData.getId()" because "packData" is null
[27May2025 00:32:55.896] [main/INFO] [net.threetag.palladium.Palladium/]: Skipping mod:coroutil as it's not been marked as an addonpack
[27May2025 00:32:55.896] [main/ERROR] [net.threetag.palladium.Palladium/]: Cannot invoke "net.threetag.palladium.addonpack.PackData.getId()" because "packData" is null
[27May2025 00:32:55.896] [main/INFO] [net.threetag.palladium.Palladium/]: Skipping mod:cosmeticarmorreworked as it's not been marked as an addonpack
[27May2025 00:32:55.896] [main/ERROR] [net.threetag.palladium.Palladium/]: Cannot invoke "net.threetag.palladium.addonpack.PackData.getId()" because "packData" is null
[27May2025 00:32:55.897] [main/INFO] [net.threetag.palladium.Palladium/]: Skipping mod:create as it's not been marked as an addonpack
[27May2025 00:32:55.897] [main/ERROR] [net.threetag.palladium.Palladium/]: Cannot invoke "net.threetag.palladium.addonpack.PackData.getId()" because "packData" is null
[27May2025 00:32:55.897] [main/INFO] [net.threetag.palladium.Palladium/]: Skipping mod:creativecore as it's not been marked as an addonpack
[27May2025 00:32:55.897] [main/ERROR] [net.threetag.palladium.Palladium/]: Cannot invoke "net.threetag.palladium.addonpack.PackData.getId()" because "packData" is null
[27May2025 00:32:55.898] [main/INFO] [net.threetag.palladium.Palladium/]: Skipping mod:creeperoverhaul as it's not been marked as an addonpack
[27May2025 00:32:55.898] [main/ERROR] [net.threetag.palladium.Palladium/]: Cannot invoke "net.threetag.palladium.addonpack.PackData.getId()" because "packData" is null
[27May2025 00:32:55.898] [main/INFO] [net.threetag.palladium.Palladium/]: Skipping mod:ctov as it's not been marked as an addonpack
[27May2025 00:32:55.899] [main/ERROR] [net.threetag.palladium.Palladium/]: Cannot invoke "net.threetag.palladium.addonpack.PackData.getId()" because "packData" is null
[27May2025 00:32:55.899] [main/INFO] [net.threetag.palladium.Palladium/]: Skipping mod:cucumber as it's not been marked as an addonpack
[27May2025 00:32:55.899] [main/ERROR] [net.threetag.palladium.Palladium/]: Cannot invoke "net.threetag.palladium.addonpack.PackData.getId()" because "packData" is null
[27May2025 00:32:55.899] [main/INFO] [net.threetag.palladium.Palladium/]: Skipping mod:cupboard as it's not been marked as an addonpack
[27May2025 00:32:55.900] [main/ERROR] [net.threetag.palladium.Palladium/]: Cannot invoke "net.threetag.palladium.addonpack.PackData.getId()" because "packData" is null
[27May2025 00:32:55.900] [main/INFO] [net.threetag.palladium.Palladium/]: Skipping mod:curios as it's not been marked as an addonpack
[27May2025 00:32:55.900] [main/ERROR] [net.threetag.palladium.Palladium/]: Cannot invoke "net.threetag.palladium.addonpack.PackData.getId()" because "packData" is null
[27May2025 00:32:55.900] [main/INFO] [net.threetag.palladium.Palladium/]: Skipping mod:cyclopscore as it's not been marked as an addonpack
[27May2025 00:32:55.901] [main/ERROR] [net.threetag.palladium.Palladium/]: Cannot invoke "net.threetag.palladium.addonpack.PackData.getId()" because "packData" is null
[27May2025 00:32:55.901] [main/INFO] [net.threetag.palladium.Palladium/]: Skipping mod:darktimer as it's not been marked as an addonpack
[27May2025 00:32:55.901] [main/ERROR] [net.threetag.palladium.Palladium/]: Cannot invoke "net.threetag.palladium.addonpack.PackData.getId()" because "packData" is null
[27May2025 00:32:55.902] [main/INFO] [net.threetag.palladium.Palladium/]: Skipping mod:despawn_tweaker as it's not been marked as an addonpack
[27May2025 00:32:55.902] [main/ERROR] [net.threetag.palladium.Palladium/]: Cannot invoke "net.threetag.palladium.addonpack.PackData.getId()" because "packData" is null
[27May2025 00:32:55.902] [main/INFO] [net.threetag.palladium.Palladium/]: Skipping mod:dimthread as it's not been marked as an addonpack
[27May2025 00:32:55.902] [main/ERROR] [net.threetag.palladium.Palladium/]: Cannot invoke "net.threetag.palladium.addonpack.PackData.getId()" because "packData" is null
[27May2025 00:32:55.903] [main/INFO] [net.threetag.palladium.Palladium/]: Skipping mod:doespotatotick as it's not been marked as an addonpack
[27May2025 00:32:55.903] [main/ERROR] [net.threetag.palladium.Palladium/]: Cannot invoke "net.threetag.palladium.addonpack.PackData.getId()" because "packData" is null
[27May2025 00:32:55.903] [main/INFO] [net.threetag.palladium.Palladium/]: Skipping mod:dungeons_arise as it's not been marked as an addonpack
[27May2025 00:32:55.904] [main/ERROR] [net.threetag.palladium.Palladium/]: Cannot invoke "net.threetag.palladium.addonpack.PackData.getId()" because "packData" is null
[27May2025 00:32:55.904] [main/INFO] [net.threetag.palladium.Palladium/]: Skipping mod:dungeons_enhanced as it's not been marked as an addonpack
[27May2025 00:32:55.904] [main/ERROR] [net.threetag.palladium.Palladium/]: Cannot invoke "net.threetag.palladium.addonpack.PackData.getId()" because "packData" is null
[27May2025 00:32:55.904] [main/INFO] [net.threetag.palladium.Palladium/]: Skipping mod:easyanvils as it's not been marked as an addonpack
[27May2025 00:32:55.905] [main/ERROR] [net.threetag.palladium.Palladium/]: Cannot invoke "net.threetag.palladium.addonpack.PackData.getId()" because "packData" is null
[27May2025 00:32:55.905] [main/INFO] [net.threetag.palladium.Palladium/]: Skipping mod:easymagic as it's not been marked as an addonpack
[27May2025 00:32:55.905] [main/ERROR] [net.threetag.palladium.Palladium/]: Cannot invoke "net.threetag.palladium.addonpack.PackData.getId()" because "packData" is null
[27May2025 00:32:55.906] [main/INFO] [net.threetag.palladium.Palladium/]: Skipping mod:elevatorid as it's not been marked as an addonpack
[27May2025 00:32:55.906] [main/ERROR] [net.threetag.palladium.Palladium/]: Cannot invoke "net.threetag.palladium.addonpack.PackData.getId()" because "packData" is null
[27May2025 00:32:55.906] [main/INFO] [net.threetag.palladium.Palladium/]: Skipping mod:emi as it's not been marked as an addonpack
[27May2025 00:32:55.906] [main/ERROR] [net.threetag.palladium.Palladium/]: Cannot invoke "net.threetag.palladium.addonpack.PackData.getId()" because "packData" is null
[27May2025 00:32:55.907] [main/INFO] [net.threetag.palladium.Palladium/]: Skipping mod:emi_loot as it's not been marked as an addonpack
[27May2025 00:32:55.907] [main/ERROR] [net.threetag.palladium.Palladium/]: Cannot invoke "net.threetag.palladium.addonpack.PackData.getId()" because "packData" is null
[27May2025 00:32:55.907] [main/INFO] [net.threetag.palladium.Palladium/]: Skipping mod:emitrades as it's not been marked as an addonpack
[27May2025 00:32:55.907] [main/ERROR] [net.threetag.palladium.Palladium/]: Cannot invoke "net.threetag.palladium.addonpack.PackData.getId()" because "packData" is null
[27May2025 00:32:55.908] [main/INFO] [net.threetag.palladium.Palladium/]: Skipping mod:enchdesc as it's not been marked as an addonpack
[27May2025 00:32:55.908] [main/ERROR] [net.threetag.palladium.Palladium/]: Cannot invoke "net.threetag.palladium.addonpack.PackData.getId()" because "packData" is null
[27May2025 00:32:55.908] [main/INFO] [net.threetag.palladium.Palladium/]: Skipping mod:endrem as it's not been marked as an addonpack
[27May2025 00:32:55.909] [main/ERROR] [net.threetag.palladium.Palladium/]: Cannot invoke "net.threetag.palladium.addonpack.PackData.getId()" because "packData" is null
[27May2025 00:32:55.909] [main/INFO] [net.threetag.palladium.Palladium/]: Skipping mod:enigmaticlegacy as it's not been marked as an addonpack
[27May2025 00:32:55.909] [main/ERROR] [net.threetag.palladium.Palladium/]: Cannot invoke "net.threetag.palladium.addonpack.PackData.getId()" because "packData" is null
[27May2025 00:32:55.909] [main/INFO] [net.threetag.palladium.Palladium/]: Skipping mod:entityculling as it's not been marked as an addonpack
[27May2025 00:32:55.910] [main/ERROR] [net.threetag.palladium.Palladium/]: Cannot invoke "net.threetag.palladium.addonpack.PackData.getId()" because "packData" is null
[27May2025 00:32:55.910] [main/INFO] [net.threetag.palladium.Palladium/]: Skipping mod:evilcraft as it's not been marked as an addonpack
[27May2025 00:32:55.910] [main/ERROR] [net.threetag.palladium.Palladium/]: Cannot invoke "net.threetag.palladium.addonpack.PackData.getId()" because "packData" is null
[27May2025 00:32:55.911] [main/INFO] [net.threetag.palladium.Palladium/]: Skipping mod:evilcraftcompat as it's not been marked as an addonpack
[27May2025 00:32:55.911] [main/ERROR] [net.threetag.palladium.Palladium/]: Cannot invoke "net.threetag.palladium.addonpack.PackData.getId()" because "packData" is null
[27May2025 00:32:55.911] [main/INFO] [net.threetag.palladium.Palladium/]: Skipping mod:expandability as it's not been marked as an addonpack
[27May2025 00:32:55.911] [main/ERROR] [net.threetag.palladium.Palladium/]: Cannot invoke "net.threetag.palladium.addonpack.PackData.getId()" because "packData" is null
[27May2025 00:32:55.912] [main/INFO] [net.threetag.palladium.Palladium/]: Skipping mod:explorify as it's not been marked as an addonpack
[27May2025 00:32:55.912] [main/ERROR] [net.threetag.palladium.Palladium/]: Cannot invoke "net.threetag.palladium.addonpack.PackData.getId()" because "packData" is null
[27May2025 00:32:55.912] [main/INFO] [net.threetag.palladium.Palladium/]: Skipping mod:farmersdelight as it's not been marked as an addonpack
[27May2025 00:32:55.912] [main/ERROR] [net.threetag.palladium.Palladium/]: Cannot invoke "net.threetag.palladium.addonpack.PackData.getId()" because "packData" is null
[27May2025 00:32:55.913] [main/INFO] [net.threetag.palladium.Palladium/]: Skipping mod:fastasyncworldsave as it's not been marked as an addonpack
[27May2025 00:32:55.913] [main/ERROR] [net.threetag.palladium.Palladium/]: Cannot invoke "net.threetag.palladium.addonpack.PackData.getId()" because "packData" is null
[27May2025 00:32:55.913] [main/INFO] [net.threetag.palladium.Palladium/]: Skipping mod:fastload as it's not been marked as an addonpack
[27May2025 00:32:55.913] [main/ERROR] [net.threetag.palladium.Palladium/]: Cannot invoke "net.threetag.palladium.addonpack.PackData.getId()" because "packData" is null
[27May2025 00:32:55.914] [main/INFO] [net.threetag.palladium.Palladium/]: Skipping mod:fastsuite as it's not been marked as an addonpack
[27May2025 00:32:55.914] [main/ERROR] [net.threetag.palladium.Palladium/]: Cannot invoke "net.threetag.palladium.addonpack.PackData.getId()" because "packData" is null
[27May2025 00:32:55.914] [main/INFO] [net.threetag.palladium.Palladium/]: Skipping mod:ferritecore as it's not been marked as an addonpack
[27May2025 00:32:55.914] [main/ERROR] [net.threetag.palladium.Palladium/]: Cannot invoke "net.threetag.palladium.addonpack.PackData.getId()" because "packData" is null
[27May2025 00:32:55.915] [main/INFO] [net.threetag.palladium.Palladium/]: Skipping mod:flib as it's not been marked as an addonpack
[27May2025 00:32:55.915] [main/ERROR] [net.threetag.palladium.Palladium/]: Cannot invoke "net.threetag.palladium.addonpack.PackData.getId()" because "packData" is null
[27May2025 00:32:55.915] [main/INFO] [net.threetag.palladium.Palladium/]: Skipping mod:flywheel as it's not been marked as an addonpack
[27May2025 00:32:55.915] [main/ERROR] [net.threetag.palladium.Palladium/]: Cannot invoke "net.threetag.palladium.addonpack.PackData.getId()" because "packData" is null
[27May2025 00:32:55.916] [main/INFO] [net.threetag.palladium.Palladium/]: Skipping mod:forge as it's not been marked as an addonpack
[27May2025 00:32:55.916] [main/ERROR] [net.threetag.palladium.Palladium/]: Cannot invoke "net.threetag.palladium.addonpack.PackData.getId()" because "packData" is null
[27May2025 00:32:55.916] [main/INFO] [net.threetag.palladium.Palladium/]: Skipping mod:framework as it's not been marked as an addonpack
[27May2025 00:32:55.916] [main/ERROR] [net.threetag.palladium.Palladium/]: Cannot invoke "net.threetag.palladium.addonpack.PackData.getId()" because "packData" is null
[27May2025 00:32:55.917] [main/INFO] [net.threetag.palladium.Palladium/]: Skipping mod:fzzy_config as it's not been marked as an addonpack
[27May2025 00:32:55.917] [main/ERROR] [net.threetag.palladium.Palladium/]: Cannot invoke "net.threetag.palladium.addonpack.PackData.getId()" because "packData" is null
[27May2025 00:32:55.917] [main/INFO] [net.threetag.palladium.Palladium/]: Skipping mod:gamemenumodoption as it's not been marked as an addonpack
[27May2025 00:32:55.917] [main/ERROR] [net.threetag.palladium.Palladium/]: Cannot invoke "net.threetag.palladium.addonpack.PackData.getId()" because "packData" is null
[27May2025 00:32:55.918] [main/INFO] [net.threetag.palladium.Palladium/]: Skipping mod:geckolib as it's not been marked as an addonpack
[27May2025 00:32:55.918] [main/ERROR] [net.threetag.palladium.Palladium/]: Cannot invoke "net.threetag.palladium.addonpack.PackData.getId()" because "packData" is null
[27May2025 00:32:55.918] [main/INFO] [net.threetag.palladium.Palladium/]: Skipping mod:gnumus as it's not been marked as an addonpack
[27May2025 00:32:55.919] [main/ERROR] [net.threetag.palladium.Palladium/]: Cannot invoke "net.threetag.palladium.addonpack.PackData.getId()" because "packData" is null
[27May2025 00:32:55.919] [main/INFO] [net.threetag.palladium.Palladium/]: Skipping mod:goblintraders as it's not been marked as an addonpack
[27May2025 00:32:55.919] [main/ERROR] [net.threetag.palladium.Palladium/]: Cannot invoke "net.threetag.palladium.addonpack.PackData.getId()" because "packData" is null
[27May2025 00:32:55.919] [main/INFO] [net.threetag.palladium.Palladium/]: Skipping mod:hoporp as it's not been marked as an addonpack
[27May2025 00:32:55.920] [main/ERROR] [net.threetag.palladium.Palladium/]: Cannot invoke "net.threetag.palladium.addonpack.PackData.getId()" because "packData" is null
[27May2025 00:32:55.920] [main/INFO] [net.threetag.palladium.Palladium/]: Skipping mod:iceberg as it's not been marked as an addonpack
[27May2025 00:32:55.920] [main/ERROR] [net.threetag.palladium.Palladium/]: Cannot invoke "net.threetag.palladium.addonpack.PackData.getId()" because "packData" is null
[27May2025 00:32:55.920] [main/INFO] [net.threetag.palladium.Palladium/]: Skipping mod:icterine as it's not been marked as an addonpack
[27May2025 00:32:55.921] [main/ERROR] [net.threetag.palladium.Palladium/]: Cannot invoke "net.threetag.palladium.addonpack.PackData.getId()" because "packData" is null
[27May2025 00:32:55.921] [main/INFO] [net.threetag.palladium.Palladium/]: Skipping mod:incendium as it's not been marked as an addonpack
[27May2025 00:32:55.921] [main/ERROR] [net.threetag.palladium.Palladium/]: Cannot invoke "net.threetag.palladium.addonpack.PackData.getId()" because "packData" is null
[27May2025 00:32:55.921] [main/INFO] [net.threetag.palladium.Palladium/]: Skipping mod:ironfurnaces as it's not been marked as an addonpack
[27May2025 00:32:55.922] [main/ERROR] [net.threetag.palladium.Palladium/]: Cannot invoke "net.threetag.palladium.addonpack.PackData.getId()" because "packData" is null
[27May2025 00:32:55.922] [main/INFO] [net.threetag.palladium.Palladium/]: Skipping mod:irons_spellbooks as it's not been marked as an addonpack
[27May2025 00:32:55.922] [main/ERROR] [net.threetag.palladium.Palladium/]: Cannot invoke "net.threetag.palladium.addonpack.PackData.getId()" because "packData" is null
[27May2025 00:32:55.923] [main/INFO] [net.threetag.palladium.Palladium/]: Skipping mod:jei as it's not been marked as an addonpack
[27May2025 00:32:55.923] [main/ERROR] [net.threetag.palladium.Palladium/]: Cannot invoke "net.threetag.palladium.addonpack.PackData.getId()" because "packData" is null
[27May2025 00:32:55.923] [main/INFO] [net.threetag.palladium.Palladium/]: Skipping mod:justleveling as it's not been marked as an addonpack
[27May2025 00:32:55.923] [main/ERROR] [net.threetag.palladium.Palladium/]: Cannot invoke "net.threetag.palladium.addonpack.PackData.getId()" because "packData" is null
[27May2025 00:32:55.924] [main/INFO] [net.threetag.palladium.Palladium/]: Skipping mod:kotlinforforge as it's not been marked as an addonpack
[27May2025 00:32:55.924] [main/ERROR] [net.threetag.palladium.Palladium/]: Cannot invoke "net.threetag.palladium.addonpack.PackData.getId()" because "packData" is null
[27May2025 00:32:55.924] [main/INFO] [net.threetag.palladium.Palladium/]: Skipping mod:kubejs as it's not been marked as an addonpack
[27May2025 00:32:55.925] [main/ERROR] [net.threetag.palladium.Palladium/]: Cannot invoke "net.threetag.palladium.addonpack.PackData.getId()" because "packData" is null
[27May2025 00:32:55.925] [main/INFO] [net.threetag.palladium.Palladium/]: Skipping mod:kuma_api as it's not been marked as an addonpack
[27May2025 00:32:55.925] [main/ERROR] [net.threetag.palladium.Palladium/]: Cannot invoke "net.threetag.palladium.addonpack.PackData.getId()" because "packData" is null
[27May2025 00:32:55.926] [main/INFO] [net.threetag.palladium.Palladium/]: Skipping mod:letmedespawn as it's not been marked as an addonpack
[27May2025 00:32:55.926] [main/ERROR] [net.threetag.palladium.Palladium/]: Cannot invoke "net.threetag.palladium.addonpack.PackData.getId()" because "packData" is null
[27May2025 00:32:55.926] [main/INFO] [net.threetag.palladium.Palladium/]: Skipping mod:libraryferret as it's not been marked as an addonpack
[27May2025 00:32:55.926] [main/ERROR] [net.threetag.palladium.Palladium/]: Cannot invoke "net.threetag.palladium.addonpack.PackData.getId()" because "packData" is null
[27May2025 00:32:55.927] [main/INFO] [net.threetag.palladium.Palladium/]: Skipping mod:limitedchunks as it's not been marked as an addonpack
[27May2025 00:32:55.927] [main/ERROR] [net.threetag.palladium.Palladium/]: Cannot invoke "net.threetag.palladium.addonpack.PackData.getId()" because "packData" is null
[27May2025 00:32:55.927] [main/INFO] [net.threetag.palladium.Palladium/]: Skipping mod:lionfishapi as it's not been marked as an addonpack
[27May2025 00:32:55.927] [main/ERROR] [net.threetag.palladium.Palladium/]: Cannot invoke "net.threetag.palladium.addonpack.PackData.getId()" because "packData" is null
[27May2025 00:32:55.928] [main/INFO] [net.threetag.palladium.Palladium/]: Skipping mod:lithostitched as it's not been marked as an addonpack
[27May2025 00:32:55.928] [main/ERROR] [net.threetag.palladium.Palladium/]: Cannot invoke "net.threetag.palladium.addonpack.PackData.getId()" because "packData" is null
[27May2025 00:32:55.928] [main/INFO] [net.threetag.palladium.Palladium/]: Skipping mod:lootr as it's not been marked as an addonpack
[27May2025 00:32:55.928] [main/ERROR] [net.threetag.palladium.Palladium/]: Cannot invoke "net.threetag.palladium.addonpack.PackData.getId()" because "packData" is null
[27May2025 00:32:55.929] [main/INFO] [net.threetag.palladium.Palladium/]: Skipping mod:maxhealthfix as it's not been marked as an addonpack
[27May2025 00:32:55.929] [main/ERROR] [net.threetag.palladium.Palladium/]: Cannot invoke "net.threetag.palladium.addonpack.PackData.getId()" because "packData" is null
[27May2025 00:32:55.929] [main/INFO] [net.threetag.palladium.Palladium/]: Skipping mod:mes as it's not been marked as an addonpack
[27May2025 00:32:55.929] [main/ERROR] [net.threetag.palladium.Palladium/]: Cannot invoke "net.threetag.palladium.addonpack.PackData.getId()" because "packData" is null
[27May2025 00:32:55.930] [main/INFO] [net.threetag.palladium.Palladium/]: Skipping mod:mixinextras as it's not been marked as an addonpack
[27May2025 00:32:55.930] [main/ERROR] [net.threetag.palladium.Palladium/]: Cannot invoke "net.threetag.palladium.addonpack.PackData.getId()" because "packData" is null
[27May2025 00:32:55.930] [main/INFO] [net.threetag.palladium.Palladium/]: Skipping mod:mixinsquared as it's not been marked as an addonpack
[27May2025 00:32:55.930] [main/ERROR] [net.threetag.palladium.Palladium/]: Cannot invoke "net.threetag.palladium.addonpack.PackData.getId()" because "packData" is null
[27May2025 00:32:55.931] [main/INFO] [net.threetag.palladium.Palladium/]: Skipping mod:mns as it's not been marked as an addonpack
[27May2025 00:32:55.931] [main/ERROR] [net.threetag.palladium.Palladium/]: Cannot invoke "net.threetag.palladium.addonpack.PackData.getId()" because "packData" is null
[27May2025 00:32:55.931] [main/INFO] [net.threetag.palladium.Palladium/]: Skipping mod:modernfix as it's not been marked as an addonpack
[27May2025 00:32:55.931] [main/ERROR] [net.threetag.palladium.Palladium/]: Cannot invoke "net.threetag.palladium.addonpack.PackData.getId()" because "packData" is null
[27May2025 00:32:55.932] [main/INFO] [net.threetag.palladium.Palladium/]: Skipping mod:moonlight as it's not been marked as an addonpack
[27May2025 00:32:55.932] [main/ERROR] [net.threetag.palladium.Palladium/]: Cannot invoke "net.threetag.palladium.addonpack.PackData.getId()" because "packData" is null
[27May2025 00:32:55.932] [main/INFO] [net.threetag.palladium.Palladium/]: Skipping mod:mowziesmobs as it's not been marked as an addonpack
[27May2025 00:32:55.932] [main/ERROR] [net.threetag.palladium.Palladium/]: Cannot invoke "net.threetag.palladium.addonpack.PackData.getId()" because "packData" is null
[27May2025 00:32:55.933] [main/INFO] [net.threetag.palladium.Palladium/]: Skipping mod:mr_dungeons_andtaverns as it's not been marked as an addonpack
[27May2025 00:32:55.933] [main/ERROR] [net.threetag.palladium.Palladium/]: Cannot invoke "net.threetag.palladium.addonpack.PackData.getId()" because "packData" is null
[27May2025 00:32:55.933] [main/INFO] [net.threetag.palladium.Palladium/]: Skipping mod:mr_dungeons_andtavernsancientcityoverhaul as it's not been marked as an addonpack
[27May2025 00:32:55.934] [main/ERROR] [net.threetag.palladium.Palladium/]: Cannot invoke "net.threetag.palladium.addonpack.PackData.getId()" because "packData" is null
[27May2025 00:32:55.934] [main/INFO] [net.threetag.palladium.Palladium/]: Skipping mod:mr_tidal_towns as it's not been marked as an addonpack
[27May2025 00:32:55.934] [main/ERROR] [net.threetag.palladium.Palladium/]: Cannot invoke "net.threetag.palladium.addonpack.PackData.getId()" because "packData" is null
[27May2025 00:32:55.935] [main/INFO] [net.threetag.palladium.Palladium/]: Skipping mod:mss as it's not been marked as an addonpack
[27May2025 00:32:55.935] [main/ERROR] [net.threetag.palladium.Palladium/]: Cannot invoke "net.threetag.palladium.addonpack.PackData.getId()" because "packData" is null
[27May2025 00:32:55.935] [main/INFO] [net.threetag.palladium.Palladium/]: Skipping mod:mutil as it's not been marked as an addonpack
[27May2025 00:32:55.936] [main/ERROR] [net.threetag.palladium.Palladium/]: Cannot invoke "net.threetag.palladium.addonpack.PackData.getId()" because "packData" is null
[27May2025 00:32:55.936] [main/INFO] [net.threetag.palladium.Palladium/]: Skipping mod:mvs as it's not been marked as an addonpack
[27May2025 00:32:55.936] [main/ERROR] [net.threetag.palladium.Palladium/]: Cannot invoke "net.threetag.palladium.addonpack.PackData.getId()" because "packData" is null
[27May2025 00:32:55.936] [main/INFO] [net.threetag.palladium.Palladium/]: Skipping mod:mynethersdelight as it's not been marked as an addonpack
[27May2025 00:32:55.937] [main/ERROR] [net.threetag.palladium.Palladium/]: Cannot invoke "net.threetag.palladium.addonpack.PackData.getId()" because "packData" is null
[27May2025 00:32:55.937] [main/INFO] [net.threetag.palladium.Palladium/]: Skipping mod:myserveriscompatible as it's not been marked as an addonpack
[27May2025 00:32:55.937] [main/ERROR] [net.threetag.palladium.Palladium/]: Cannot invoke "net.threetag.palladium.addonpack.PackData.getId()" because "packData" is null
[27May2025 00:32:55.938] [main/INFO] [net.threetag.palladium.Palladium/]: Skipping mod:nerb as it's not been marked as an addonpack
[27May2025 00:32:55.938] [main/ERROR] [net.threetag.palladium.Palladium/]: Cannot invoke "net.threetag.palladium.addonpack.PackData.getId()" because "packData" is null
[27May2025 00:32:55.938] [main/INFO] [net.threetag.palladium.Palladium/]: Skipping mod:netherportalfix as it's not been marked as an addonpack
[27May2025 00:32:55.938] [main/ERROR] [net.threetag.palladium.Palladium/]: Cannot invoke "net.threetag.palladium.addonpack.PackData.getId()" because "packData" is null
[27May2025 00:32:55.939] [main/INFO] [net.threetag.palladium.Palladium/]: Skipping mod:noisium as it's not been marked as an addonpack
[27May2025 00:32:55.939] [main/ERROR] [net.threetag.palladium.Palladium/]: Cannot invoke "net.threetag.palladium.addonpack.PackData.getId()" because "packData" is null
[27May2025 00:32:55.939] [main/INFO] [net.threetag.palladium.Palladium/]: Skipping mod:notenoughanimations as it's not been marked as an addonpack
[27May2025 00:32:55.940] [main/ERROR] [net.threetag.palladium.Palladium/]: Cannot invoke "net.threetag.palladium.addonpack.PackData.getId()" because "packData" is null
[27May2025 00:32:55.940] [main/INFO] [net.threetag.palladium.Palladium/]: Skipping mod:nullscape as it's not been marked as an addonpack
[27May2025 00:32:55.940] [main/ERROR] [net.threetag.palladium.Palladium/]: Cannot invoke "net.threetag.palladium.addonpack.PackData.getId()" because "packData" is null
[27May2025 00:32:55.940] [main/INFO] [net.threetag.palladium.Palladium/]: Skipping mod:octolib as it's not been marked as an addonpack
[27May2025 00:32:55.941] [main/ERROR] [net.threetag.palladium.Palladium/]: Cannot invoke "net.threetag.palladium.addonpack.PackData.getId()" because "packData" is null
[27May2025 00:32:55.941] [main/INFO] [net.threetag.palladium.Palladium/]: Skipping mod:palladium as it's not been marked as an addonpack
[27May2025 00:32:55.941] [main/ERROR] [net.threetag.palladium.Palladium/]: Cannot invoke "net.threetag.palladium.addonpack.PackData.getId()" because "packData" is null
[27May2025 00:32:55.941] [main/INFO] [net.threetag.palladium.Palladium/]: Skipping mod:palladiumcore as it's not been marked as an addonpack
[27May2025 00:32:55.941] [main/ERROR] [net.threetag.palladium.Palladium/]: Cannot invoke "net.threetag.palladium.addonpack.PackData.getId()" because "packData" is null
[27May2025 00:32:55.942] [main/INFO] [net.threetag.palladium.Palladium/]: Skipping mod:paraglider as it's not been marked as an addonpack
[27May2025 00:32:55.942] [main/ERROR] [net.threetag.palladium.Palladium/]: Cannot invoke "net.threetag.palladium.addonpack.PackData.getId()" because "packData" is null
[27May2025 00:32:55.942] [main/INFO] [net.threetag.palladium.Palladium/]: Skipping mod:passiveshield as it's not been marked as an addonpack
[27May2025 00:32:55.942] [main/ERROR] [net.threetag.palladium.Palladium/]: Cannot invoke "net.threetag.palladium.addonpack.PackData.getId()" because "packData" is null
[27May2025 00:32:55.942] [main/INFO] [net.threetag.palladium.Palladium/]: Skipping mod:patchouli as it's not been marked as an addonpack
[27May2025 00:32:55.943] [main/ERROR] [net.threetag.palladium.Palladium/]: Cannot invoke "net.threetag.palladium.addonpack.PackData.getId()" because "packData" is null
[27May2025 00:32:55.943] [main/INFO] [net.threetag.palladium.Palladium/]: Skipping mod:pehkui as it's not been marked as an addonpack
[27May2025 00:32:55.943] [main/ERROR] [net.threetag.palladium.Palladium/]: Cannot invoke "net.threetag.palladium.addonpack.PackData.getId()" because "packData" is null
[27May2025 00:32:55.943] [main/INFO] [net.threetag.palladium.Palladium/]: Skipping mod:placebo as it's not been marked as an addonpack
[27May2025 00:32:55.943] [main/ERROR] [net.threetag.palladium.Palladium/]: Cannot invoke "net.threetag.palladium.addonpack.PackData.getId()" because "packData" is null
[27May2025 00:32:55.943] [main/INFO] [net.threetag.palladium.Palladium/]: Skipping mod:playeranimator as it's not been marked as an addonpack
[27May2025 00:32:55.944] [main/ERROR] [net.threetag.palladium.Palladium/]: Cannot invoke "net.threetag.palladium.addonpack.PackData.getId()" because "packData" is null
[27May2025 00:32:55.944] [main/INFO] [net.threetag.palladium.Palladium/]: Skipping mod:polymorph as it's not been marked as an addonpack
[27May2025 00:32:55.944] [main/ERROR] [net.threetag.palladium.Palladium/]: Cannot invoke "net.threetag.palladium.addonpack.PackData.getId()" because "packData" is null
[27May2025 00:32:55.944] [main/INFO] [net.threetag.palladium.Palladium/]: Skipping mod:ponder as it's not been marked as an addonpack
[27May2025 00:32:55.944] [main/ERROR] [net.threetag.palladium.Palladium/]: Cannot invoke "net.threetag.palladium.addonpack.PackData.getId()" because "packData" is null
[27May2025 00:32:55.945] [main/INFO] [net.threetag.palladium.Palladium/]: Skipping mod:puzzlesaccessapi as it's not been marked as an addonpack
[27May2025 00:32:55.945] [main/ERROR] [net.threetag.palladium.Palladium/]: Cannot invoke "net.threetag.palladium.addonpack.PackData.getId()" because "packData" is null
[27May2025 00:32:55.945] [main/INFO] [net.threetag.palladium.Palladium/]: Skipping mod:puzzleslib as it's not been marked as an addonpack
[27May2025 00:32:55.945] [main/ERROR] [net.threetag.palladium.Palladium/]: Cannot invoke "net.threetag.palladium.addonpack.PackData.getId()" because "packData" is null
[27May2025 00:32:55.945] [main/INFO] [net.threetag.palladium.Palladium/]: Skipping mod:quark as it's not been marked as an addonpack
[27May2025 00:32:55.946] [main/ERROR] [net.threetag.palladium.Palladium/]: Cannot invoke "net.threetag.palladium.addonpack.PackData.getId()" because "packData" is null
[27May2025 00:32:55.946] [main/INFO] [net.threetag.palladium.Palladium/]: Skipping mod:radium as it's not been marked as an addonpack
[27May2025 00:32:55.946] [main/ERROR] [net.threetag.palladium.Palladium/]: Cannot invoke "net.threetag.palladium.addonpack.PackData.getId()" because "packData" is null
[27May2025 00:32:55.946] [main/INFO] [net.threetag.palladium.Palladium/]: Skipping mod:recipeessentials as it's not been marked as an addonpack
[27May2025 00:32:55.946] [main/ERROR] [net.threetag.palladium.Palladium/]: Cannot invoke "net.threetag.palladium.addonpack.PackData.getId()" because "packData" is null
[27May2025 00:32:55.946] [main/INFO] [net.threetag.palladium.Palladium/]: Skipping mod:relics as it's not been marked as an addonpack
[27May2025 00:32:55.947] [main/ERROR] [net.threetag.palladium.Palladium/]: Cannot invoke "net.threetag.palladium.addonpack.PackData.getId()" because "packData" is null
[27May2025 00:32:55.947] [main/INFO] [net.threetag.palladium.Palladium/]: Skipping mod:resourcefulconfig as it's not been marked as an addonpack
[27May2025 00:32:55.947] [main/ERROR] [net.threetag.palladium.Palladium/]: Cannot invoke "net.threetag.palladium.addonpack.PackData.getId()" because "packData" is null
[27May2025 00:32:55.947] [main/INFO] [net.threetag.palladium.Palladium/]: Skipping mod:resourcefullib as it's not been marked as an addonpack
[27May2025 00:32:55.947] [main/ERROR] [net.threetag.palladium.Palladium/]: Cannot invoke "net.threetag.palladium.addonpack.PackData.getId()" because "packData" is null
[27May2025 00:32:55.948] [main/INFO] [net.threetag.palladium.Palladium/]: Skipping mod:rhino as it's not been marked as an addonpack
[27May2025 00:32:55.948] [main/ERROR] [net.threetag.palladium.Palladium/]: Cannot invoke "net.threetag.palladium.addonpack.PackData.getId()" because "packData" is null
[27May2025 00:32:55.948] [main/INFO] [net.threetag.palladium.Palladium/]: Skipping mod:runecraft_metals_of_gielinor as it's not been marked as an addonpack
[27May2025 00:32:55.948] [main/ERROR] [net.threetag.palladium.Palladium/]: Cannot invoke "net.threetag.palladium.addonpack.PackData.getId()" because "packData" is null
[27May2025 00:32:55.948] [main/INFO] [net.threetag.palladium.Palladium/]: Skipping mod:saturn as it's not been marked as an addonpack
[27May2025 00:32:55.948] [main/ERROR] [net.threetag.palladium.Palladium/]: Cannot invoke "net.threetag.palladium.addonpack.PackData.getId()" because "packData" is null
[27May2025 00:32:55.949] [main/INFO] [net.threetag.palladium.Palladium/]: Skipping mod:scalinghealth as it's not been marked as an addonpack
[27May2025 00:32:55.949] [main/ERROR] [net.threetag.palladium.Palladium/]: Cannot invoke "net.threetag.palladium.addonpack.PackData.getId()" because "packData" is null
[27May2025 00:32:55.949] [main/INFO] [net.threetag.palladium.Palladium/]: Skipping mod:searchables as it's not been marked as an addonpack
[27May2025 00:32:55.949] [main/ERROR] [net.threetag.palladium.Palladium/]: Cannot invoke "net.threetag.palladium.addonpack.PackData.getId()" because "packData" is null
[27May2025 00:32:55.949] [main/INFO] [net.threetag.palladium.Palladium/]: Skipping mod:silentlib as it's not been marked as an addonpack
[27May2025 00:32:55.949] [main/ERROR] [net.threetag.palladium.Palladium/]: Cannot invoke "net.threetag.palladium.addonpack.PackData.getId()" because "packData" is null
[27May2025 00:32:55.950] [main/INFO] [net.threetag.palladium.Palladium/]: Skipping mod:smoothchunk as it's not been marked as an addonpack
[27May2025 00:32:55.950] [main/ERROR] [net.threetag.palladium.Palladium/]: Cannot invoke "net.threetag.palladium.addonpack.PackData.getId()" because "packData" is null
[27May2025 00:32:55.950] [main/INFO] [net.threetag.palladium.Palladium/]: Skipping mod:sophisticatedbackpacks as it's not been marked as an addonpack
[27May2025 00:32:55.950] [main/ERROR] [net.threetag.palladium.Palladium/]: Cannot invoke "net.threetag.palladium.addonpack.PackData.getId()" because "packData" is null
[27May2025 00:32:55.950] [main/INFO] [net.threetag.palladium.Palladium/]: Skipping mod:sophisticatedcore as it's not been marked as an addonpack
[27May2025 00:32:55.950] [main/ERROR] [net.threetag.palladium.Palladium/]: Cannot invoke "net.threetag.palladium.addonpack.PackData.getId()" because "packData" is null
[27May2025 00:32:55.951] [main/INFO] [net.threetag.palladium.Palladium/]: Skipping mod:sophisticatedstorage as it's not been marked as an addonpack
[27May2025 00:32:55.951] [main/ERROR] [net.threetag.palladium.Palladium/]: Cannot invoke "net.threetag.palladium.addonpack.PackData.getId()" because "packData" is null
[27May2025 00:32:55.951] [main/INFO] [net.threetag.palladium.Palladium/]: Skipping mod:sound_physics_remastered as it's not been marked as an addonpack
[27May2025 00:32:55.951] [main/ERROR] [net.threetag.palladium.Palladium/]: Cannot invoke "net.threetag.palladium.addonpack.PackData.getId()" because "packData" is null
[27May2025 00:32:55.951] [main/INFO] [net.threetag.palladium.Palladium/]: Skipping mod:spark as it's not been marked as an addonpack
[27May2025 00:32:55.951] [main/ERROR] [net.threetag.palladium.Palladium/]: Cannot invoke "net.threetag.palladium.addonpack.PackData.getId()" because "packData" is null
[27May2025 00:32:55.951] [main/INFO] [net.threetag.palladium.Palladium/]: Skipping mod:spectrelib as it's not been marked as an addonpack
[27May2025 00:32:55.952] [main/ERROR] [net.threetag.palladium.Palladium/]: Cannot invoke "net.threetag.palladium.addonpack.PackData.getId()" because "packData" is null
[27May2025 00:32:55.952] [main/INFO] [net.threetag.palladium.Palladium/]: Skipping mod:storagenetwork as it's not been marked as an addonpack
[27May2025 00:32:55.952] [main/ERROR] [net.threetag.palladium.Palladium/]: Cannot invoke "net.threetag.palladium.addonpack.PackData.getId()" because "packData" is null
[27May2025 00:32:55.952] [main/INFO] [net.threetag.palladium.Palladium/]: Skipping mod:structory as it's not been marked as an addonpack
[27May2025 00:32:55.952] [main/ERROR] [net.threetag.palladium.Palladium/]: Cannot invoke "net.threetag.palladium.addonpack.PackData.getId()" because "packData" is null
[27May2025 00:32:55.952] [main/INFO] [net.threetag.palladium.Palladium/]: Skipping mod:structure_gel as it's not been marked as an addonpack
[27May2025 00:32:55.952] [main/ERROR] [net.threetag.palladium.Palladium/]: Cannot invoke "net.threetag.palladium.addonpack.PackData.getId()" because "packData" is null
[27May2025 00:32:55.953] [main/INFO] [net.threetag.palladium.Palladium/]: Skipping mod:structureessentials as it's not been marked as an addonpack
[27May2025 00:32:55.953] [main/ERROR] [net.threetag.palladium.Palladium/]: Cannot invoke "net.threetag.palladium.addonpack.PackData.getId()" because "packData" is null
[27May2025 00:32:55.953] [main/INFO] [net.threetag.palladium.Palladium/]: Skipping mod:supplementaries as it's not been marked as an addonpack
[27May2025 00:32:55.953] [main/ERROR] [net.threetag.palladium.Palladium/]: Cannot invoke "net.threetag.palladium.addonpack.PackData.getId()" because "packData" is null
[27May2025 00:32:55.953] [main/INFO] [net.threetag.palladium.Palladium/]: Skipping mod:tarotcards as it's not been marked as an addonpack
[27May2025 00:32:55.953] [main/ERROR] [net.threetag.palladium.Palladium/]: Cannot invoke "net.threetag.palladium.addonpack.PackData.getId()" because "packData" is null
[27May2025 00:32:55.953] [main/INFO] [net.threetag.palladium.Palladium/]: Skipping mod:tectonic as it's not been marked as an addonpack
[27May2025 00:32:55.954] [main/ERROR] [net.threetag.palladium.Palladium/]: Cannot invoke "net.threetag.palladium.addonpack.PackData.getId()" because "packData" is null
[27May2025 00:32:55.954] [main/INFO] [net.threetag.palladium.Palladium/]: Skipping mod:tempad as it's not been marked as an addonpack
[27May2025 00:32:55.954] [main/ERROR] [net.threetag.palladium.Palladium/]: Cannot invoke "net.threetag.palladium.addonpack.PackData.getId()" because "packData" is null
[27May2025 00:32:55.954] [main/INFO] [net.threetag.palladium.Palladium/]: Skipping mod:terrablender as it's not been marked as an addonpack
[27May2025 00:32:55.954] [main/ERROR] [net.threetag.palladium.Palladium/]: Cannot invoke "net.threetag.palladium.addonpack.PackData.getId()" because "packData" is null
[27May2025 00:32:55.954] [main/INFO] [net.threetag.palladium.Palladium/]: Skipping mod:terralith as it's not been marked as an addonpack
[27May2025 00:32:55.955] [main/ERROR] [net.threetag.palladium.Palladium/]: Cannot invoke "net.threetag.palladium.addonpack.PackData.getId()" because "packData" is null
[27May2025 00:32:55.955] [main/INFO] [net.threetag.palladium.Palladium/]: Skipping mod:tetra as it's not been marked as an addonpack
[27May2025 00:32:55.955] [main/ERROR] [net.threetag.palladium.Palladium/]: Cannot invoke "net.threetag.palladium.addonpack.PackData.getId()" because "packData" is null
[27May2025 00:32:55.955] [main/INFO] [net.threetag.palladium.Palladium/]: Skipping mod:tetranomicon as it's not been marked as an addonpack
[27May2025 00:32:55.955] [main/ERROR] [net.threetag.palladium.Palladium/]: Cannot invoke "net.threetag.palladium.addonpack.PackData.getId()" because "packData" is null
[27May2025 00:32:55.955] [main/INFO] [net.threetag.palladium.Palladium/]: Skipping mod:tombstone as it's not been marked as an addonpack
[27May2025 00:32:55.956] [main/ERROR] [net.threetag.palladium.Palladium/]: Cannot invoke "net.threetag.palladium.addonpack.PackData.getId()" because "packData" is null
[27May2025 00:32:55.956] [main/INFO] [net.threetag.palladium.Palladium/]: Skipping mod:torchmaster as it's not been marked as an addonpack
[27May2025 00:32:55.956] [main/ERROR] [net.threetag.palladium.Palladium/]: Cannot invoke "net.threetag.palladium.addonpack.PackData.getId()" because "packData" is null
[27May2025 00:32:55.956] [main/INFO] [net.threetag.palladium.Palladium/]: Skipping mod:totw_modded as it's not been marked as an addonpack
[27May2025 00:32:55.956] [main/ERROR] [net.threetag.palladium.Palladium/]: Cannot invoke "net.threetag.palladium.addonpack.PackData.getId()" because "packData" is null
[27May2025 00:32:55.956] [main/INFO] [net.threetag.palladium.Palladium/]: Skipping mod:trashslot as it's not been marked as an addonpack
[27May2025 00:32:55.957] [main/ERROR] [net.threetag.palladium.Palladium/]: Cannot invoke "net.threetag.palladium.addonpack.PackData.getId()" because "packData" is null
[27May2025 00:32:55.957] [main/INFO] [net.threetag.palladium.Palladium/]: Skipping mod:voicechat as it's not been marked as an addonpack
[27May2025 00:32:55.957] [main/ERROR] [net.threetag.palladium.Palladium/]: Cannot invoke "net.threetag.palladium.addonpack.PackData.getId()" because "packData" is null
[27May2025 00:32:55.957] [main/INFO] [net.threetag.palladium.Palladium/]: Skipping mod:walljump as it's not been marked as an addonpack
[27May2025 00:32:55.957] [main/ERROR] [net.threetag.palladium.Palladium/]: Cannot invoke "net.threetag.palladium.addonpack.PackData.getId()" because "packData" is null
[27May2025 00:32:55.957] [main/INFO] [net.threetag.palladium.Palladium/]: Skipping mod:watut as it's not been marked as an addonpack
[27May2025 00:32:55.957] [main/ERROR] [net.threetag.palladium.Palladium/]: Cannot invoke "net.threetag.palladium.addonpack.PackData.getId()" because "packData" is null
[27May2025 00:32:55.958] [main/INFO] [net.threetag.palladium.Palladium/]: Skipping mod:waystones as it's not been marked as an addonpack
[27May2025 00:32:55.958] [main/ERROR] [net.threetag.palladium.Palladium/]: Cannot invoke "net.threetag.palladium.addonpack.PackData.getId()" because "packData" is null
[27May2025 00:32:55.958] [main/INFO] [net.threetag.palladium.Palladium/]: Skipping mod:wi_zoom as it's not been marked as an addonpack
[27May2025 00:32:55.958] [main/ERROR] [net.threetag.palladium.Palladium/]: Cannot invoke "net.threetag.palladium.addonpack.PackData.getId()" because "packData" is null
[27May2025 00:32:55.958] [main/INFO] [net.threetag.palladium.Palladium/]: Skipping mod:xaeroworldmap as it's not been marked as an addonpack
[27May2025 00:32:55.958] [main/ERROR] [net.threetag.palladium.Palladium/]: Cannot invoke "net.threetag.palladium.addonpack.PackData.getId()" because "packData" is null
[27May2025 00:32:55.958] [main/INFO] [net.threetag.palladium.Palladium/]: Skipping mod:yungsapi as it's not been marked as an addonpack
[27May2025 00:32:55.958] [main/ERROR] [net.threetag.palladium.Palladium/]: Cannot invoke "net.threetag.palladium.addonpack.PackData.getId()" because "packData" is null
[27May2025 00:32:55.959] [main/INFO] [net.threetag.palladium.Palladium/]: Skipping mod:yungsbridges as it's not been marked as an addonpack
[27May2025 00:32:55.959] [main/ERROR] [net.threetag.palladium.Palladium/]: Cannot invoke "net.threetag.palladium.addonpack.PackData.getId()" because "packData" is null
[27May2025 00:32:55.959] [main/INFO] [net.threetag.palladium.Palladium/]: Skipping mod:yungsextras as it's not been marked as an addonpack
[27May2025 00:32:55.959] [main/ERROR] [net.threetag.palladium.Palladium/]: Cannot invoke "net.threetag.palladium.addonpack.PackData.getId()" because "packData" is null
[27May2025 00:32:55.959] [main/INFO] [net.threetag.palladium.Palladium/]: Skipping mod:zeta as it's not been marked as an addonpack
[27May2025 00:32:55.959] [main/ERROR] [net.threetag.palladium.Palladium/]: Cannot invoke "net.threetag.palladium.addonpack.PackData.getId()" because "packData" is null
[27May2025 00:32:55.963] [main/INFO] [ModernFix/]: Invalidating pack caches
[27May2025 00:32:55.964] [main/INFO] [net.minecraft.server.packs.resources.ReloadableResourceManager/]: Reloading ResourceManager: ad_astra-forge-1.20.1-1.15.20.jar, Ad-Astra-Giselle-Addon-forge-1.20.1-6.18.jar, AdditionalStructures-1.20.x-(v.4.2.2).jar, adtetra-2.1.0.jar, AdvancementPlaques-1.20.1-forge-1.6.9.jar, AI-Improvements-1.20-0.5.2.jar, alexscaves-2.0.2.jar, alexsmobs-1.22.9.jar, AlienEvo_Addon_Beta_v1.0.6.jar, almanac-1.20.x-forge-1.0.2.jar, AmbientSounds_FORGE_v6.1.9_mc1.20.1.jar, appleskin-forge-mc1.20.1-2.5.1.jar, architectury-9.2.14-forge.jar, ArmageddonMod for 1.20.1 (v1.5.2).jar, ars_nouveau-1.20.1-4.12.6-all.jar, artifacts-forge-9.5.16.jar, AttributeFix-Forge-1.20.1-21.0.4.jar, balm-forge-1.20.1-7.3.27-all.jar, BeeFix-1.20-1.0.7.jar, BetterTotemOfUndying-Forge-1.20.4-2.1.1.jar, BetterAdvancements-Forge-1.20.1-0.4.2.25.jar, betterchunkloading-1.20.1-5.4.jar, bettercombat-forge-1.8.6+1.20.1.jar, YungsBetterDesertTemples-1.20-Forge-3.0.3.jar, YungsBetterDungeons-1.20-Forge-4.0.4.jar, YungsBetterEndIsland-1.20-Forge-2.0.6.jar, BetterF3-7.0.2-Forge-1.20.1.jar, YungsBetterNetherFortresses-1.20-Forge-2.0.6.jar, YungsBetterJungleTemples-1.20-Forge-2.0.5.jar, YungsBetterMineshafts-1.20-Forge-4.0.4.jar, YungsBetterOceanMonuments-1.20-Forge-3.0.4.jar, YungsBetterStrongholds-1.20-Forge-4.0.3.jar, BetterThirdPerson-Forge-1.20-1.9.0.jar, YungsBetterWitchHuts-1.20-Forge-3.0.3.jar, Bookshelf-Forge-1.20.1-20.2.13.jar, botarium-forge-1.20.1-2.3.4.jar, caelus-forge-3.2.0+1.20.1.jar, carryon-forge-1.20.1-2.1.2.7.jar, L_Enders_Cataclysm-2.64.jar, CerbonsAPI-Forge-1.20.1-1.1.0.jar, chloride-FORGE-mc1.20.1-v1.5.5.jar, chunksending-1.20.1-2.8.jar, Chunky-1.3.146.jar, citadel-2.6.1-1.20.1.jar, clickadv-1.20.1-3.8.jar, cloth-config-11.1.136-forge.jar, Clumps-forge-1.20.1-12.0.0.4.jar, collective-1.20.1-8.3.jar, comforts-forge-6.4.0+1.20.1.jar, configlibtxf-4.2.8-forge.jar, connectivity-1.20.1-7.1.jar, Controlling-forge-1.20.1-12.0.2.jar, Corgilib-Forge-1.20.1-4.0.3.3.jar, coroutil-forge-1.20.1-1.3.7.jar, cosmeticarmorreworked-1.20.1-v1a.jar, create-1.20.1-6.0.4.jar, CreativeCore_FORGE_v2.12.32_mc1.20.1.jar, creeperoverhaul-3.0.2-forge.jar, [forge]ctov-3.4.13.jar, Cucumber-1.20.1-7.0.13.jar, cupboard-1.20.1-2.7.jar, curios-forge-5.14.1+1.20.1.jar, CyclopsCore-1.20.1-1.19.10.jar, darktimer-forge-1.20.1-1.0.9.jar, despawn_tweaker-1.20.1-1.0.0.jar, dimthread-FORGE-mc1.20.1-v1.2.1.jar, doespotatotick-1.20.1-4.0.2.jar, DungeonsArise-1.20.x-2.1.58-release.jar, dungeons_enhanced-1.20.1-5.3.0.jar, EasyAnvils-v8.0.2-1.20.1-Forge.jar, EasyMagic-v8.0.1-1.20.1-Forge.jar, elevatorid-1.20.1-lex-1.9.jar, emi-1.1.22+1.20.1+forge.jar, emi_loot-0.7.6+1.20.1+forge.jar, emitrades-forge-1.2.1+mc1.20.1.jar, EnchantmentDescriptions-Forge-1.20.1-17.1.19.jar, endrem_forge-5.3.3-R-1.20.1.jar, EnigmaticLegacy-2.30.1.jar, entityculling-forge-1.7.4-mc1.20.1.jar, EvilCraft-1.20.1-1.2.52.jar, EvilCraft-1.20.1-1.2.52.jar, expandability-forge-9.0.4.jar, Explorify v1.6.2 f10-48.jar, FarmersDelight-1.20.1-1.2.7.jar, fastasyncworldsave-1.20.1-2.4.jar, Fastload-Reforged-mc1.20.1-3.4.0.jar, FastSuite-1.20.1-5.1.0.jar, ferritecore-6.0.1-forge.jar, flib-1.20.1-0.0.15.jar, flywheel-forge-1.20.1-1.0.2.jar, forge-1.20.1-47.3.7-universal.jar, framework-forge-1.20.1-0.7.12.jar, fzzy_config-0.6.9+1.20.1+forge.jar, gamemenumodoption-mc1.20.1-2.2.1.jar, geckolib-forge-1.20.1-4.7.1.2.jar, Geophilic v3.4 f15-71.mod.jar, gnumus_settlement_[Forge]1.20.1_v1.0.jar, goblintraders-forge-1.20.1-1.9.3.jar, HopoBetterRuinedPortals-[1.20-1.20.2]-1.3.7b.jar, Iceberg-1.20.1-forge-1.1.25.jar, Icterine-forge-1.20.0-1-1.3.0.jar, Incendium_1.20.x_v5.3.5.jar, ironfurnaces-1.20.1-4.1.6.jar, irons_spellbooks-1.20.1-3.4.0.8.jar, jei-1.20.1-forge-15.20.0.106.jar, justleveling-forge-1.20.x-v1.7.jar, kffmod-4.11.0.jar, kubejs-forge-2001.6.5-build.16.jar, kuma-api-forge-20.1.10+1.20.1.jar, letmedespawn-1.20.x-forge-1.5.0.jar, libraryferret-forge-1.20.1-4.0.0.jar, limitedchunks-1.20.1-4.1.jar, lionfishapi-2.4-Fix.jar, lithostitched-forge-1.20.1-1.4.4.jar, lootr-forge-1.20-0.7.35.91.jar, MaxHealthFix-Forge-1.20.1-12.0.3.jar, mes-1.3.4-1.20-forge.jar, mixinextras-forge-0.4.1.jar, mixinsquared-forge-0.1.1.jar, mns-1.0.3-1.20-forge.jar, modernfix-forge-5.21.0+mc1.20.1.jar, moonlight-1.20-2.13.82-forge.jar, mowziesmobs-1.7.2.jar, dungeons-and-taverns-3.0.3.f[Forge].jar, dungeons-and-taverns-ancient-city-overhaul-1 [Forge].jar, tidal-towns-1.3.4.jar, mss-1.2.7-1.20.jar, mutil-1.20.1-6.2.0.jar, mvs-4.1.4-1.20-forge.jar, MyNethersDelight-1.20.1-0.1.7.5.jar, MyServerIsCompatible-1.20-1.0.jar, Not Enough Recipe Book-FORGE-0.4.1+1.20.1.jar, netherportalfix-forge-1.20-13.0.1.jar, noisium-forge-2.3.0+mc1.20-1.20.1.jar, notenoughanimations-forge-1.9.3-mc1.20.1.jar, Nullscape_1.20.x_v1.2.8.jar, OctoLib-FORGE-0.5.0.1+1.20.1.jar, palladium-4.2.1+1.20.1-forge.jar, palladiumcore-forge-1.0.1+1.20.1-forge.jar, Paraglider-forge-20.1.3.jar, passiveshield-1.20.1-3.7.jar, Patchouli-1.20.1-84.1-FORGE.jar, Pehkui-3.8.2+1.20.1-forge.jar, Placebo-1.20.1-8.6.3.jar, player-animation-lib-forge-1.0.2-rc1+1.20.jar, polymorph-forge-0.49.10+1.20.1.jar, Ponder-Forge-1.20.1-1.0.52.jar, puzzlesaccessapi-forge-20.1.1.jar, PuzzlesLib-v8.1.32-1.20.1-Forge.jar, Quark-4.0-462.jar, radium-mc1.20.1-0.12.4+git.26c9d8e.jar, recipeessentials-1.20.1-4.0.jar, relics-1.20.1-0.8.0.9.jar, resourcefulconfig-forge-1.20.1-2.1.3.jar, resourcefullib-forge-1.20.1-2.1.29.jar, rhino-forge-2001.2.3-build.10.jar, runecraft_metals_of_gielinor-1.1.0-forge-1.20.1.jar, saturn-mc1.20.1-0.1.3.jar, ScalingHealth-1.20.1-8.0.2+9.jar, Searchables-forge-1.20.1-1.0.3.jar, silent-lib-1.20.1-8.0.0.jar, smoothchunk-1.20.1-4.1.jar, sophisticatedbackpacks-1.20.1-3.23.13.1230.jar, sophisticatedcore-1.20.1-1.2.50.964.jar, sophisticatedstorage-1.20.1-1.3.37.1134.jar, sound-physics-remastered-forge-1.20.1-1.4.10.jar, spark-1.10.53-forge.jar, spectrelib-forge-0.13.17+1.20.1.jar, SimpleStorageNetwork-1.20.1-1.12.2.jar, Structory_1.20.x_v1.3.5.jar, structure_gel-1.20.1-2.16.2.jar, structureessentials-1.20.1-4.7.jar, supplementaries-1.20-3.1.30.jar, tarotcards-1.20-1.7.0.jar, tectonic-forge-1.20.1-2.4.1.jar, tempad-forge-1.20.1-2.3.4.jar, TerraBlender-forge-1.20.1-3.0.1.10.jar, Terralith_1.20.x_v2.5.4.jar, tetra-1.20.1-6.9.0.jar, tetranomicon-1.6.1-1.20.1.jar, tombstone-1.20.1-8.9.4.jar, torchmaster-20.1.9.jar, totw_modded-forge-1.20.1-1.0.6.jar, trashslot-forge-1.20-15.1.2.jar, voicechat-forge-1.20.1-2.5.30.jar, walljump-1.20.1-1.3.4-forge.jar, watut-forge-1.20.1-1.2.3.jar, waystones-forge-1.20.1-14.1.11.jar, WI-Zoom-1.5-MC1.20.1-Forge.jar, XaerosWorldMap_1.39.4_Forge_1.20.jar, YungsApi-1.20-Forge-4.0.6.jar, YungsBridges-1.20-Forge-4.0.3.jar, YungsExtras-1.20-Forge-4.0.3.jar, Zeta-1.0-30.jar
[27May2025 00:32:56.187] [main/INFO] [net.threetag.palladium.Palladium/]: Registered 2 addonpack creative_mode_tab
[27May2025 00:32:56.187] [main/INFO] [net.threetag.palladium.Palladium/]: Registered 0 addonpack armor materials
[27May2025 00:32:56.188] [main/INFO] [net.threetag.palladium.Palladium/]: Registered 0 addonpack tool tiers
[27May2025 00:32:56.188] [main/INFO] [net.threetag.palladium.Palladium/]: Registered 0 addonpack block
[27May2025 00:32:56.192] [main/INFO] [net.threetag.palladium.Palladium/]: Registered 140 addonpack item
[27May2025 00:32:56.192] [main/INFO] [net.threetag.palladium.Palladium/]: Registered 0 addonpack suit_set
[27May2025 00:32:56.193] [main/INFO] [net.threetag.palladium.Palladium/]: Registered 28 addonpack particle_type
[27May2025 00:32:56.194] [main/INFO] [net.threetag.palladium.Palladium/]: Registered 1 addonpack point_of_interest_type
[27May2025 00:32:56.194] [main/INFO] [net.threetag.palladium.Palladium/]: Registered 1 addonpack villager_profession
[27May2025 00:32:56.195] [main/INFO] [net.threetag.palladium.Palladium/]: Registered 0 addonpack accessory slots
[27May2025 00:32:56.195] [main/INFO] [net.threetag.palladium.Palladium/]: Registered 0 addonpack accessories
[27May2025 00:32:56.195] [main/INFO] [net.threetag.palladium.Palladium/]: Finished addonpack initialisation!
[27May2025 00:32:59.669] [main/ERROR] [net.minecraftforge.fml.loading.RuntimeDistCleaner/DISTXFORM]: Attempted to load class net/minecraft/client/multiplayer/ClientLevel for invalid dist DEDICATED_SERVER
[27May2025 00:32:59.669] [main/WARN] [Radium Class Analysis/]: Radium Class Analysis Error: Class se.mickelus.tetra.blocks.multischematic.MultiblockSchematicBlock cannot be analysed, because getting declared methods crashes with RuntimeException: Attempted to load class net/minecraft/client/multiplayer/ClientLevel for invalid dist DEDICATED_SERVER. This is usually caused by modded entities declaring methods that have a return type or parameter type that is annotated with @OnlyIn(Dist.CLIENT). Loading the type is not possible, because it only exists in the CLIENT environment. The recommended fix is to annotate the method with this argument or return type with the same annotation. Lithium handles this error by assuming the class cannot be included in some optimizations.
[27May2025 00:32:59.672] [main/ERROR] [net.minecraftforge.fml.loading.RuntimeDistCleaner/DISTXFORM]: Attempted to load class net/minecraft/client/multiplayer/ClientLevel for invalid dist DEDICATED_SERVER
[27May2025 00:32:59.673] [main/WARN] [Radium Class Analysis/]: Radium Class Analysis Error: Class se.mickelus.tetra.blocks.multischematic.MultiblockSchematicBlock cannot be analysed, because getting declared methods crashes with RuntimeException: Attempted to load class net/minecraft/client/multiplayer/ClientLevel for invalid dist DEDICATED_SERVER. This is usually caused by modded entities declaring methods that have a return type or parameter type that is annotated with @OnlyIn(Dist.CLIENT). Loading the type is not possible, because it only exists in the CLIENT environment. The recommended fix is to annotate the method with this argument or return type with the same annotation. Lithium handles this error by assuming the class cannot be included in some optimizations.
[27May2025 00:32:59.676] [main/ERROR] [net.minecraftforge.fml.loading.RuntimeDistCleaner/DISTXFORM]: Attempted to load class net/minecraft/client/multiplayer/ClientLevel for invalid dist DEDICATED_SERVER
[27May2025 00:32:59.676] [main/WARN] [Radium Class Analysis/]: Radium Class Analysis Error: Class se.mickelus.tetra.blocks.multischematic.MultiblockSchematicBlock cannot be analysed, because getting declared methods crashes with RuntimeException: Attempted to load class net/minecraft/client/multiplayer/ClientLevel for invalid dist DEDICATED_SERVER. This is usually caused by modded entities declaring methods that have a return type or parameter type that is annotated with @OnlyIn(Dist.CLIENT). Loading the type is not possible, because it only exists in the CLIENT environment. The recommended fix is to annotate the method with this argument or return type with the same annotation. Lithium handles this error by assuming the class cannot be included in some optimizations.
[27May2025 00:32:59.679] [main/ERROR] [net.minecraftforge.fml.loading.RuntimeDistCleaner/DISTXFORM]: Attempted to load class net/minecraft/client/multiplayer/ClientLevel for invalid dist DEDICATED_SERVER
[27May2025 00:32:59.679] [main/WARN] [Radium Class Analysis/]: Radium Class Analysis Error: Class se.mickelus.tetra.blocks.multischematic.MultiblockSchematicBlock cannot be analysed, because getting declared methods crashes with RuntimeException: Attempted to load class net/minecraft/client/multiplayer/ClientLevel for invalid dist DEDICATED_SERVER. This is usually caused by modded entities declaring methods that have a return type or parameter type that is annotated with @OnlyIn(Dist.CLIENT). Loading the type is not possible, because it only exists in the CLIENT environment. The recommended fix is to annotate the method with this argument or return type with the same annotation. Lithium handles this error by assuming the class cannot be included in some optimizations.
[27May2025 00:33:01.517] [main/ERROR] [net.minecraftforge.fml.loading.RuntimeDistCleaner/DISTXFORM]: Attempted to load class com/mojang/blaze3d/vertex/PoseStack for invalid dist DEDICATED_SERVER
[27May2025 00:33:01.517] [main/WARN] [Radium Class Analysis/]: Radium Class Analysis Error: Class net.mehvahdjukaar.supplementaries.common.block.blocks.CannonBlock cannot be analysed, because getting declared methods crashes with RuntimeException: Attempted to load class com/mojang/blaze3d/vertex/PoseStack for invalid dist DEDICATED_SERVER. This is usually caused by modded entities declaring methods that have a return type or parameter type that is annotated with @OnlyIn(Dist.CLIENT). Loading the type is not possible, because it only exists in the CLIENT environment. The recommended fix is to annotate the method with this argument or return type with the same annotation. Lithium handles this error by assuming the class cannot be included in some optimizations.
[27May2025 00:33:01.518] [main/ERROR] [net.minecraftforge.fml.loading.RuntimeDistCleaner/DISTXFORM]: Attempted to load class com/mojang/blaze3d/vertex/PoseStack for invalid dist DEDICATED_SERVER
[27May2025 00:33:01.518] [main/WARN] [Radium Class Analysis/]: Radium Class Analysis Error: Class net.mehvahdjukaar.supplementaries.common.block.blocks.CannonBlock cannot be analysed, because getting declared methods crashes with RuntimeException: Attempted to load class com/mojang/blaze3d/vertex/PoseStack for invalid dist DEDICATED_SERVER. This is usually caused by modded entities declaring methods that have a return type or parameter type that is annotated with @OnlyIn(Dist.CLIENT). Loading the type is not possible, because it only exists in the CLIENT environment. The recommended fix is to annotate the method with this argument or return type with the same annotation. Lithium handles this error by assuming the class cannot be included in some optimizations.
[27May2025 00:33:01.577] [main/INFO] [Moonlight/]: Initialized block sets in 25ms
[27May2025 00:33:02.743] [main/WARN] [dev.architectury.registry.registries.forge.RegistrarManagerImpl/]: Registry entry listened Registry Entry [minecraft:entity_type / artifacts:mimic] was not realized!
[27May2025 00:33:02.744] [main/WARN] [dev.architectury.registry.registries.forge.RegistrarManagerImpl/]: Registry entry listened Registry Entry [minecraft:entity_type / artifacts:mimic] was not realized!
[27May2025 00:33:03.655] [main/WARN] [dev.architectury.registry.registries.forge.RegistrarManagerImpl/]: Registry entry listened Registry Entry [minecraft:entity_type / artifacts:mimic] was not realized!
[27May2025 00:33:04.110] [main/INFO] [evilcraft/]: 2205 possible Broom base combinations are ready for flying!
[27May2025 00:33:04.383] [main/INFO] [ModernFix/]: Bypassed Mojang DFU
[27May2025 00:33:04.383] [main/INFO] [ModernFix/]: Instantiating Mojang DFU
[27May2025 00:33:05.847] [main/INFO] [ModdingLegacy/StructureGel/]: [structure_gel] Registering data for structure_gel:loot_table_alias
[27May2025 00:33:05.863] [main/INFO] [ModdingLegacy/StructureGel/]: [structure_gel] Registering data for structure_gel:data_handler_type
[27May2025 00:33:05.866] [main/INFO] [ModdingLegacy/StructureGel/]: [structure_gel] Registering data for structure_gel:dynamic_spawner
[27May2025 00:33:05.869] [main/INFO] [ModdingLegacy/StructureGel/]: [structure_gel] Registering data for structure_gel:jigsaw_type
[27May2025 00:33:06.231] [main/WARN] [net.minecraft.network.syncher.SynchedEntityData/]: defineId called for: class com.github.alexmodguy.alexscaves.server.entity.living.TremorzillaEntity from class com.github.alexmodguy.alexscaves.server.entity.living.LicowitchEntity
[27May2025 00:33:06.604] [Thread-0/INFO] [ModernFix/]: Please use /mfsrc to reload any changed mod config files
[27May2025 00:33:06.677] [main/WARN] [net.minecraftforge.common.ForgeConfigSpec/CORE]: Configuration file /home/angel11152008/Server/servidor_minecraft/config/dimthread-common.toml is not correct. Correcting
[27May2025 00:33:06.880] [modloading-worker-0/INFO] [com.clickadv.ClickAdvancements/]: clickadv mod initialized
[27May2025 00:33:06.980] [modloading-worker-0/INFO] [evilcraft/]: Registered packet handler.
[27May2025 00:33:06.988] [Forge Version Check/INFO] [net.minecraftforge.fml.VersionChecker/]: [saturn] Starting version check at https://github.com/AbdElAziz333/Saturn/raw/mc1.20.1/dev/updates.json
[27May2025 00:33:07.003] [modloading-worker-0/INFO] [voicechat/]: [voicechat] Compatibility version 18
[27May2025 00:33:07.028] [modloading-worker-0/INFO] [CorgiLib/]: Initializing network...
[27May2025 00:33:07.043] [modloading-worker-0/INFO] [CorgiLib/]: Initialized network!
[27May2025 00:33:07.071] [modloading-worker-0/INFO] [com.chunksending.ChunkSending/]: chunksending mod initialized
[27May2025 00:33:07.138] [modloading-worker-0/INFO] [voicechat/]: [voicechat] Loading plugins
[27May2025 00:33:07.152] [modloading-worker-0/INFO] [com.recipeessentials.RecipeEssentials/]: recipeessentials mod initialized
[27May2025 00:33:07.160] [modloading-worker-0/INFO] [com.connectivity.Connectivity/]: Connectivity initialized
[27May2025 00:33:07.171] [modloading-worker-0/INFO] [com.structureessentials.StructureEssentials/]: structureessentials mod initialized
[27May2025 00:33:07.167] [Forge Version Check/WARN] [net.minecraftforge.fml.VersionChecker/]: Failed to process update information
com.google.gson.JsonSyntaxException: java.lang.IllegalStateException: Expected BEGIN_OBJECT but was STRING at line 9 column 1 path $
	at com.google.gson.Gson.fromJson(Gson.java:1226) ~[gson-2.10.jar%2372!/:?]
	at com.google.gson.Gson.fromJson(Gson.java:1124) ~[gson-2.10.jar%2372!/:?]
	at com.google.gson.Gson.fromJson(Gson.java:1034) ~[gson-2.10.jar%2372!/:?]
	at com.google.gson.Gson.fromJson(Gson.java:969) ~[gson-2.10.jar%2372!/:?]
	at net.minecraftforge.fml.VersionChecker$1.process(VersionChecker.java:183) ~[fmlcore-1.20.1-47.3.7.jar%23468!/:?]
	at java.lang.Iterable.forEach(Iterable.java:75) ~[?:?]
	at net.minecraftforge.fml.VersionChecker$1.run(VersionChecker.java:114) ~[fmlcore-1.20.1-47.3.7.jar%23468!/:?]
Caused by: java.lang.IllegalStateException: Expected BEGIN_OBJECT but was STRING at line 9 column 1 path $
	at com.google.gson.stream.JsonReader.beginObject(JsonReader.java:393) ~[gson-2.10.jar%2372!/:?]
	at com.google.gson.internal.bind.MapTypeAdapterFactory$Adapter.read(MapTypeAdapterFactory.java:182) ~[gson-2.10.jar%2372!/:?]
	at com.google.gson.internal.bind.MapTypeAdapterFactory$Adapter.read(MapTypeAdapterFactory.java:144) ~[gson-2.10.jar%2372!/:?]
	at com.google.gson.Gson.fromJson(Gson.java:1214) ~[gson-2.10.jar%2372!/:?]
	... 6 more
[27May2025 00:33:07.175] [modloading-worker-0/INFO] [voicechat/]: [voicechat] Loaded 1 plugin(s)
[27May2025 00:33:07.177] [modloading-worker-0/INFO] [voicechat/]: [voicechat] Initializing plugins
[27May2025 00:33:07.177] [Forge Version Check/INFO] [net.minecraftforge.fml.VersionChecker/]: [easyanvils] Starting version check at https://raw.githubusercontent.com/Fuzss/modresources/main/update/easyanvils.json
[27May2025 00:33:07.194] [modloading-worker-0/INFO] [Sound Physics - General/]: Initializing Simple Voice Chat integration
[27May2025 00:33:07.195] [modloading-worker-0/INFO] [voicechat/]: [voicechat] Initialized 1 plugin(s)
[27May2025 00:33:07.197] [modloading-worker-0/INFO] [voicechat/]: [voicechat] Registering events for 'sound_physics_remastered'
[27May2025 00:33:07.202] [Forge Version Check/INFO] [net.minecraftforge.fml.VersionChecker/]: [easyanvils] Found status: UP_TO_DATE Current: 8.0.2 Target: null
[27May2025 00:33:07.202] [Forge Version Check/INFO] [net.minecraftforge.fml.VersionChecker/]: [mr_dungeons_andtavernsancientcityoverhaul] Starting version check at https://api.modrinth.com/updates/DNuNq5bb/forge_updates.json
[27May2025 00:33:07.320] [modloading-worker-0/INFO] [Enigmatic Legacy/INFO]: Initializing common setup phase...
[27May2025 00:33:07.322] [modloading-worker-0/INFO] [Enigmatic Legacy/INFO]: Registering packets...
[27May2025 00:33:07.369] [modloading-worker-0/INFO] [Enigmatic Legacy/INFO]: Registering triggers...
[27May2025 00:33:07.375] [modloading-worker-0/INFO] [Enigmatic Legacy/INFO]: Registering stats...
[27May2025 00:33:07.375] [modloading-worker-0/INFO] [Enigmatic Legacy/INFO]: Common setup phase finished successfully.
[27May2025 00:33:07.396] [modloading-worker-0/INFO] [com.limitedchunks.LimitedChunks/]: Limited chunkloading initialized
[27May2025 00:33:07.434] [modloading-worker-0/WARN] [net.minecraftforge.common.ForgeConfigSpec/CORE]: Configuration file /home/angel11152008/Server/servidor_minecraft/config/storagenetwork.toml is not correct. Correcting
[27May2025 00:33:07.435] [modloading-worker-0/WARN] [net.minecraftforge.common.ForgeConfigSpec/CORE]: Incorrect key storagenetwork.facades.itemsNotAllowed was corrected from [minecraft:ladder, minecraft:double_plant, minecraft:waterlily, minecraft:torch, minecraft:*_torch, minecraft:redstone, minecraft:iron_bars, minecraft:chest, minecraft:ender_chest, minecraft:sculk_vein, minecraft:string, minecraft:vine, minecraft:rail, minecraft:*_rail, minecraft:brewing_stand, minecraft:*_dripleaf, minecraft:*_pane, minecraft:*_sapling, minecraft:*_sign, minecraft:*_door, minecraft:*_banner, minecraft:*_shulker_box, cyclic:*_pipe, cyclic:*_bars, storagenetwork:*] to its default, [minecraft:ladder, minecraft:double_plant, minecraft:waterlily, minecraft:torch, minecraft:*_torch, minecraft:redstone, minecraft:iron_bars, minecraft:chest, minecraft:ender_chest, minecraft:sculk_vein, minecraft:string, minecraft:vine, minecraft:rail, minecraft:*_rail, minecraft:brewing_stand, minecraft:*_dripleaf, minecraft:*_pane, minecraft:*_sapling, minecraft:*_sign, minecraft:*_door, minecraft:*_banner, minecraft:*_shulker_box, cyclic:*_pipe, cyclic:*_bars, storagenetwork:*]. 
[27May2025 00:33:07.481] [modloading-worker-0/INFO] [com.betterchunkloading.BetterChunkLoading/]: betterchunkloading mod initialized
[27May2025 00:33:07.560] [Forge Version Check/INFO] [net.minecraftforge.fml.VersionChecker/]: [mr_dungeons_andtavernsancientcityoverhaul] Found status: OUTDATED Current: 1 Target: 1+mod
[27May2025 00:33:07.560] [Forge Version Check/INFO] [net.minecraftforge.fml.VersionChecker/]: [evilcraft] Starting version check at https://raw.githubusercontent.com/CyclopsMC/Versions/master/forge_update/evilcraft.json
[27May2025 00:33:07.569] [Forge Version Check/INFO] [net.minecraftforge.fml.VersionChecker/]: [evilcraft] Found status: OUTDATED Current: 1.2.52 Target: 1.2.53
[27May2025 00:33:07.573] [Forge Version Check/INFO] [net.minecraftforge.fml.VersionChecker/]: [maxhealthfix] Starting version check at https://updates.blamejared.com/get?n=maxhealthfix&gv=1.20.1
[27May2025 00:33:07.832] [main/INFO] [zeta/]: Common setup: Performing initial refresh of zeta's config on thread 'main'
[27May2025 00:33:07.833] [main/INFO] [zeta/]: 'zeta' is enabling Zeta's piston structure resolver.
[27May2025 00:33:07.834] [main/INFO] [zeta/]: Waiting for server start before accepting filewatcher changes to zeta's config
[27May2025 00:33:07.871] [main/INFO] [terrablender/]: Registered region minecraft:overworld to index 0 for type OVERWORLD
[27May2025 00:33:07.871] [main/INFO] [terrablender/]: Registered region minecraft:nether to index 0 for type NETHER
[27May2025 00:33:07.871] [main/INFO] [terrablender/]: Registered region ars_nouveau:overworld to index 1 for type OVERWORLD
[27May2025 00:33:08.045] [main/INFO] [Moonlight/]: Initialized color sets in 68ms
[27May2025 00:33:08.067] [main/INFO] [terrablender/]: Registered region quark:biome_provider to index 2 for type OVERWORLD
[27May2025 00:33:08.067] [main/INFO] [quark-zeta/]: Common setup: Performing initial refresh of quark's config on thread 'main'
[27May2025 00:33:08.083] [main/INFO] [quark-zeta/]: Waiting for server start before accepting filewatcher changes to quark's config
[27May2025 00:33:08.120] [main/INFO] [Supplementaries/]: Finished mod setup in: [2, 2, 0, 1, 0, 0, 12, 8, 0] ms
[27May2025 00:33:08.227] [modloading-worker-0/INFO] [xaero.map.server.WorldMapServer/]: Loading Xaero's World Map - Stage 1/2 (Server)
[27May2025 00:33:08.229] [Forge Version Check/INFO] [net.minecraftforge.fml.VersionChecker/]: [maxhealthfix] Found status: BETA Current: 12.0.3 Target: 12.0.3
[27May2025 00:33:08.230] [Forge Version Check/INFO] [net.minecraftforge.fml.VersionChecker/]: [ctov] Starting version check at https://api.modrinth.com/updates/fgmhI8kH/forge_updates.json
[27May2025 00:33:08.251] [main/INFO] [xaero.map.server.WorldMapServer/]: Loading Xaero's World Map - Stage 2/2 (Server)
[27May2025 00:33:08.331] [modloading-worker-0/INFO] [Enigmatic Legacy/INFO]: Sending messages to Curios API...
[27May2025 00:33:08.433] [modloading-worker-0/INFO] [io.redspace.ironsspellbooks.IronsSpellbooks/]: Got IMC []
[27May2025 00:33:08.447] [Forge Version Check/INFO] [net.minecraftforge.fml.VersionChecker/]: [ctov] Found status: OUTDATED Current: 3.4.13 Target: 3.4.14
[27May2025 00:33:08.447] [Forge Version Check/INFO] [net.minecraftforge.fml.VersionChecker/]: [structure_gel] Starting version check at http://changelogs.moddinglegacy.com/structure-gel.json
[27May2025 00:33:08.539] [modloading-worker-0/INFO] [net.xalcon.torchmaster.Torchmaster/]: Applying mega torch entity block list overrides...
[27May2025 00:33:08.539] [modloading-worker-0/INFO] [net.xalcon.torchmaster.Torchmaster/]: Applying dread lamp entity block list overrides...
[27May2025 00:33:08.543] [modloading-worker-0/INFO] [Enigmatic Legacy/INFO]: Initializing load completion phase...
[27May2025 00:33:08.543] [modloading-worker-0/INFO] [Enigmatic Legacy/INFO]: Registering brewing recipes...
[27May2025 00:33:08.546] [modloading-worker-0/INFO] [AttributeFix/]: Loaded values for 70 compatible attributes.
[27May2025 00:33:08.556] [modloading-worker-0/INFO] [AttributeFix/]: Loaded 70 values from config.
[27May2025 00:33:08.564] [modloading-worker-0/INFO] [KubeJS Startup/]: addonpack_alienevo:kubejs_scripts/glow_crystals.js#3: Loaded Java class 'dev.latvian.mods.kubejs.item.custom.BasicItemJS$Builder'
[27May2025 00:33:08.568] [modloading-worker-0/INFO] [AttributeFix/]: Saving config file. 70 entries.
[27May2025 00:33:08.568] [modloading-worker-0/INFO] [AttributeFix/]: Applying changes for 70 attributes.
[27May2025 00:33:08.818] [modloading-worker-0/INFO] [Enigmatic Legacy/INFO]: Successfully fetched the list of devoted believers from Enigmatic Legacy's repository.
[27May2025 00:33:08.819] [modloading-worker-0/INFO] [Enigmatic Legacy/INFO]: Successfully backed up the list of devoted believers.
[27May2025 00:33:08.819] [modloading-worker-0/INFO] [Enigmatic Legacy/]: Believer: ObsidianFlight, UUID: 0cf25168-1b5a-4ac9-90eb-45bb20b0afab
[27May2025 00:33:08.819] [modloading-worker-0/INFO] [Enigmatic Legacy/]: Believer: Alexsist, UUID: b77d12d4-627f-47d3-965a-74e4f41854cc
[27May2025 00:33:08.819] [modloading-worker-0/INFO] [Enigmatic Legacy/]: Believer: Volsarex, UUID: e9907457-0251-42de-86b7-32289c19a6c4
[27May2025 00:33:08.820] [modloading-worker-0/INFO] [Enigmatic Legacy/]: Believer: Tar, UUID: 64d64b70-fde8-467e-ad70-271d5ddf26f6
[27May2025 00:33:08.820] [modloading-worker-0/INFO] [Enigmatic Legacy/]: Believer: Strgnv, UUID: 93f46b5e-3f96-4bde-9de9-96e7210441f9
[27May2025 00:33:08.820] [modloading-worker-0/INFO] [Enigmatic Legacy/]: Believer: SoulRacer65, UUID: a9ca1491-c6b2-4502-a585-94336fb07e75
[27May2025 00:33:08.820] [modloading-worker-0/INFO] [Enigmatic Legacy/]: Believer: legitch, UUID: 64906813-adac-4aa9-8ac9-f25dbb677102
[27May2025 00:33:08.820] [modloading-worker-0/INFO] [Enigmatic Legacy/]: Believer: TheOutlander, UUID: 9c22cd32-4dff-42b9-946c-69548781f894
[27May2025 00:33:08.820] [modloading-worker-0/INFO] [Enigmatic Legacy/]: Believer: Crobee, UUID: ed207d6d-0bec-4e0b-9674-d8455f017441
[27May2025 00:33:08.821] [modloading-worker-0/INFO] [Enigmatic Legacy/]: Believer: Exlor, UUID: d45f7a78-513c-43ed-b2f7-6447a92ddaf2
[27May2025 00:33:08.821] [modloading-worker-0/INFO] [Enigmatic Legacy/]: Believer: IaruEmbyr, UUID: 97b38aa9-8c8b-4b50-8b69-f71db9a5c2d3
[27May2025 00:33:08.821] [modloading-worker-0/INFO] [Enigmatic Legacy/]: Believer: HunterPhantom, UUID: b818e7a3-997e-4456-a7f0-dc7c97c42892
[27May2025 00:33:08.821] [modloading-worker-0/INFO] [Enigmatic Legacy/]: Believer: Azure, UUID: 4aeb4bcc-e4b3-4851-9c1f-13d41ad7f37c
[27May2025 00:33:08.821] [modloading-worker-0/INFO] [Enigmatic Legacy/]: Believer: PixelVoxel, UUID: f9e9d0d6-eb43-46db-ae6e-b0950668c06d
[27May2025 00:33:08.821] [modloading-worker-0/INFO] [Enigmatic Legacy/]: Believer: Izures, UUID: 4c2145c9-be1a-4ae4-bb9f-0003bd221a98
[27May2025 00:33:08.821] [modloading-worker-0/INFO] [Enigmatic Legacy/]: Believer: 0thLaw, UUID: a4ef9810-6c0b-45a6-9895-6bbebc70e001
[27May2025 00:33:08.822] [modloading-worker-0/INFO] [Enigmatic Legacy/]: Believer: Nexus, UUID: 08e81c68-0a2f-4625-882b-ddcf3c86e351
[27May2025 00:33:08.822] [modloading-worker-0/INFO] [Enigmatic Legacy/]: Believer: Fetrex, UUID: d7d73994-0fa5-4690-a8dd-4dc850563f4e
[27May2025 00:33:08.822] [modloading-worker-0/INFO] [Enigmatic Legacy/]: Believer: MasterGentar, UUID: 86a110be-dc85-4d2c-82d3-3669cb61db8f
[27May2025 00:33:08.822] [modloading-worker-0/INFO] [Enigmatic Legacy/]: Believer: Dimagic, UUID: 34128f78-ad16-4ef3-a647-bb13f0aea775
[27May2025 00:33:08.822] [modloading-worker-0/INFO] [Enigmatic Legacy/]: Believer: probablyastar, UUID: 8f0f3658-5644-4f21-b5ea-324153338d87
[27May2025 00:33:08.822] [modloading-worker-0/INFO] [Enigmatic Legacy/]: Believer: Toastr125, UUID: 5cd5f647-d3bb-412e-b60c-0aaae21bcddd
[27May2025 00:33:08.822] [modloading-worker-0/INFO] [Enigmatic Legacy/]: Believer: YesPyro, UUID: 82a617a0-56fe-4ead-82d4-9d968ca7c777
[27May2025 00:33:08.822] [modloading-worker-0/INFO] [Enigmatic Legacy/]: Believer: Amadhe, UUID: 8bdb26a8-7687-49e5-829b-f298cfc10508
[27May2025 00:33:08.822] [modloading-worker-0/INFO] [Enigmatic Legacy/]: Believer: Hyperion, UUID: 143e257c-b945-4700-85d2-ebcf63c1811f
[27May2025 00:33:08.822] [modloading-worker-0/INFO] [Enigmatic Legacy/]: Believer: prism182, UUID: f9048245-89cb-456c-aa2b-cc8e9d8b8c76
[27May2025 00:33:08.822] [modloading-worker-0/INFO] [Enigmatic Legacy/]: Believer: Celeste-ialGamer, UUID: 4822d847-93c1-4efd-bd9f-b2d56ba1608d
[27May2025 00:33:08.822] [modloading-worker-0/INFO] [Enigmatic Legacy/]: Believer: Snow_guy864335, UUID: a4fa93e5-c243-4b7b-b69a-6943152a5d2d
[27May2025 00:33:08.822] [modloading-worker-0/INFO] [Enigmatic Legacy/]: Believer: Dvyant, UUID: f75e74cb-d289-459f-8d28-ea3668541e32
[27May2025 00:33:08.822] [modloading-worker-0/INFO] [Enigmatic Legacy/]: Believer: Naoro, UUID: 7a195143-a6cd-4efb-8e57-deac4b7636d7
[27May2025 00:33:08.822] [modloading-worker-0/INFO] [Enigmatic Legacy/]: Believer: millie, UUID: f4fac73a-0ada-4e50-bbed-61b06f1a4d18
[27May2025 00:33:08.822] [modloading-worker-0/INFO] [Enigmatic Legacy/]: Believer: NinjaFox, UUID: 834a2387-6dec-4d57-8bd3-72be2a54ed54
[27May2025 00:33:08.822] [modloading-worker-0/INFO] [Enigmatic Legacy/]: Believer: ProstoChel, UUID: 1fd0b74a-536b-4a65-a849-5c607c950396
[27May2025 00:33:08.822] [modloading-worker-0/INFO] [Enigmatic Legacy/]: Believer: (Ne)TyMVS, UUID: ac159e63-a757-4f7d-8c2c-73469a715ff3
[27May2025 00:33:08.822] [modloading-worker-0/INFO] [Enigmatic Legacy/]: Believer: TheMuffinMan, UUID: 20f48143-1e09-4c89-9c85-085b70c76953
[27May2025 00:33:08.822] [modloading-worker-0/INFO] [Enigmatic Legacy/]: Believer: solmortis, UUID: f6dbd5e9-701c-4c76-8a48-0ba4b687c76d
[27May2025 00:33:08.822] [modloading-worker-0/INFO] [Enigmatic Legacy/]: Believer: Eternal_Banisher, UUID: 387aa6d4-f388-400f-b9c5-1514f238ceae
[27May2025 00:33:08.823] [modloading-worker-0/INFO] [Enigmatic Legacy/]: Believer: AbsorbingSafe11, UUID: 343ad979-87b7-4dfa-88b8-3f3fdc2e00ab
[27May2025 00:33:08.823] [modloading-worker-0/INFO] [Enigmatic Legacy/]: Believer: Stygian, UUID: f6c7001f-4ce8-43f7-b4a1-a9d9d5fadb93
[27May2025 00:33:08.823] [modloading-worker-0/INFO] [Enigmatic Legacy/]: Believer: PikachuGabe0, UUID: ca7b21a6-76a5-4ea6-af48-b90f66e4f2b1
[27May2025 00:33:08.823] [modloading-worker-0/INFO] [Enigmatic Legacy/]: Believer: Purifier, UUID: 58c97c29-2c25-4320-a1d2-8e5651de506b
[27May2025 00:33:08.823] [modloading-worker-0/INFO] [Enigmatic Legacy/]: Believer: Sam/Barker, UUID: 0179c9aa-12c8-423c-bf96-d53c9ed479dd
[27May2025 00:33:08.823] [modloading-worker-0/INFO] [Enigmatic Legacy/]: Believer: Ciege, UUID: 48b866bf-a574-4a10-b7bd-2d83d056452d
[27May2025 00:33:08.823] [modloading-worker-0/INFO] [Enigmatic Legacy/]: Believer: Solbaify, UUID: 5679a7e1-29f4-4bdc-bd60-5f642d95ad68
[27May2025 00:33:08.823] [modloading-worker-0/INFO] [Enigmatic Legacy/]: Believer: Samola345, UUID: b657c54f-3174-4434-bed8-14d7be8634b3
[27May2025 00:33:08.823] [modloading-worker-0/INFO] [Enigmatic Legacy/]: Believer: Ozzi, UUID: 7d52df8b-963d-45c2-9c8a-aa7f20ae0659
[27May2025 00:33:08.823] [modloading-worker-0/INFO] [Enigmatic Legacy/]: Believer: Arix, UUID: c13feccd-e582-4ae1-aee7-35e8acf7e9e1
[27May2025 00:33:08.823] [modloading-worker-0/INFO] [Enigmatic Legacy/]: Believer: Nechronom, UUID: 84b933b8-9688-4021-a039-eed55c985548
[27May2025 00:33:08.823] [modloading-worker-0/INFO] [Enigmatic Legacy/]: Believer: Thauma, UUID: facc8bc4-a623-47dc-af89-ba979ac159b5
[27May2025 00:33:08.823] [modloading-worker-0/INFO] [Enigmatic Legacy/]: Believer: GrekvarZikurah, UUID: f251c109-8214-4882-b0b4-332441843a50
[27May2025 00:33:08.824] [modloading-worker-0/INFO] [Enigmatic Legacy/]: Believer: Sebaty5, UUID: c6dd33f1-e851-40b4-840d-6af5ebe4ea3b
[27May2025 00:33:08.824] [modloading-worker-0/INFO] [Enigmatic Legacy/]: Believer: MarceDev, UUID: 24b26788-1ce6-44a6-a4df-45202850a9ef
[27May2025 00:33:08.824] [modloading-worker-0/INFO] [Enigmatic Legacy/]: Believer: Xathanon, UUID: 806dc0b8-7d90-4776-b870-37fda466a13f
[27May2025 00:33:08.824] [modloading-worker-0/INFO] [Enigmatic Legacy/]: Believer: Jusey1, UUID: 5f311b1c-8557-42cc-9c33-3605ea8f524f
[27May2025 00:33:08.824] [modloading-worker-0/INFO] [Enigmatic Legacy/]: Believer: swagfredbear27, UUID: c98b3962-3ea9-47f8-820d-134ce2691af0
[27May2025 00:33:08.824] [modloading-worker-0/INFO] [Enigmatic Legacy/]: Believer: CrazyHamburger, UUID: 57282a53-522e-4f8c-9f44-19d2068668d7
[27May2025 00:33:08.824] [modloading-worker-0/INFO] [Enigmatic Legacy/]: Believer: UwUent, UUID: 43124493-b135-4467-8460-f04e7e845b63
[27May2025 00:33:08.824] [modloading-worker-0/INFO] [Enigmatic Legacy/]: Believer: angelman, UUID: 85efda35-7bc1-48c5-a392-f3c23047212f
[27May2025 00:33:08.824] [modloading-worker-0/INFO] [Enigmatic Legacy/]: Believer: Madis0, UUID: 581a3f25-db2c-4e52-9823-62e9e4730daa
[27May2025 00:33:08.824] [modloading-worker-0/INFO] [Enigmatic Legacy/]: Believer: Destiny, UUID: 38edb8bc-816f-47b7-95d9-f67af6017f2f
[27May2025 00:33:08.824] [modloading-worker-0/INFO] [Enigmatic Legacy/INFO]: Load completion phase finished successfully
[27May2025 00:33:09.299] [Forge Version Check/INFO] [net.minecraftforge.fml.VersionChecker/]: [structure_gel] Found status: BETA Current: 2.16.2 Target: null
[27May2025 00:33:09.299] [Forge Version Check/INFO] [net.minecraftforge.fml.VersionChecker/]: [advancementplaques] Starting version check at https://mc-update-check.anthonyhilyard.com/499826
[27May2025 00:33:09.765] [main/INFO] [com.mojang.authlib.yggdrasil.YggdrasilAuthenticationService/]: Environment: authHost='https://authserver.mojang.com', accountsHost='https://api.mojang.com', sessionHost='https://sessionserver.mojang.com', servicesHost='https://api.minecraftservices.com', name='PROD'
[27May2025 00:33:09.952] [Forge Version Check/INFO] [net.minecraftforge.fml.VersionChecker/]: [advancementplaques] Found status: UP_TO_DATE Current: 1.6.9 Target: null
[27May2025 00:33:09.952] [Forge Version Check/INFO] [net.minecraftforge.fml.VersionChecker/]: [mr_tidal_towns] Starting version check at https://api.modrinth.com/updates/EEIwvQVo/forge_updates.json
[27May2025 00:33:09.994] [main/WARN] [net.minecraftforge.common.ForgeHooks/WP]: The following mods have version differences that were not resolved:
forge (version 47.4.0 -> 47.3.7)
Things may not work well.
[27May2025 00:33:10.132] [Forge Version Check/INFO] [net.minecraftforge.fml.VersionChecker/]: [mr_tidal_towns] Found status: OUTDATED Current: 1.3.4 Target: 1.3.4+mod
[27May2025 00:33:10.133] [Forge Version Check/INFO] [net.minecraftforge.fml.VersionChecker/]: [searchables] Starting version check at https://updates.blamejared.com/get?n=searchables&gv=1.20.1
[27May2025 00:33:10.341] [Forge Version Check/INFO] [net.minecraftforge.fml.VersionChecker/]: [searchables] Found status: BETA Current: 1.0.3 Target: 1.0.3
[27May2025 00:33:10.342] [Forge Version Check/INFO] [net.minecraftforge.fml.VersionChecker/]: [mr_dungeons_andtaverns] Starting version check at https://api.modrinth.com/updates/tpehi7ww/forge_updates.json
[27May2025 00:33:10.524] [Forge Version Check/INFO] [net.minecraftforge.fml.VersionChecker/]: [mr_dungeons_andtaverns] Found status: OUTDATED Current: 3.0.3.f Target: 3.0.3.f+mod
[27May2025 00:33:10.524] [Forge Version Check/INFO] [net.minecraftforge.fml.VersionChecker/]: [tombstone] Starting version check at https://raw.githubusercontent.com/Corail31/tombstone_lite/master/update.json
[27May2025 00:33:10.539] [Forge Version Check/INFO] [net.minecraftforge.fml.VersionChecker/]: [tombstone] Found status: OUTDATED Current: 8.9.4 Target: 8.9.5
[27May2025 00:33:10.540] [Forge Version Check/INFO] [net.minecraftforge.fml.VersionChecker/]: [scalinghealth] Starting version check at https://raw.githubusercontent.com/SilentChaos512/ScalingHealth/1.18/update.json
[27May2025 00:33:10.547] [Forge Version Check/INFO] [net.minecraftforge.fml.VersionChecker/]: [scalinghealth] Found status: BETA Current: 8.0.2+9 Target: null
[27May2025 00:33:10.548] [Forge Version Check/INFO] [net.minecraftforge.fml.VersionChecker/]: [radium] Starting version check at https://api.modrinth.com/updates/radium/forge_updates.json
[27May2025 00:33:10.554] [main/WARN] [net.minecraft.server.packs.VanillaPackResourcesBuilder/]: Assets URL 'union:/home/angel11152008/Server/servidor_minecraft/libraries/net/minecraft/server/1.20.1-20230612.114412/server-1.20.1-20230612.114412-srg.jar%23467!/assets/.mcassetsroot' uses unexpected schema
[27May2025 00:33:10.555] [main/WARN] [net.minecraft.server.packs.VanillaPackResourcesBuilder/]: Assets URL 'union:/home/angel11152008/Server/servidor_minecraft/libraries/net/minecraft/server/1.20.1-20230612.114412/server-1.20.1-20230612.114412-srg.jar%23467!/data/.mcassetsroot' uses unexpected schema
[27May2025 00:33:10.555] [main/ERROR] [net.minecraft.server.packs.VanillaPackResourcesBuilder/]: File /addon/.mcassetsroot does not exist in classpath
[27May2025 00:33:10.570] [main/WARN] [mixin/]: Static binding violation: PRIVATE @Overwrite method m_215924_ in modernfix-forge.mixins.json:perf.tag_id_caching.TagEntryMixin cannot reduce visibiliy of PUBLIC target method, visibility will be upgraded.
[27May2025 00:33:10.696] [Forge Version Check/INFO] [net.minecraftforge.fml.VersionChecker/]: [radium] Found status: AHEAD Current: 0.12.4+git.26c9d8e Target: null
[27May2025 00:33:10.696] [Forge Version Check/INFO] [net.minecraftforge.fml.VersionChecker/]: [fastload] Starting version check at https://github.com/BumbleSoftware/Fastload/raw/Forge-1.20.1/updates.json
[27May2025 00:33:10.711] [Forge Version Check/INFO] [net.minecraftforge.fml.VersionChecker/]: [fastload] Found status: UP_TO_DATE Current: 3.4.0 Target: null
[27May2025 00:33:10.711] [Forge Version Check/INFO] [net.minecraftforge.fml.VersionChecker/]: [attributefix] Starting version check at https://updates.blamejared.com/get?n=attributefix&gv=1.20.1
[27May2025 00:33:10.819] [main/INFO] [com.simibubi.create.Create/]: Created 265 recipes which will be injected into the game
[27May2025 00:33:10.829] [main/INFO] [com.simibubi.create.Create/]: Created 3 tags which will be injected into the game
[27May2025 00:33:10.918] [Forge Version Check/INFO] [net.minecraftforge.fml.VersionChecker/]: [attributefix] Found status: BETA Current: 21.0.4 Target: 21.0.4
[27May2025 00:33:10.919] [Forge Version Check/INFO] [net.minecraftforge.fml.VersionChecker/]: [goblintraders] Starting version check at https://mrcrayfish.com/modupdatejson?id=goblintraders
[27May2025 00:33:11.123] [main/INFO] [Supplementaries/]: Generated runtime SERVER_DATA for pack Supplementaries Generated Pack (supplementaries) in: 108 ms
[27May2025 00:33:11.158] [Forge Version Check/WARN] [net.minecraftforge.fml.VersionChecker/]: Failed to process update information
com.google.gson.JsonSyntaxException: java.lang.IllegalStateException: Expected BEGIN_OBJECT but was STRING at line 1 column 1 path $
	at com.google.gson.Gson.fromJson(Gson.java:1226) ~[gson-2.10.jar%2372!/:?]
	at com.google.gson.Gson.fromJson(Gson.java:1124) ~[gson-2.10.jar%2372!/:?]
	at com.google.gson.Gson.fromJson(Gson.java:1034) ~[gson-2.10.jar%2372!/:?]
	at com.google.gson.Gson.fromJson(Gson.java:969) ~[gson-2.10.jar%2372!/:?]
	at net.minecraftforge.fml.VersionChecker$1.process(VersionChecker.java:183) ~[fmlcore-1.20.1-47.3.7.jar%23468!/:?]
	at java.lang.Iterable.forEach(Iterable.java:75) ~[?:?]
	at net.minecraftforge.fml.VersionChecker$1.run(VersionChecker.java:114) ~[fmlcore-1.20.1-47.3.7.jar%23468!/:?]
Caused by: java.lang.IllegalStateException: Expected BEGIN_OBJECT but was STRING at line 1 column 1 path $
	at com.google.gson.stream.JsonReader.beginObject(JsonReader.java:393) ~[gson-2.10.jar%2372!/:?]
	at com.google.gson.internal.bind.MapTypeAdapterFactory$Adapter.read(MapTypeAdapterFactory.java:182) ~[gson-2.10.jar%2372!/:?]
	at com.google.gson.internal.bind.MapTypeAdapterFactory$Adapter.read(MapTypeAdapterFactory.java:144) ~[gson-2.10.jar%2372!/:?]
	at com.google.gson.Gson.fromJson(Gson.java:1214) ~[gson-2.10.jar%2372!/:?]
	... 6 more
[27May2025 00:33:11.159] [Forge Version Check/INFO] [net.minecraftforge.fml.VersionChecker/]: [puzzlesaccessapi] Starting version check at https://raw.githubusercontent.com/Fuzss/modresources/main/update/puzzlesaccessapi.json
[27May2025 00:33:11.168] [Forge Version Check/INFO] [net.minecraftforge.fml.VersionChecker/]: [puzzlesaccessapi] Found status: BETA Current: 20.1.1 Target: null
[27May2025 00:33:11.168] [Forge Version Check/INFO] [net.minecraftforge.fml.VersionChecker/]: [forge] Starting version check at https://files.minecraftforge.net/net/minecraftforge/forge/promotions_slim.json
[27May2025 00:33:11.179] [main/INFO] [Supplementaries/]: Generated runtime SERVER_DATA for pack Supplementaries Generated Pack (supplementaries) in: 7 ms
[27May2025 00:33:11.191] [main/ERROR] [net.minecraft.server.packs.AbstractPackResources/]: Couldn't load pack metadata
com.google.gson.JsonSyntaxException: Missing pack_format, expected to find a Int
	at net.minecraft.util.GsonHelper.m_13927_(GsonHelper.java:277) ~[server-1.20.1-20230612.114412-srg.jar%23467!/:?]
	at net.minecraft.server.packs.metadata.pack.PackMetadataSectionSerializer.m_6322_(PackMetadataSectionSerializer.java:15) ~[server-1.20.1-20230612.114412-srg.jar%23467!/:?]
	at net.minecraft.server.packs.metadata.pack.PackMetadataSectionSerializer.m_6322_(PackMetadataSectionSerializer.java:9) ~[server-1.20.1-20230612.114412-srg.jar%23467!/:?]
	at net.minecraft.server.packs.AbstractPackResources.m_10214_(AbstractPackResources.java:52) ~[server-1.20.1-20230612.114412-srg.jar%23467!/:?]
	at net.minecraft.server.packs.AbstractPackResources.m_5550_(AbstractPackResources.java:33) ~[server-1.20.1-20230612.114412-srg.jar%23467!/:?]
	at net.minecraft.server.packs.repository.Pack.m_246334_(Pack.java:60) ~[server-1.20.1-20230612.114412-srg.jar%23467!/:?]
	at net.minecraft.server.packs.repository.Pack.m_245429_(Pack.java:35) ~[server-1.20.1-20230612.114412-srg.jar%23467!/:?]
	at net.threetag.palladium.addonpack.forge.AddonPackManagerImpl$ModPackSource.m_7686_(AddonPackManagerImpl.java:49) ~[palladium-4.2.1+1.20.1-forge.jar%23402!/:4.2.1+1.20.1]
	at net.minecraft.server.packs.repository.PackRepository.m_10526_(PackRepository.java:39) ~[server-1.20.1-20230612.114412-srg.jar%23467!/:?]
	at net.minecraft.server.packs.repository.PackRepository.m_10506_(PackRepository.java:31) ~[server-1.20.1-20230612.114412-srg.jar%23467!/:?]
	at dev.latvian.mods.kubejs.script.ScriptManager.handler$cah000$loadFromDirectory(ScriptManager.java:537) ~[kubejs-forge-2001.6.5-build.16.jar%23377!/:2001.6.5-build.16]
	at dev.latvian.mods.kubejs.script.ScriptManager.loadFromDirectory(ScriptManager.java:150) ~[kubejs-forge-2001.6.5-build.16.jar%23377!/:2001.6.5-build.16]
	at dev.latvian.mods.kubejs.script.ScriptManager.reload(ScriptManager.java:72) ~[kubejs-forge-2001.6.5-build.16.jar%23377!/:2001.6.5-build.16]
	at dev.latvian.mods.kubejs.server.ServerScriptManager.wrapResourceManager(ServerScriptManager.java:85) ~[kubejs-forge-2001.6.5-build.16.jar%23377!/:2001.6.5-build.16]
	at net.minecraft.server.WorldLoader$PackConfig.localvar$cic000$injectKubeJSPacks(WorldLoader.java:515) ~[server-1.20.1-20230612.114412-srg.jar%23467!/:?]
	at net.minecraft.server.WorldLoader$PackConfig.m_214399_(WorldLoader.java:80) ~[server-1.20.1-20230612.114412-srg.jar%23467!/:?]
	at net.minecraft.server.WorldLoader.m_214362_(WorldLoader.java:28) ~[server-1.20.1-20230612.114412-srg.jar%23467!/:?]
	at net.minecraft.server.Main.lambda$main$2(Main.java:167) ~[server-1.20.1-20230612.114412-srg.jar%23467!/:?]
	at net.minecraft.Util.m_214652_(Util.java:777) ~[server-1.20.1-20230612.114412-srg.jar%23467!/:?]
	at net.minecraft.Util.m_214679_(Util.java:772) ~[server-1.20.1-20230612.114412-srg.jar%23467!/:?]
	at net.minecraft.server.Main.main(Main.java:166) ~[server-1.20.1-20230612.114412-srg.jar%23467!/:?]
	at jdk.internal.reflect.NativeMethodAccessorImpl.invoke0(Native Method) ~[?:?]
	at jdk.internal.reflect.NativeMethodAccessorImpl.invoke(NativeMethodAccessorImpl.java:77) ~[?:?]
	at jdk.internal.reflect.DelegatingMethodAccessorImpl.invoke(DelegatingMethodAccessorImpl.java:43) ~[?:?]
	at java.lang.reflect.Method.invoke(Method.java:569) ~[?:?]
	at net.minecraftforge.fml.loading.targets.CommonLaunchHandler.runTarget(CommonLaunchHandler.java:111) ~[fmlloader-1.20.1-47.3.7.jar%2369!/:?]
	at net.minecraftforge.fml.loading.targets.CommonLaunchHandler.serverService(CommonLaunchHandler.java:103) ~[fmlloader-1.20.1-47.3.7.jar%2369!/:?]
	at net.minecraftforge.fml.loading.targets.CommonServerLaunchHandler.lambda$makeService$0(CommonServerLaunchHandler.java:27) ~[fmlloader-1.20.1-47.3.7.jar%2369!/:?]
	at cpw.mods.modlauncher.LaunchServiceHandlerDecorator.launch(LaunchServiceHandlerDecorator.java:30) ~[modlauncher-10.0.9.jar%2355!/:?]
	at cpw.mods.modlauncher.LaunchServiceHandler.launch(LaunchServiceHandler.java:53) ~[modlauncher-10.0.9.jar%2355!/:?]
	at cpw.mods.modlauncher.LaunchServiceHandler.launch(LaunchServiceHandler.java:71) ~[modlauncher-10.0.9.jar%2355!/:?]
	at cpw.mods.modlauncher.Launcher.run(Launcher.java:108) ~[modlauncher-10.0.9.jar%2355!/:?]
	at cpw.mods.modlauncher.Launcher.main(Launcher.java:78) ~[modlauncher-10.0.9.jar%2355!/:?]
	at cpw.mods.modlauncher.BootstrapLaunchConsumer.accept(BootstrapLaunchConsumer.java:26) ~[modlauncher-10.0.9.jar%2355!/:?]
	at cpw.mods.modlauncher.BootstrapLaunchConsumer.accept(BootstrapLaunchConsumer.java:23) ~[modlauncher-10.0.9.jar%2355!/:?]
	at cpw.mods.bootstraplauncher.BootstrapLauncher.main(BootstrapLauncher.java:141) ~[bootstraplauncher-1.1.2.jar:?]
[27May2025 00:33:11.194] [main/WARN] [net.minecraft.server.packs.repository.Pack/]: Missing metadata in pack mod:minecraft
[27May2025 00:33:11.355] [Forge Version Check/INFO] [net.minecraftforge.fml.VersionChecker/]: [forge] Found status: OUTDATED Current: 47.3.7 Target: 47.4.0
[27May2025 00:33:11.356] [Forge Version Check/INFO] [net.minecraftforge.fml.VersionChecker/]: [voicechat] Starting version check at https://update.maxhenkel.de/forge/voicechat
[27May2025 00:33:12.280] [Forge Version Check/INFO] [net.minecraftforge.fml.VersionChecker/]: [voicechat] Found status: AHEAD Current: 1.20.1-2.5.30 Target: null
[27May2025 00:33:12.281] [Forge Version Check/INFO] [net.minecraftforge.fml.VersionChecker/]: [sound_physics_remastered] Starting version check at https://update.maxhenkel.de/forge/sound_physics_remastered
[27May2025 00:33:12.486] [Forge Version Check/INFO] [net.minecraftforge.fml.VersionChecker/]: [sound_physics_remastered] Found status: OUTDATED Current: 1.20.1-1.4.10 Target: 1.20.1-1.4.13
[27May2025 00:33:12.486] [Forge Version Check/INFO] [net.minecraftforge.fml.VersionChecker/]: [puzzleslib] Starting version check at https://raw.githubusercontent.com/Fuzss/modresources/main/update/puzzleslib.json
[27May2025 00:33:12.492] [Forge Version Check/INFO] [net.minecraftforge.fml.VersionChecker/]: [puzzleslib] Found status: UP_TO_DATE Current: 8.1.32 Target: null
[27May2025 00:33:12.493] [Forge Version Check/INFO] [net.minecraftforge.fml.VersionChecker/]: [ad_astra] Starting version check at https://api.modrinth.com/updates/3ufwT9JF/forge_updates.json
[27May2025 00:33:12.685] [Forge Version Check/INFO] [net.minecraftforge.fml.VersionChecker/]: [ad_astra] Found status: UP_TO_DATE Current: 1.15.20 Target: null
[27May2025 00:33:12.685] [Forge Version Check/INFO] [net.minecraftforge.fml.VersionChecker/]: [cyclopscore] Starting version check at https://raw.githubusercontent.com/CyclopsMC/Versions/master/forge_update/cyclops-core.json
[27May2025 00:33:12.881] [Forge Version Check/INFO] [net.minecraftforge.fml.VersionChecker/]: [cyclopscore] Found status: OUTDATED Current: 1.19.10 Target: 1.20.0
[27May2025 00:33:12.881] [Forge Version Check/INFO] [net.minecraftforge.fml.VersionChecker/]: [palladium] Starting version check at https://squirrelcontrol.threetag.net/api/forge_updates/threetag-palladium
[27May2025 00:33:13.573] [main/INFO] [KubeJS Server/]: example.js#5: Hello, World! (Loaded server scripts)
[27May2025 00:33:13.574] [main/INFO] [KubeJS Server/]: Loaded script server_scripts:example.js in 0.0 s
[27May2025 00:33:13.576] [main/INFO] [KubeJS Server/]: Loaded script addonpack_alienevo:kubejs_scripts/xp.js in 0.002 s
[27May2025 00:33:13.579] [main/INFO] [KubeJS Server/]: Loaded script addonpack_alienevo:kubejs_scripts/workbench_items.js in 0.002 s
[27May2025 00:33:13.621] [main/INFO] [com.cupboard.Cupboard/]: Loaded config for: connectivity.json
[27May2025 00:33:13.621] [main/INFO] [KubeJS Server/]: Loaded script addonpack_alienevo:kubejs_scripts/workbench.js in 0.042 s
[27May2025 00:33:13.627] [main/INFO] [KubeJS Server/]: Loaded script addonpack_alienevo:kubejs_scripts/quick_change.js in 0.005 s
[27May2025 00:33:13.631] [main/INFO] [KubeJS Server/]: Loaded script addonpack_alienevo:kubejs_scripts/pod_loot.js in 0.003 s
[27May2025 00:33:13.637] [main/INFO] [KubeJS Server/]: Loaded script addonpack_alienevo:kubejs_scripts/playlist_command.js in 0.006 s
[27May2025 00:33:13.637] [main/INFO] [KubeJS Server/]: Loaded script addonpack_alienevo:kubejs_scripts/palladium_properties.js in 0.0 s
[27May2025 00:33:13.638] [main/INFO] [KubeJS Server/]: Loaded script addonpack_alienevo:kubejs_scripts/nbt_omnitrix.js in 0.0 s
[27May2025 00:33:13.640] [main/INFO] [KubeJS Server/]: Loaded script addonpack_alienevo:kubejs_scripts/level_command.js in 0.002 s
[27May2025 00:33:13.642] [main/INFO] [KubeJS Server/]: Loaded script addonpack_alienevo:kubejs_scripts/hit.js in 0.002 s
[27May2025 00:33:13.642] [main/INFO] [KubeJS Server/]: Loaded script addonpack_alienevo:kubejs_scripts/flammable_block.js in 0.0 s
[27May2025 00:33:13.645] [main/INFO] [KubeJS Server/]: Loaded script addonpack_alienevo:kubejs_scripts/failsafe.js in 0.003 s
[27May2025 00:33:13.647] [main/INFO] [KubeJS Server/]: Loaded script addonpack_alienevo:kubejs_scripts/code_hints.js in 0.002 s
[27May2025 00:33:13.647] [main/INFO] [KubeJS Server/]: Loaded script addonpack_alienevo:kubejs_scripts/break_block.js in 0.0 s
[27May2025 00:33:13.648] [main/INFO] [KubeJS Server/]: Loaded script addonpack_alienevo:kubejs_scripts/alien_death.js in 0.001 s
[27May2025 00:33:13.648] [main/INFO] [KubeJS Server/]: Loaded 16/16 KubeJS server scripts in 0.098 s with 0 errors and 0 warnings
[27May2025 00:33:13.648] [main/INFO] [KubeJS Server/]: Scripts loaded
[27May2025 00:33:13.677] [Forge Version Check/INFO] [net.minecraftforge.fml.VersionChecker/]: [palladium] Found status: OUTDATED Current: 4.2.1 Target: 4.2.2
[27May2025 00:33:13.677] [Forge Version Check/INFO] [net.minecraftforge.fml.VersionChecker/]: [controlling] Starting version check at https://updates.blamejared.com/get?n=controlling&gv=1.20.1
[27May2025 00:33:13.886] [Forge Version Check/INFO] [net.minecraftforge.fml.VersionChecker/]: [controlling] Found status: BETA Current: 12.0.2 Target: 12.0.2
[27May2025 00:33:13.886] [Forge Version Check/INFO] [net.minecraftforge.fml.VersionChecker/]: [bookshelf] Starting version check at https://updates.blamejared.com/get?n=bookshelf&gv=1.20.1
[27May2025 00:33:14.094] [Forge Version Check/INFO] [net.minecraftforge.fml.VersionChecker/]: [bookshelf] Found status: BETA Current: 20.2.13 Target: 20.2.13
[27May2025 00:33:14.094] [Forge Version Check/INFO] [net.minecraftforge.fml.VersionChecker/]: [additionalstructures] Starting version check at https://raw.githubusercontent.com/XxRexRaptorxX/Update-Checker/main/AdditionalStructures.json
[27May2025 00:33:14.098] [Forge Version Check/INFO] [net.minecraftforge.fml.VersionChecker/]: [additionalstructures] Found status: UP_TO_DATE Current: 4.2.2 Target: null
[27May2025 00:33:14.098] [Forge Version Check/INFO] [net.minecraftforge.fml.VersionChecker/]: [dungeons_enhanced] Starting version check at https://raw.githubusercontent.com/Ametrin-Studios/DungeonsEnhanced/refs/heads/master/update.json
[27May2025 00:33:14.227] [Forge Version Check/INFO] [net.minecraftforge.fml.VersionChecker/]: [dungeons_enhanced] Found status: UP_TO_DATE Current: 5.3.0 Target: null
[27May2025 00:33:14.227] [Forge Version Check/INFO] [net.minecraftforge.fml.VersionChecker/]: [framework] Starting version check at https://mrcrayfish.com/modupdatejson?id=framework
[27May2025 00:33:14.232] [Forge Version Check/WARN] [net.minecraftforge.fml.VersionChecker/]: Failed to process update information
com.google.gson.JsonSyntaxException: java.lang.IllegalStateException: Expected BEGIN_OBJECT but was STRING at line 1 column 1 path $
	at com.google.gson.Gson.fromJson(Gson.java:1226) ~[gson-2.10.jar%2372!/:?]
	at com.google.gson.Gson.fromJson(Gson.java:1124) ~[gson-2.10.jar%2372!/:?]
	at com.google.gson.Gson.fromJson(Gson.java:1034) ~[gson-2.10.jar%2372!/:?]
	at com.google.gson.Gson.fromJson(Gson.java:969) ~[gson-2.10.jar%2372!/:?]
	at net.minecraftforge.fml.VersionChecker$1.process(VersionChecker.java:183) ~[fmlcore-1.20.1-47.3.7.jar%23468!/:?]
	at java.lang.Iterable.forEach(Iterable.java:75) ~[?:?]
	at net.minecraftforge.fml.VersionChecker$1.run(VersionChecker.java:114) ~[fmlcore-1.20.1-47.3.7.jar%23468!/:?]
Caused by: java.lang.IllegalStateException: Expected BEGIN_OBJECT but was STRING at line 1 column 1 path $
	at com.google.gson.stream.JsonReader.beginObject(JsonReader.java:393) ~[gson-2.10.jar%2372!/:?]
	at com.google.gson.internal.bind.MapTypeAdapterFactory$Adapter.read(MapTypeAdapterFactory.java:182) ~[gson-2.10.jar%2372!/:?]
	at com.google.gson.internal.bind.MapTypeAdapterFactory$Adapter.read(MapTypeAdapterFactory.java:144) ~[gson-2.10.jar%2372!/:?]
	at com.google.gson.Gson.fromJson(Gson.java:1214) ~[gson-2.10.jar%2372!/:?]
	... 6 more
[27May2025 00:33:14.234] [Forge Version Check/INFO] [net.minecraftforge.fml.VersionChecker/]: [gamemenumodoption] Starting version check at https://raw.githubusercontent.com/MORIMORI0317/GameMenuModOption/master/version_check.json
[27May2025 00:33:14.239] [Forge Version Check/INFO] [net.minecraftforge.fml.VersionChecker/]: [gamemenumodoption] Found status: UP_TO_DATE Current: 2.2.1 Target: null
[27May2025 00:33:14.239] [Forge Version Check/INFO] [net.minecraftforge.fml.VersionChecker/]: [easymagic] Starting version check at https://raw.githubusercontent.com/Fuzss/modresources/main/update/easymagic.json
[27May2025 00:33:14.247] [Forge Version Check/INFO] [net.minecraftforge.fml.VersionChecker/]: [easymagic] Found status: UP_TO_DATE Current: 8.0.1 Target: null
[27May2025 00:33:14.247] [Forge Version Check/INFO] [net.minecraftforge.fml.VersionChecker/]: [clumps] Starting version check at https://updates.blamejared.com/get?n=clumps&gv=1.20.1
[27May2025 00:33:14.507] [Forge Version Check/INFO] [net.minecraftforge.fml.VersionChecker/]: [clumps] Found status: BETA Current: 12.0.0.4 Target: 12.0.0.4
[27May2025 00:33:14.514] [Forge Version Check/INFO] [net.minecraftforge.fml.VersionChecker/]: [storagenetwork] Starting version check at https://raw.githubusercontent.com/Lothrazar/Storage-Network/trunk/1.19/update.json
[27May2025 00:33:14.520] [Forge Version Check/INFO] [net.minecraftforge.fml.VersionChecker/]: [storagenetwork] Found status: BETA Current: 1.12.2 Target: null
[27May2025 00:33:14.520] [Forge Version Check/INFO] [net.minecraftforge.fml.VersionChecker/]: [enchdesc] Starting version check at https://updates.blamejared.com/get?n=enchdesc&gv=1.20.1
[27May2025 00:33:14.727] [Forge Version Check/INFO] [net.minecraftforge.fml.VersionChecker/]: [enchdesc] Found status: BETA Current: 17.1.19 Target: 17.1.19
[27May2025 00:33:14.727] [Forge Version Check/INFO] [net.minecraftforge.fml.VersionChecker/]: [moonlight] Starting version check at https://raw.githubusercontent.com/MehVahdJukaar/Moonlight/multi-loader/forge/update.json
[27May2025 00:33:14.735] [Forge Version Check/INFO] [net.minecraftforge.fml.VersionChecker/]: [moonlight] Found status: BETA Current: 1.20-2.13.82 Target: null
[27May2025 00:33:14.735] [Forge Version Check/INFO] [net.minecraftforge.fml.VersionChecker/]: [silentlib] Starting version check at https://raw.githubusercontent.com/SilentChaos512/SilentLib/1.20.x/update.json
[27May2025 00:33:14.741] [Forge Version Check/INFO] [net.minecraftforge.fml.VersionChecker/]: [silentlib] Found status: BETA Current: 8.0.0 Target: null
[27May2025 00:33:14.741] [Forge Version Check/INFO] [net.minecraftforge.fml.VersionChecker/]: [iceberg] Starting version check at https://mc-update-check.anthonyhilyard.com/520110
[27May2025 00:33:14.886] [Forge Version Check/INFO] [net.minecraftforge.fml.VersionChecker/]: [iceberg] Found status: UP_TO_DATE Current: 1.1.25 Target: null
[27May2025 00:33:14.886] [Forge Version Check/INFO] [net.minecraftforge.fml.VersionChecker/]: [supplementaries] Starting version check at https://raw.githubusercontent.com/MehVahdJukaar/Supplementaries/1.20/forge/update.json
[27May2025 00:33:14.890] [Forge Version Check/INFO] [net.minecraftforge.fml.VersionChecker/]: [supplementaries] Found status: BETA Current: 1.20-3.1.30 Target: null
[27May2025 00:33:14.891] [Forge Version Check/INFO] [net.minecraftforge.fml.VersionChecker/]: [betterf3] Starting version check at https://api.modrinth.com/updates/betterf3/forge_updates.json
[27May2025 00:33:15.036] [Forge Version Check/INFO] [net.minecraftforge.fml.VersionChecker/]: [betterf3] Found status: UP_TO_DATE Current: 7.0.2 Target: null
[27May2025 00:33:17.472] [main/INFO] [mixin/]: Mixing AccessorAdvancementCommands from enigmaticlegacy.mixins.json into net.minecraft.server.commands.AdvancementCommands
[27May2025 00:33:17.472] [main/INFO] [mixin/]: Renaming @Accessor method getAdvancementSuggestions()Lcom/mojang/brigadier/suggestion/SuggestionProvider; to getAdvancementSuggestions_$md$f93074$0 in enigmaticlegacy.mixins.json:AccessorAdvancementCommands
[27May2025 00:33:18.530] [main/INFO] [com.github.alexthe666.alexsmobs.AlexsMobs/]: Adding datapack listener capsid_recipes
[27May2025 00:33:18.815] [Worker-Main-3/ERROR] [net.minecraft.tags.TagLoader/]: Couldn't load tag totw_modded:has_structure/aether_tower as it is missing following references: #aether:is_aether (from totw_modded-forge-1.20.1-1.0.6.jar)
[27May2025 00:33:18.816] [Worker-Main-3/ERROR] [net.minecraft.tags.TagLoader/]: Couldn't load tag totw_modded:has_structure/tw_mangrove_tower as it is missing following references: twilightforest:swamp (from totw_modded-forge-1.20.1-1.0.6.jar), 
	twilightforest:fire_swamp (from totw_modded-forge-1.20.1-1.0.6.jar)
[27May2025 00:33:18.817] [Worker-Main-3/ERROR] [net.minecraft.tags.TagLoader/]: Couldn't load tag totw_modded:has_structure/everdawn_tower as it is missing following references: blue_skies:unorthodox_valley (from totw_modded-forge-1.20.1-1.0.6.jar), 
	blue_skies:shaded_woodlands (from totw_modded-forge-1.20.1-1.0.6.jar), 
	blue_skies:crystal_dunes (from totw_modded-forge-1.20.1-1.0.6.jar), 
	blue_skies:crystal_dunes_spikes (from totw_modded-forge-1.20.1-1.0.6.jar), 
	blue_skies:sunset_maple_forest (from totw_modded-forge-1.20.1-1.0.6.jar), 
	blue_skies:rising_creek (from totw_modded-forge-1.20.1-1.0.6.jar), 
	blue_skies:crystal_roughs (from totw_modded-forge-1.20.1-1.0.6.jar), 
	blue_skies:searing_grassland (from totw_modded-forge-1.20.1-1.0.6.jar), 
	blue_skies:crescent_orchard (from totw_modded-forge-1.20.1-1.0.6.jar)
[27May2025 00:33:18.827] [Worker-Main-3/ERROR] [net.minecraft.tags.TagLoader/]: Couldn't load tag totw_modded:has_structure/ratlantis_tower as it is missing following references: rats:ratlantis (from totw_modded-forge-1.20.1-1.0.6.jar)
[27May2025 00:33:18.827] [Worker-Main-3/ERROR] [net.minecraft.tags.TagLoader/]: Couldn't load tag totw_modded:has_structure/tw_canopy_tower as it is missing following references: twilightforest:forest (from totw_modded-forge-1.20.1-1.0.6.jar), 
	twilightforest:spooky_forest (from totw_modded-forge-1.20.1-1.0.6.jar), 
	twilightforest:mushroom_forest (from totw_modded-forge-1.20.1-1.0.6.jar)
[27May2025 00:33:18.828] [Worker-Main-3/ERROR] [net.minecraft.tags.TagLoader/]: Couldn't load tag totw_modded:has_structure/everbright_tower as it is missing following references: blue_skies:calming_skies (from totw_modded-forge-1.20.1-1.0.6.jar), 
	blue_skies:brightlands (from totw_modded-forge-1.20.1-1.0.6.jar), 
	blue_skies:slushlands (from totw_modded-forge-1.20.1-1.0.6.jar), 
	blue_skies:frostbitten_forest (from totw_modded-forge-1.20.1-1.0.6.jar), 
	blue_skies:frostbitten_forest_clearing (from totw_modded-forge-1.20.1-1.0.6.jar), 
	blue_skies:snow_covered_pines (from totw_modded-forge-1.20.1-1.0.6.jar), 
	blue_skies:brisk_meadow (from totw_modded-forge-1.20.1-1.0.6.jar), 
	blue_skies:polar_highland (from totw_modded-forge-1.20.1-1.0.6.jar)
[27May2025 00:33:18.983] [Worker-Main-2/ERROR] [net.minecraft.tags.TagLoader/]: Couldn't load tag supplementaries:tipped_spikes_blacklist as it is missing following references: minecraft:oozing (from supplementaries-1.20-3.1.30.jar), 
	minecraft:infested (from supplementaries-1.20-3.1.30.jar)
[27May2025 00:33:19.531] [Worker-Main-1/WARN] [artifacts.Artifacts/]: Tag entries for curios:tags/items/magic_book.json cleared by tombstone-1.20.1-8.9.4.jar
[27May2025 00:33:19.599] [Worker-Main-1/INFO] [KubeJS Server/]: [minecraft:item] Found 1167 tags, added 3 objects, removed 0 objects
[27May2025 00:33:19.608] [Worker-Main-1/ERROR] [net.minecraft.tags.TagLoader/]: Couldn't load tag ctov:wares/cardboard_box as it is missing following references: wares:cardboard_box (from [forge]ctov-3.4.13.jar)
[27May2025 00:33:19.624] [Worker-Main-1/ERROR] [net.minecraft.tags.TagLoader/]: Couldn't load tag ctov:wares/sealed_delivery_agreement as it is missing following references: wares:sealed_delivery_agreement (from [forge]ctov-3.4.13.jar)
[27May2025 00:33:19.686] [Worker-Main-3/INFO] [KubeJS Server/]: [minecraft:block] Found 810 tags, added 9 objects, removed 0 objects
[27May2025 00:33:20.592] [Worker-Main-1/ERROR] [net.minecraftforge.common.ForgeHooks/]: Couldn't parse element loot_tables:alienevo:prototype_omnitrix
com.google.gson.JsonSyntaxException: Unknown type 'minecraft:enchant'
	at net.minecraft.world.level.storage.loot.GsonAdapterFactory$JsonAdapter.deserialize(GsonAdapterFactory.java:99) ~[server-1.20.1-20230612.114412-srg.jar%23467!/:?]
	at com.google.gson.internal.bind.TreeTypeAdapter.read(TreeTypeAdapter.java:76) ~[gson-2.10.jar%2372!/:?]
	at com.google.gson.internal.bind.TypeAdapterRuntimeTypeWrapper.read(TypeAdapterRuntimeTypeWrapper.java:40) ~[gson-2.10.jar%2372!/:?]
	at com.google.gson.internal.bind.ArrayTypeAdapter.read(ArrayTypeAdapter.java:72) ~[gson-2.10.jar%2372!/:?]
	at com.google.gson.Gson.fromJson(Gson.java:1214) ~[gson-2.10.jar%2372!/:?]
	at com.google.gson.Gson.fromJson(Gson.java:1319) ~[gson-2.10.jar%2372!/:?]
	at com.google.gson.Gson.fromJson(Gson.java:1290) ~[gson-2.10.jar%2372!/:?]
	at com.google.gson.internal.bind.TreeTypeAdapter$GsonContextImpl.deserialize(TreeTypeAdapter.java:179) ~[gson-2.10.jar%2372!/:?]
	at net.minecraft.util.GsonHelper.m_13808_(GsonHelper.java:463) ~[server-1.20.1-20230612.114412-srg.jar%23467!/:?]
	at net.minecraft.util.GsonHelper.m_13845_(GsonHelper.java:481) ~[server-1.20.1-20230612.114412-srg.jar%23467!/:?]
	at net.minecraft.world.level.storage.loot.entries.LootPoolSingletonContainer$Serializer.m_5921_(LootPoolSingletonContainer.java:149) ~[server-1.20.1-20230612.114412-srg.jar%23467!/:?]
	at net.minecraft.world.level.storage.loot.entries.LootPoolSingletonContainer$Serializer.m_5921_(LootPoolSingletonContainer.java:129) ~[server-1.20.1-20230612.114412-srg.jar%23467!/:?]
	at net.minecraft.world.level.storage.loot.entries.LootPoolEntryContainer$Serializer.m_7561_(LootPoolEntryContainer.java:86) ~[server-1.20.1-20230612.114412-srg.jar%23467!/:?]
	at net.minecraft.world.level.storage.loot.entries.LootPoolEntryContainer$Serializer.m_7561_(LootPoolEntryContainer.java:74) ~[server-1.20.1-20230612.114412-srg.jar%23467!/:?]
	at net.minecraft.world.level.storage.loot.GsonAdapterFactory$JsonAdapter.deserialize(GsonAdapterFactory.java:102) ~[server-1.20.1-20230612.114412-srg.jar%23467!/:?]
	at com.google.gson.internal.bind.TreeTypeAdapter.read(TreeTypeAdapter.java:76) ~[gson-2.10.jar%2372!/:?]
	at com.google.gson.internal.bind.TypeAdapterRuntimeTypeWrapper.read(TypeAdapterRuntimeTypeWrapper.java:40) ~[gson-2.10.jar%2372!/:?]
	at com.google.gson.internal.bind.ArrayTypeAdapter.read(ArrayTypeAdapter.java:72) ~[gson-2.10.jar%2372!/:?]
	at com.google.gson.Gson.fromJson(Gson.java:1214) ~[gson-2.10.jar%2372!/:?]
	at com.google.gson.Gson.fromJson(Gson.java:1319) ~[gson-2.10.jar%2372!/:?]
	at com.google.gson.Gson.fromJson(Gson.java:1290) ~[gson-2.10.jar%2372!/:?]
	at com.google.gson.internal.bind.TreeTypeAdapter$GsonContextImpl.deserialize(TreeTypeAdapter.java:179) ~[gson-2.10.jar%2372!/:?]
	at net.minecraft.util.GsonHelper.m_13808_(GsonHelper.java:463) ~[server-1.20.1-20230612.114412-srg.jar%23467!/:?]
	at net.minecraft.util.GsonHelper.m_13836_(GsonHelper.java:471) ~[server-1.20.1-20230612.114412-srg.jar%23467!/:?]
	at net.minecraft.world.level.storage.loot.LootPool$Serializer.deserialize(LootPool.java:192) ~[server-1.20.1-20230612.114412-srg.jar%23467!/:?]
	at net.minecraft.world.level.storage.loot.LootPool$Serializer.deserialize(LootPool.java:189) ~[server-1.20.1-20230612.114412-srg.jar%23467!/:?]
	at com.google.gson.internal.bind.TreeTypeAdapter.read(TreeTypeAdapter.java:76) ~[gson-2.10.jar%2372!/:?]
	at com.google.gson.internal.bind.TypeAdapterRuntimeTypeWrapper.read(TypeAdapterRuntimeTypeWrapper.java:40) ~[gson-2.10.jar%2372!/:?]
	at com.google.gson.internal.bind.ArrayTypeAdapter.read(ArrayTypeAdapter.java:72) ~[gson-2.10.jar%2372!/:?]
	at com.google.gson.Gson.fromJson(Gson.java:1214) ~[gson-2.10.jar%2372!/:?]
	at com.google.gson.Gson.fromJson(Gson.java:1319) ~[gson-2.10.jar%2372!/:?]
	at com.google.gson.Gson.fromJson(Gson.java:1290) ~[gson-2.10.jar%2372!/:?]
	at com.google.gson.internal.bind.TreeTypeAdapter$GsonContextImpl.deserialize(TreeTypeAdapter.java:179) ~[gson-2.10.jar%2372!/:?]
	at net.minecraft.util.GsonHelper.m_13808_(GsonHelper.java:463) ~[server-1.20.1-20230612.114412-srg.jar%23467!/:?]
	at net.minecraft.util.GsonHelper.m_13845_(GsonHelper.java:481) ~[server-1.20.1-20230612.114412-srg.jar%23467!/:?]
	at net.minecraft.world.level.storage.loot.LootTable$Serializer.deserialize(LootTable.java:294) ~[server-1.20.1-20230612.114412-srg.jar%23467!/:?]
	at net.minecraft.world.level.storage.loot.LootTable$Serializer.deserialize(LootTable.java:291) ~[server-1.20.1-20230612.114412-srg.jar%23467!/:?]
	at com.google.gson.internal.bind.TreeTypeAdapter.read(TreeTypeAdapter.java:76) ~[gson-2.10.jar%2372!/:?]
	at com.google.gson.Gson.fromJson(Gson.java:1214) ~[gson-2.10.jar%2372!/:?]
	at com.google.gson.Gson.fromJson(Gson.java:1319) ~[gson-2.10.jar%2372!/:?]
	at com.google.gson.Gson.fromJson(Gson.java:1261) ~[gson-2.10.jar%2372!/:?]
	at net.minecraftforge.common.ForgeHooks.loadLootTable(ForgeHooks.java:871) ~[forge-1.20.1-47.3.7-universal.jar%23472!/:?]
	at net.minecraftforge.common.ForgeHooks.lambda$getLootTableDeserializer$3(ForgeHooks.java:848) ~[forge-1.20.1-47.3.7-universal.jar%23472!/:?]
	at net.minecraft.world.level.storage.loot.LootDataType.deserialize(LootDataType.java:45) ~[server-1.20.1-20230612.114412-srg.jar%23467!/:?]
	at net.minecraft.world.level.storage.loot.LootDataManager.lambda$scheduleElementParse$4(LootDataManager.java:56) ~[server-1.20.1-20230612.114412-srg.jar%23467!/:?]
	at java.util.HashMap.forEach(HashMap.java:1421) ~[?:?]
	at net.minecraft.world.level.storage.loot.LootDataManager.m_278660_(LootDataManager.java:55) ~[server-1.20.1-20230612.114412-srg.jar%23467!/:?]
	at java.util.concurrent.CompletableFuture$AsyncRun.run(CompletableFuture.java:1804) ~[?:?]
	at java.util.concurrent.CompletableFuture$AsyncRun.exec(CompletableFuture.java:1796) ~[?:?]
	at java.util.concurrent.ForkJoinTask.doExec(ForkJoinTask.java:373) ~[?:?]
	at java.util.concurrent.ForkJoinPool$WorkQueue.topLevelExec(ForkJoinPool.java:1182) ~[?:?]
	at java.util.concurrent.ForkJoinPool.scan(ForkJoinPool.java:1655) ~[?:?]
	at java.util.concurrent.ForkJoinPool.runWorker(ForkJoinPool.java:1622) ~[?:?]
	at java.util.concurrent.ForkJoinWorkerThread.run(ForkJoinWorkerThread.java:165) ~[?:?]
[27May2025 00:33:21.544] [Worker-Main-1/ERROR] [net.minecraftforge.common.ForgeHooks/]: Couldn't parse element loot_tables:armageddon_mod:blocks/helionite_brick_slab
java.lang.IllegalArgumentException: Can't find block armageddon_mod:helionite_brick_slab
	at net.minecraft.world.level.storage.loot.predicates.LootItemBlockStatePropertyCondition$Serializer.m_81802_(LootItemBlockStatePropertyCondition.java:79) ~[server-1.20.1-20230612.114412-srg.jar%23467!/:?]
	at java.util.Optional.orElseThrow(Optional.java:403) ~[?:?]
	at net.minecraft.world.level.storage.loot.predicates.LootItemBlockStatePropertyCondition$Serializer.m_7561_(LootItemBlockStatePropertyCondition.java:79) ~[server-1.20.1-20230612.114412-srg.jar%23467!/:?]
	at net.minecraft.world.level.storage.loot.predicates.LootItemBlockStatePropertyCondition$Serializer.m_7561_(LootItemBlockStatePropertyCondition.java:68) ~[server-1.20.1-20230612.114412-srg.jar%23467!/:?]
	at net.minecraft.world.level.storage.loot.GsonAdapterFactory$JsonAdapter.deserialize(GsonAdapterFactory.java:102) ~[server-1.20.1-20230612.114412-srg.jar%23467!/:?]
	at com.google.gson.internal.bind.TreeTypeAdapter.read(TreeTypeAdapter.java:76) ~[gson-2.10.jar%2372!/:?]
	at com.google.gson.internal.bind.TypeAdapterRuntimeTypeWrapper.read(TypeAdapterRuntimeTypeWrapper.java:40) ~[gson-2.10.jar%2372!/:?]
	at com.google.gson.internal.bind.ArrayTypeAdapter.read(ArrayTypeAdapter.java:72) ~[gson-2.10.jar%2372!/:?]
	at com.google.gson.Gson.fromJson(Gson.java:1214) ~[gson-2.10.jar%2372!/:?]
	at com.google.gson.Gson.fromJson(Gson.java:1319) ~[gson-2.10.jar%2372!/:?]
	at com.google.gson.Gson.fromJson(Gson.java:1290) ~[gson-2.10.jar%2372!/:?]
	at com.google.gson.internal.bind.TreeTypeAdapter$GsonContextImpl.deserialize(TreeTypeAdapter.java:179) ~[gson-2.10.jar%2372!/:?]
	at net.minecraft.util.GsonHelper.m_13808_(GsonHelper.java:463) ~[server-1.20.1-20230612.114412-srg.jar%23467!/:?]
	at net.minecraft.util.GsonHelper.m_13845_(GsonHelper.java:481) ~[server-1.20.1-20230612.114412-srg.jar%23467!/:?]
	at net.minecraft.world.level.storage.loot.functions.LootItemConditionalFunction$Serializer.m_7561_(LootItemConditionalFunction.java:98) ~[server-1.20.1-20230612.114412-srg.jar%23467!/:?]
	at net.minecraft.world.level.storage.loot.functions.LootItemConditionalFunction$Serializer.m_7561_(LootItemConditionalFunction.java:88) ~[server-1.20.1-20230612.114412-srg.jar%23467!/:?]
	at net.minecraft.world.level.storage.loot.GsonAdapterFactory$JsonAdapter.deserialize(GsonAdapterFactory.java:102) ~[server-1.20.1-20230612.114412-srg.jar%23467!/:?]
	at com.google.gson.internal.bind.TreeTypeAdapter.read(TreeTypeAdapter.java:76) ~[gson-2.10.jar%2372!/:?]
	at com.google.gson.internal.bind.TypeAdapterRuntimeTypeWrapper.read(TypeAdapterRuntimeTypeWrapper.java:40) ~[gson-2.10.jar%2372!/:?]
	at com.google.gson.internal.bind.ArrayTypeAdapter.read(ArrayTypeAdapter.java:72) ~[gson-2.10.jar%2372!/:?]
	at com.google.gson.Gson.fromJson(Gson.java:1214) ~[gson-2.10.jar%2372!/:?]
	at com.google.gson.Gson.fromJson(Gson.java:1319) ~[gson-2.10.jar%2372!/:?]
	at com.google.gson.Gson.fromJson(Gson.java:1290) ~[gson-2.10.jar%2372!/:?]
	at com.google.gson.internal.bind.TreeTypeAdapter$GsonContextImpl.deserialize(TreeTypeAdapter.java:179) ~[gson-2.10.jar%2372!/:?]
	at net.minecraft.util.GsonHelper.m_13808_(GsonHelper.java:463) ~[server-1.20.1-20230612.114412-srg.jar%23467!/:?]
	at net.minecraft.util.GsonHelper.m_13845_(GsonHelper.java:481) ~[server-1.20.1-20230612.114412-srg.jar%23467!/:?]
	at net.minecraft.world.level.storage.loot.entries.LootPoolSingletonContainer$Serializer.m_5921_(LootPoolSingletonContainer.java:149) ~[server-1.20.1-20230612.114412-srg.jar%23467!/:?]
	at net.minecraft.world.level.storage.loot.entries.LootPoolSingletonContainer$Serializer.m_5921_(LootPoolSingletonContainer.java:129) ~[server-1.20.1-20230612.114412-srg.jar%23467!/:?]
	at net.minecraft.world.level.storage.loot.entries.LootPoolEntryContainer$Serializer.m_7561_(LootPoolEntryContainer.java:86) ~[server-1.20.1-20230612.114412-srg.jar%23467!/:?]
	at net.minecraft.world.level.storage.loot.entries.LootPoolEntryContainer$Serializer.m_7561_(LootPoolEntryContainer.java:74) ~[server-1.20.1-20230612.114412-srg.jar%23467!/:?]
	at net.minecraft.world.level.storage.loot.GsonAdapterFactory$JsonAdapter.deserialize(GsonAdapterFactory.java:102) ~[server-1.20.1-20230612.114412-srg.jar%23467!/:?]
	at com.google.gson.internal.bind.TreeTypeAdapter.read(TreeTypeAdapter.java:76) ~[gson-2.10.jar%2372!/:?]
	at com.google.gson.internal.bind.TypeAdapterRuntimeTypeWrapper.read(TypeAdapterRuntimeTypeWrapper.java:40) ~[gson-2.10.jar%2372!/:?]
	at com.google.gson.internal.bind.ArrayTypeAdapter.read(ArrayTypeAdapter.java:72) ~[gson-2.10.jar%2372!/:?]
	at com.google.gson.Gson.fromJson(Gson.java:1214) ~[gson-2.10.jar%2372!/:?]
	at com.google.gson.Gson.fromJson(Gson.java:1319) ~[gson-2.10.jar%2372!/:?]
	at com.google.gson.Gson.fromJson(Gson.java:1290) ~[gson-2.10.jar%2372!/:?]
	at com.google.gson.internal.bind.TreeTypeAdapter$GsonContextImpl.deserialize(TreeTypeAdapter.java:179) ~[gson-2.10.jar%2372!/:?]
	at net.minecraft.util.GsonHelper.m_13808_(GsonHelper.java:463) ~[server-1.20.1-20230612.114412-srg.jar%23467!/:?]
	at net.minecraft.util.GsonHelper.m_13836_(GsonHelper.java:471) ~[server-1.20.1-20230612.114412-srg.jar%23467!/:?]
	at net.minecraft.world.level.storage.loot.LootPool$Serializer.deserialize(LootPool.java:192) ~[server-1.20.1-20230612.114412-srg.jar%23467!/:?]
	at net.minecraft.world.level.storage.loot.LootPool$Serializer.deserialize(LootPool.java:189) ~[server-1.20.1-20230612.114412-srg.jar%23467!/:?]
	at com.google.gson.internal.bind.TreeTypeAdapter.read(TreeTypeAdapter.java:76) ~[gson-2.10.jar%2372!/:?]
	at com.google.gson.internal.bind.TypeAdapterRuntimeTypeWrapper.read(TypeAdapterRuntimeTypeWrapper.java:40) ~[gson-2.10.jar%2372!/:?]
	at com.google.gson.internal.bind.ArrayTypeAdapter.read(ArrayTypeAdapter.java:72) ~[gson-2.10.jar%2372!/:?]
	at com.google.gson.Gson.fromJson(Gson.java:1214) ~[gson-2.10.jar%2372!/:?]
	at com.google.gson.Gson.fromJson(Gson.java:1319) ~[gson-2.10.jar%2372!/:?]
	at com.google.gson.Gson.fromJson(Gson.java:1290) ~[gson-2.10.jar%2372!/:?]
	at com.google.gson.internal.bind.TreeTypeAdapter$GsonContextImpl.deserialize(TreeTypeAdapter.java:179) ~[gson-2.10.jar%2372!/:?]
	at net.minecraft.util.GsonHelper.m_13808_(GsonHelper.java:463) ~[server-1.20.1-20230612.114412-srg.jar%23467!/:?]
	at net.minecraft.util.GsonHelper.m_13845_(GsonHelper.java:481) ~[server-1.20.1-20230612.114412-srg.jar%23467!/:?]
	at net.minecraft.world.level.storage.loot.LootTable$Serializer.deserialize(LootTable.java:294) ~[server-1.20.1-20230612.114412-srg.jar%23467!/:?]
	at net.minecraft.world.level.storage.loot.LootTable$Serializer.deserialize(LootTable.java:291) ~[server-1.20.1-20230612.114412-srg.jar%23467!/:?]
	at com.google.gson.internal.bind.TreeTypeAdapter.read(TreeTypeAdapter.java:76) ~[gson-2.10.jar%2372!/:?]
	at com.google.gson.Gson.fromJson(Gson.java:1214) ~[gson-2.10.jar%2372!/:?]
	at com.google.gson.Gson.fromJson(Gson.java:1319) ~[gson-2.10.jar%2372!/:?]
	at com.google.gson.Gson.fromJson(Gson.java:1261) ~[gson-2.10.jar%2372!/:?]
	at net.minecraftforge.common.ForgeHooks.loadLootTable(ForgeHooks.java:871) ~[forge-1.20.1-47.3.7-universal.jar%23472!/:?]
	at net.minecraftforge.common.ForgeHooks.lambda$getLootTableDeserializer$3(ForgeHooks.java:848) ~[forge-1.20.1-47.3.7-universal.jar%23472!/:?]
	at net.minecraft.world.level.storage.loot.LootDataType.deserialize(LootDataType.java:45) ~[server-1.20.1-20230612.114412-srg.jar%23467!/:?]
	at net.minecraft.world.level.storage.loot.LootDataManager.lambda$scheduleElementParse$4(LootDataManager.java:56) ~[server-1.20.1-20230612.114412-srg.jar%23467!/:?]
	at java.util.HashMap.forEach(HashMap.java:1421) ~[?:?]
	at net.minecraft.world.level.storage.loot.LootDataManager.m_278660_(LootDataManager.java:55) ~[server-1.20.1-20230612.114412-srg.jar%23467!/:?]
	at java.util.concurrent.CompletableFuture$AsyncRun.run(CompletableFuture.java:1804) ~[?:?]
	at java.util.concurrent.CompletableFuture$AsyncRun.exec(CompletableFuture.java:1796) ~[?:?]
	at java.util.concurrent.ForkJoinTask.doExec(ForkJoinTask.java:373) ~[?:?]
	at java.util.concurrent.ForkJoinPool$WorkQueue.topLevelExec(ForkJoinPool.java:1182) ~[?:?]
	at java.util.concurrent.ForkJoinPool.scan(ForkJoinPool.java:1655) ~[?:?]
	at java.util.concurrent.ForkJoinPool.runWorker(ForkJoinPool.java:1622) ~[?:?]
	at java.util.concurrent.ForkJoinWorkerThread.run(ForkJoinWorkerThread.java:165) ~[?:?]
[27May2025 00:33:21.578] [Worker-Main-1/ERROR] [net.minecraftforge.common.ForgeHooks/]: Couldn't parse element loot_tables:armageddon_mod:blocks/helinonite_block
com.google.gson.JsonSyntaxException: Expected name to be an item, was unknown string 'armageddon_mod:helinonite_block'
	at net.minecraft.util.GsonHelper.m_13866_(GsonHelper.java:145) ~[server-1.20.1-20230612.114412-srg.jar%23467!/:?]
	at java.util.Optional.orElseThrow(Optional.java:403) ~[?:?]
	at net.minecraft.util.GsonHelper.m_13874_(GsonHelper.java:145) ~[server-1.20.1-20230612.114412-srg.jar%23467!/:?]
	at net.minecraft.util.GsonHelper.m_13909_(GsonHelper.java:153) ~[server-1.20.1-20230612.114412-srg.jar%23467!/:?]
	at net.minecraft.world.level.storage.loot.entries.LootItem$Serializer.m_7267_(LootItem.java:55) ~[server-1.20.1-20230612.114412-srg.jar%23467!/:?]
	at net.minecraft.world.level.storage.loot.entries.LootItem$Serializer.m_7267_(LootItem.java:40) ~[server-1.20.1-20230612.114412-srg.jar%23467!/:?]
	at net.minecraft.world.level.storage.loot.entries.LootPoolSingletonContainer$Serializer.m_5921_(LootPoolSingletonContainer.java:151) ~[server-1.20.1-20230612.114412-srg.jar%23467!/:?]
	at net.minecraft.world.level.storage.loot.entries.LootPoolSingletonContainer$Serializer.m_5921_(LootPoolSingletonContainer.java:129) ~[server-1.20.1-20230612.114412-srg.jar%23467!/:?]
	at net.minecraft.world.level.storage.loot.entries.LootPoolEntryContainer$Serializer.m_7561_(LootPoolEntryContainer.java:86) ~[server-1.20.1-20230612.114412-srg.jar%23467!/:?]
	at net.minecraft.world.level.storage.loot.entries.LootPoolEntryContainer$Serializer.m_7561_(LootPoolEntryContainer.java:74) ~[server-1.20.1-20230612.114412-srg.jar%23467!/:?]
	at net.minecraft.world.level.storage.loot.GsonAdapterFactory$JsonAdapter.deserialize(GsonAdapterFactory.java:102) ~[server-1.20.1-20230612.114412-srg.jar%23467!/:?]
	at com.google.gson.internal.bind.TreeTypeAdapter.read(TreeTypeAdapter.java:76) ~[gson-2.10.jar%2372!/:?]
	at com.google.gson.internal.bind.TypeAdapterRuntimeTypeWrapper.read(TypeAdapterRuntimeTypeWrapper.java:40) ~[gson-2.10.jar%2372!/:?]
	at com.google.gson.internal.bind.ArrayTypeAdapter.read(ArrayTypeAdapter.java:72) ~[gson-2.10.jar%2372!/:?]
	at com.google.gson.Gson.fromJson(Gson.java:1214) ~[gson-2.10.jar%2372!/:?]
	at com.google.gson.Gson.fromJson(Gson.java:1319) ~[gson-2.10.jar%2372!/:?]
	at com.google.gson.Gson.fromJson(Gson.java:1290) ~[gson-2.10.jar%2372!/:?]
	at com.google.gson.internal.bind.TreeTypeAdapter$GsonContextImpl.deserialize(TreeTypeAdapter.java:179) ~[gson-2.10.jar%2372!/:?]
	at net.minecraft.util.GsonHelper.m_13808_(GsonHelper.java:463) ~[server-1.20.1-20230612.114412-srg.jar%23467!/:?]
	at net.minecraft.util.GsonHelper.m_13836_(GsonHelper.java:471) ~[server-1.20.1-20230612.114412-srg.jar%23467!/:?]
	at net.minecraft.world.level.storage.loot.LootPool$Serializer.deserialize(LootPool.java:192) ~[server-1.20.1-20230612.114412-srg.jar%23467!/:?]
	at net.minecraft.world.level.storage.loot.LootPool$Serializer.deserialize(LootPool.java:189) ~[server-1.20.1-20230612.114412-srg.jar%23467!/:?]
	at com.google.gson.internal.bind.TreeTypeAdapter.read(TreeTypeAdapter.java:76) ~[gson-2.10.jar%2372!/:?]
	at com.google.gson.internal.bind.TypeAdapterRuntimeTypeWrapper.read(TypeAdapterRuntimeTypeWrapper.java:40) ~[gson-2.10.jar%2372!/:?]
	at com.google.gson.internal.bind.ArrayTypeAdapter.read(ArrayTypeAdapter.java:72) ~[gson-2.10.jar%2372!/:?]
	at com.google.gson.Gson.fromJson(Gson.java:1214) ~[gson-2.10.jar%2372!/:?]
	at com.google.gson.Gson.fromJson(Gson.java:1319) ~[gson-2.10.jar%2372!/:?]
	at com.google.gson.Gson.fromJson(Gson.java:1290) ~[gson-2.10.jar%2372!/:?]
	at com.google.gson.internal.bind.TreeTypeAdapter$GsonContextImpl.deserialize(TreeTypeAdapter.java:179) ~[gson-2.10.jar%2372!/:?]
	at net.minecraft.util.GsonHelper.m_13808_(GsonHelper.java:463) ~[server-1.20.1-20230612.114412-srg.jar%23467!/:?]
	at net.minecraft.util.GsonHelper.m_13845_(GsonHelper.java:481) ~[server-1.20.1-20230612.114412-srg.jar%23467!/:?]
	at net.minecraft.world.level.storage.loot.LootTable$Serializer.deserialize(LootTable.java:294) ~[server-1.20.1-20230612.114412-srg.jar%23467!/:?]
	at net.minecraft.world.level.storage.loot.LootTable$Serializer.deserialize(LootTable.java:291) ~[server-1.20.1-20230612.114412-srg.jar%23467!/:?]
	at com.google.gson.internal.bind.TreeTypeAdapter.read(TreeTypeAdapter.java:76) ~[gson-2.10.jar%2372!/:?]
	at com.google.gson.Gson.fromJson(Gson.java:1214) ~[gson-2.10.jar%2372!/:?]
	at com.google.gson.Gson.fromJson(Gson.java:1319) ~[gson-2.10.jar%2372!/:?]
	at com.google.gson.Gson.fromJson(Gson.java:1261) ~[gson-2.10.jar%2372!/:?]
	at net.minecraftforge.common.ForgeHooks.loadLootTable(ForgeHooks.java:871) ~[forge-1.20.1-47.3.7-universal.jar%23472!/:?]
	at net.minecraftforge.common.ForgeHooks.lambda$getLootTableDeserializer$3(ForgeHooks.java:848) ~[forge-1.20.1-47.3.7-universal.jar%23472!/:?]
	at net.minecraft.world.level.storage.loot.LootDataType.deserialize(LootDataType.java:45) ~[server-1.20.1-20230612.114412-srg.jar%23467!/:?]
	at net.minecraft.world.level.storage.loot.LootDataManager.lambda$scheduleElementParse$4(LootDataManager.java:56) ~[server-1.20.1-20230612.114412-srg.jar%23467!/:?]
	at java.util.HashMap.forEach(HashMap.java:1421) ~[?:?]
	at net.minecraft.world.level.storage.loot.LootDataManager.m_278660_(LootDataManager.java:55) ~[server-1.20.1-20230612.114412-srg.jar%23467!/:?]
	at java.util.concurrent.CompletableFuture$AsyncRun.run(CompletableFuture.java:1804) ~[?:?]
	at java.util.concurrent.CompletableFuture$AsyncRun.exec(CompletableFuture.java:1796) ~[?:?]
	at java.util.concurrent.ForkJoinTask.doExec(ForkJoinTask.java:373) ~[?:?]
	at java.util.concurrent.ForkJoinPool$WorkQueue.topLevelExec(ForkJoinPool.java:1182) ~[?:?]
	at java.util.concurrent.ForkJoinPool.scan(ForkJoinPool.java:1655) ~[?:?]
	at java.util.concurrent.ForkJoinPool.runWorker(ForkJoinPool.java:1622) ~[?:?]
	at java.util.concurrent.ForkJoinWorkerThread.run(ForkJoinWorkerThread.java:165) ~[?:?]
[27May2025 00:33:21.593] [Worker-Main-1/ERROR] [net.minecraftforge.common.ForgeHooks/]: Couldn't parse element loot_tables:armageddon_mod:blocks/mossy_helionite_brick_slab
java.lang.IllegalArgumentException: Can't find block armageddon_mod:mossy_helionite_brick_slab
	at net.minecraft.world.level.storage.loot.predicates.LootItemBlockStatePropertyCondition$Serializer.m_81802_(LootItemBlockStatePropertyCondition.java:79) ~[server-1.20.1-20230612.114412-srg.jar%23467!/:?]
	at java.util.Optional.orElseThrow(Optional.java:403) ~[?:?]
	at net.minecraft.world.level.storage.loot.predicates.LootItemBlockStatePropertyCondition$Serializer.m_7561_(LootItemBlockStatePropertyCondition.java:79) ~[server-1.20.1-20230612.114412-srg.jar%23467!/:?]
	at net.minecraft.world.level.storage.loot.predicates.LootItemBlockStatePropertyCondition$Serializer.m_7561_(LootItemBlockStatePropertyCondition.java:68) ~[server-1.20.1-20230612.114412-srg.jar%23467!/:?]
	at net.minecraft.world.level.storage.loot.GsonAdapterFactory$JsonAdapter.deserialize(GsonAdapterFactory.java:102) ~[server-1.20.1-20230612.114412-srg.jar%23467!/:?]
	at com.google.gson.internal.bind.TreeTypeAdapter.read(TreeTypeAdapter.java:76) ~[gson-2.10.jar%2372!/:?]
	at com.google.gson.internal.bind.TypeAdapterRuntimeTypeWrapper.read(TypeAdapterRuntimeTypeWrapper.java:40) ~[gson-2.10.jar%2372!/:?]
	at com.google.gson.internal.bind.ArrayTypeAdapter.read(ArrayTypeAdapter.java:72) ~[gson-2.10.jar%2372!/:?]
	at com.google.gson.Gson.fromJson(Gson.java:1214) ~[gson-2.10.jar%2372!/:?]
	at com.google.gson.Gson.fromJson(Gson.java:1319) ~[gson-2.10.jar%2372!/:?]
	at com.google.gson.Gson.fromJson(Gson.java:1290) ~[gson-2.10.jar%2372!/:?]
	at com.google.gson.internal.bind.TreeTypeAdapter$GsonContextImpl.deserialize(TreeTypeAdapter.java:179) ~[gson-2.10.jar%2372!/:?]
	at net.minecraft.util.GsonHelper.m_13808_(GsonHelper.java:463) ~[server-1.20.1-20230612.114412-srg.jar%23467!/:?]
	at net.minecraft.util.GsonHelper.m_13845_(GsonHelper.java:481) ~[server-1.20.1-20230612.114412-srg.jar%23467!/:?]
	at net.minecraft.world.level.storage.loot.functions.LootItemConditionalFunction$Serializer.m_7561_(LootItemConditionalFunction.java:98) ~[server-1.20.1-20230612.114412-srg.jar%23467!/:?]
	at net.minecraft.world.level.storage.loot.functions.LootItemConditionalFunction$Serializer.m_7561_(LootItemConditionalFunction.java:88) ~[server-1.20.1-20230612.114412-srg.jar%23467!/:?]
	at net.minecraft.world.level.storage.loot.GsonAdapterFactory$JsonAdapter.deserialize(GsonAdapterFactory.java:102) ~[server-1.20.1-20230612.114412-srg.jar%23467!/:?]
	at com.google.gson.internal.bind.TreeTypeAdapter.read(TreeTypeAdapter.java:76) ~[gson-2.10.jar%2372!/:?]
	at com.google.gson.internal.bind.TypeAdapterRuntimeTypeWrapper.read(TypeAdapterRuntimeTypeWrapper.java:40) ~[gson-2.10.jar%2372!/:?]
	at com.google.gson.internal.bind.ArrayTypeAdapter.read(ArrayTypeAdapter.java:72) ~[gson-2.10.jar%2372!/:?]
	at com.google.gson.Gson.fromJson(Gson.java:1214) ~[gson-2.10.jar%2372!/:?]
	at com.google.gson.Gson.fromJson(Gson.java:1319) ~[gson-2.10.jar%2372!/:?]
	at com.google.gson.Gson.fromJson(Gson.java:1290) ~[gson-2.10.jar%2372!/:?]
	at com.google.gson.internal.bind.TreeTypeAdapter$GsonContextImpl.deserialize(TreeTypeAdapter.java:179) ~[gson-2.10.jar%2372!/:?]
	at net.minecraft.util.GsonHelper.m_13808_(GsonHelper.java:463) ~[server-1.20.1-20230612.114412-srg.jar%23467!/:?]
	at net.minecraft.util.GsonHelper.m_13845_(GsonHelper.java:481) ~[server-1.20.1-20230612.114412-srg.jar%23467!/:?]
	at net.minecraft.world.level.storage.loot.entries.LootPoolSingletonContainer$Serializer.m_5921_(LootPoolSingletonContainer.java:149) ~[server-1.20.1-20230612.114412-srg.jar%23467!/:?]
	at net.minecraft.world.level.storage.loot.entries.LootPoolSingletonContainer$Serializer.m_5921_(LootPoolSingletonContainer.java:129) ~[server-1.20.1-20230612.114412-srg.jar%23467!/:?]
	at net.minecraft.world.level.storage.loot.entries.LootPoolEntryContainer$Serializer.m_7561_(LootPoolEntryContainer.java:86) ~[server-1.20.1-20230612.114412-srg.jar%23467!/:?]
	at net.minecraft.world.level.storage.loot.entries.LootPoolEntryContainer$Serializer.m_7561_(LootPoolEntryContainer.java:74) ~[server-1.20.1-20230612.114412-srg.jar%23467!/:?]
	at net.minecraft.world.level.storage.loot.GsonAdapterFactory$JsonAdapter.deserialize(GsonAdapterFactory.java:102) ~[server-1.20.1-20230612.114412-srg.jar%23467!/:?]
	at com.google.gson.internal.bind.TreeTypeAdapter.read(TreeTypeAdapter.java:76) ~[gson-2.10.jar%2372!/:?]
	at com.google.gson.internal.bind.TypeAdapterRuntimeTypeWrapper.read(TypeAdapterRuntimeTypeWrapper.java:40) ~[gson-2.10.jar%2372!/:?]
	at com.google.gson.internal.bind.ArrayTypeAdapter.read(ArrayTypeAdapter.java:72) ~[gson-2.10.jar%2372!/:?]
	at com.google.gson.Gson.fromJson(Gson.java:1214) ~[gson-2.10.jar%2372!/:?]
	at com.google.gson.Gson.fromJson(Gson.java:1319) ~[gson-2.10.jar%2372!/:?]
	at com.google.gson.Gson.fromJson(Gson.java:1290) ~[gson-2.10.jar%2372!/:?]
	at com.google.gson.internal.bind.TreeTypeAdapter$GsonContextImpl.deserialize(TreeTypeAdapter.java:179) ~[gson-2.10.jar%2372!/:?]
	at net.minecraft.util.GsonHelper.m_13808_(GsonHelper.java:463) ~[server-1.20.1-20230612.114412-srg.jar%23467!/:?]
	at net.minecraft.util.GsonHelper.m_13836_(GsonHelper.java:471) ~[server-1.20.1-20230612.114412-srg.jar%23467!/:?]
	at net.minecraft.world.level.storage.loot.LootPool$Serializer.deserialize(LootPool.java:192) ~[server-1.20.1-20230612.114412-srg.jar%23467!/:?]
	at net.minecraft.world.level.storage.loot.LootPool$Serializer.deserialize(LootPool.java:189) ~[server-1.20.1-20230612.114412-srg.jar%23467!/:?]
	at com.google.gson.internal.bind.TreeTypeAdapter.read(TreeTypeAdapter.java:76) ~[gson-2.10.jar%2372!/:?]
	at com.google.gson.internal.bind.TypeAdapterRuntimeTypeWrapper.read(TypeAdapterRuntimeTypeWrapper.java:40) ~[gson-2.10.jar%2372!/:?]
	at com.google.gson.internal.bind.ArrayTypeAdapter.read(ArrayTypeAdapter.java:72) ~[gson-2.10.jar%2372!/:?]
	at com.google.gson.Gson.fromJson(Gson.java:1214) ~[gson-2.10.jar%2372!/:?]
	at com.google.gson.Gson.fromJson(Gson.java:1319) ~[gson-2.10.jar%2372!/:?]
	at com.google.gson.Gson.fromJson(Gson.java:1290) ~[gson-2.10.jar%2372!/:?]
	at com.google.gson.internal.bind.TreeTypeAdapter$GsonContextImpl.deserialize(TreeTypeAdapter.java:179) ~[gson-2.10.jar%2372!/:?]
	at net.minecraft.util.GsonHelper.m_13808_(GsonHelper.java:463) ~[server-1.20.1-20230612.114412-srg.jar%23467!/:?]
	at net.minecraft.util.GsonHelper.m_13845_(GsonHelper.java:481) ~[server-1.20.1-20230612.114412-srg.jar%23467!/:?]
	at net.minecraft.world.level.storage.loot.LootTable$Serializer.deserialize(LootTable.java:294) ~[server-1.20.1-20230612.114412-srg.jar%23467!/:?]
	at net.minecraft.world.level.storage.loot.LootTable$Serializer.deserialize(LootTable.java:291) ~[server-1.20.1-20230612.114412-srg.jar%23467!/:?]
	at com.google.gson.internal.bind.TreeTypeAdapter.read(TreeTypeAdapter.java:76) ~[gson-2.10.jar%2372!/:?]
	at com.google.gson.Gson.fromJson(Gson.java:1214) ~[gson-2.10.jar%2372!/:?]
	at com.google.gson.Gson.fromJson(Gson.java:1319) ~[gson-2.10.jar%2372!/:?]
	at com.google.gson.Gson.fromJson(Gson.java:1261) ~[gson-2.10.jar%2372!/:?]
	at net.minecraftforge.common.ForgeHooks.loadLootTable(ForgeHooks.java:871) ~[forge-1.20.1-47.3.7-universal.jar%23472!/:?]
	at net.minecraftforge.common.ForgeHooks.lambda$getLootTableDeserializer$3(ForgeHooks.java:848) ~[forge-1.20.1-47.3.7-universal.jar%23472!/:?]
	at net.minecraft.world.level.storage.loot.LootDataType.deserialize(LootDataType.java:45) ~[server-1.20.1-20230612.114412-srg.jar%23467!/:?]
	at net.minecraft.world.level.storage.loot.LootDataManager.lambda$scheduleElementParse$4(LootDataManager.java:56) ~[server-1.20.1-20230612.114412-srg.jar%23467!/:?]
	at java.util.HashMap.forEach(HashMap.java:1421) ~[?:?]
	at net.minecraft.world.level.storage.loot.LootDataManager.m_278660_(LootDataManager.java:55) ~[server-1.20.1-20230612.114412-srg.jar%23467!/:?]
	at java.util.concurrent.CompletableFuture$AsyncRun.run(CompletableFuture.java:1804) ~[?:?]
	at java.util.concurrent.CompletableFuture$AsyncRun.exec(CompletableFuture.java:1796) ~[?:?]
	at java.util.concurrent.ForkJoinTask.doExec(ForkJoinTask.java:373) ~[?:?]
	at java.util.concurrent.ForkJoinPool$WorkQueue.topLevelExec(ForkJoinPool.java:1182) ~[?:?]
	at java.util.concurrent.ForkJoinPool.scan(ForkJoinPool.java:1655) ~[?:?]
	at java.util.concurrent.ForkJoinPool.runWorker(ForkJoinPool.java:1622) ~[?:?]
	at java.util.concurrent.ForkJoinWorkerThread.run(ForkJoinWorkerThread.java:165) ~[?:?]
[27May2025 00:33:21.657] [Worker-Main-1/ERROR] [net.minecraftforge.common.ForgeHooks/]: Couldn't parse element loot_tables:armageddon_mod:blocks/mossy_bloody_brick_slab
java.lang.IllegalArgumentException: Can't find block armageddon_mod:mossy_bloody_brick_slab
	at net.minecraft.world.level.storage.loot.predicates.LootItemBlockStatePropertyCondition$Serializer.m_81802_(LootItemBlockStatePropertyCondition.java:79) ~[server-1.20.1-20230612.114412-srg.jar%23467!/:?]
	at java.util.Optional.orElseThrow(Optional.java:403) ~[?:?]
	at net.minecraft.world.level.storage.loot.predicates.LootItemBlockStatePropertyCondition$Serializer.m_7561_(LootItemBlockStatePropertyCondition.java:79) ~[server-1.20.1-20230612.114412-srg.jar%23467!/:?]
	at net.minecraft.world.level.storage.loot.predicates.LootItemBlockStatePropertyCondition$Serializer.m_7561_(LootItemBlockStatePropertyCondition.java:68) ~[server-1.20.1-20230612.114412-srg.jar%23467!/:?]
	at net.minecraft.world.level.storage.loot.GsonAdapterFactory$JsonAdapter.deserialize(GsonAdapterFactory.java:102) ~[server-1.20.1-20230612.114412-srg.jar%23467!/:?]
	at com.google.gson.internal.bind.TreeTypeAdapter.read(TreeTypeAdapter.java:76) ~[gson-2.10.jar%2372!/:?]
	at com.google.gson.internal.bind.TypeAdapterRuntimeTypeWrapper.read(TypeAdapterRuntimeTypeWrapper.java:40) ~[gson-2.10.jar%2372!/:?]
	at com.google.gson.internal.bind.ArrayTypeAdapter.read(ArrayTypeAdapter.java:72) ~[gson-2.10.jar%2372!/:?]
	at com.google.gson.Gson.fromJson(Gson.java:1214) ~[gson-2.10.jar%2372!/:?]
	at com.google.gson.Gson.fromJson(Gson.java:1319) ~[gson-2.10.jar%2372!/:?]
	at com.google.gson.Gson.fromJson(Gson.java:1290) ~[gson-2.10.jar%2372!/:?]
	at com.google.gson.internal.bind.TreeTypeAdapter$GsonContextImpl.deserialize(TreeTypeAdapter.java:179) ~[gson-2.10.jar%2372!/:?]
	at net.minecraft.util.GsonHelper.m_13808_(GsonHelper.java:463) ~[server-1.20.1-20230612.114412-srg.jar%23467!/:?]
	at net.minecraft.util.GsonHelper.m_13845_(GsonHelper.java:481) ~[server-1.20.1-20230612.114412-srg.jar%23467!/:?]
	at net.minecraft.world.level.storage.loot.functions.LootItemConditionalFunction$Serializer.m_7561_(LootItemConditionalFunction.java:98) ~[server-1.20.1-20230612.114412-srg.jar%23467!/:?]
	at net.minecraft.world.level.storage.loot.functions.LootItemConditionalFunction$Serializer.m_7561_(LootItemConditionalFunction.java:88) ~[server-1.20.1-20230612.114412-srg.jar%23467!/:?]
	at net.minecraft.world.level.storage.loot.GsonAdapterFactory$JsonAdapter.deserialize(GsonAdapterFactory.java:102) ~[server-1.20.1-20230612.114412-srg.jar%23467!/:?]
	at com.google.gson.internal.bind.TreeTypeAdapter.read(TreeTypeAdapter.java:76) ~[gson-2.10.jar%2372!/:?]
	at com.google.gson.internal.bind.TypeAdapterRuntimeTypeWrapper.read(TypeAdapterRuntimeTypeWrapper.java:40) ~[gson-2.10.jar%2372!/:?]
	at com.google.gson.internal.bind.ArrayTypeAdapter.read(ArrayTypeAdapter.java:72) ~[gson-2.10.jar%2372!/:?]
	at com.google.gson.Gson.fromJson(Gson.java:1214) ~[gson-2.10.jar%2372!/:?]
	at com.google.gson.Gson.fromJson(Gson.java:1319) ~[gson-2.10.jar%2372!/:?]
	at com.google.gson.Gson.fromJson(Gson.java:1290) ~[gson-2.10.jar%2372!/:?]
	at com.google.gson.internal.bind.TreeTypeAdapter$GsonContextImpl.deserialize(TreeTypeAdapter.java:179) ~[gson-2.10.jar%2372!/:?]
	at net.minecraft.util.GsonHelper.m_13808_(GsonHelper.java:463) ~[server-1.20.1-20230612.114412-srg.jar%23467!/:?]
	at net.minecraft.util.GsonHelper.m_13845_(GsonHelper.java:481) ~[server-1.20.1-20230612.114412-srg.jar%23467!/:?]
	at net.minecraft.world.level.storage.loot.entries.LootPoolSingletonContainer$Serializer.m_5921_(LootPoolSingletonContainer.java:149) ~[server-1.20.1-20230612.114412-srg.jar%23467!/:?]
	at net.minecraft.world.level.storage.loot.entries.LootPoolSingletonContainer$Serializer.m_5921_(LootPoolSingletonContainer.java:129) ~[server-1.20.1-20230612.114412-srg.jar%23467!/:?]
	at net.minecraft.world.level.storage.loot.entries.LootPoolEntryContainer$Serializer.m_7561_(LootPoolEntryContainer.java:86) ~[server-1.20.1-20230612.114412-srg.jar%23467!/:?]
	at net.minecraft.world.level.storage.loot.entries.LootPoolEntryContainer$Serializer.m_7561_(LootPoolEntryContainer.java:74) ~[server-1.20.1-20230612.114412-srg.jar%23467!/:?]
	at net.minecraft.world.level.storage.loot.GsonAdapterFactory$JsonAdapter.deserialize(GsonAdapterFactory.java:102) ~[server-1.20.1-20230612.114412-srg.jar%23467!/:?]
	at com.google.gson.internal.bind.TreeTypeAdapter.read(TreeTypeAdapter.java:76) ~[gson-2.10.jar%2372!/:?]
	at com.google.gson.internal.bind.TypeAdapterRuntimeTypeWrapper.read(TypeAdapterRuntimeTypeWrapper.java:40) ~[gson-2.10.jar%2372!/:?]
	at com.google.gson.internal.bind.ArrayTypeAdapter.read(ArrayTypeAdapter.java:72) ~[gson-2.10.jar%2372!/:?]
	at com.google.gson.Gson.fromJson(Gson.java:1214) ~[gson-2.10.jar%2372!/:?]
	at com.google.gson.Gson.fromJson(Gson.java:1319) ~[gson-2.10.jar%2372!/:?]
	at com.google.gson.Gson.fromJson(Gson.java:1290) ~[gson-2.10.jar%2372!/:?]
	at com.google.gson.internal.bind.TreeTypeAdapter$GsonContextImpl.deserialize(TreeTypeAdapter.java:179) ~[gson-2.10.jar%2372!/:?]
	at net.minecraft.util.GsonHelper.m_13808_(GsonHelper.java:463) ~[server-1.20.1-20230612.114412-srg.jar%23467!/:?]
	at net.minecraft.util.GsonHelper.m_13836_(GsonHelper.java:471) ~[server-1.20.1-20230612.114412-srg.jar%23467!/:?]
	at net.minecraft.world.level.storage.loot.LootPool$Serializer.deserialize(LootPool.java:192) ~[server-1.20.1-20230612.114412-srg.jar%23467!/:?]
	at net.minecraft.world.level.storage.loot.LootPool$Serializer.deserialize(LootPool.java:189) ~[server-1.20.1-20230612.114412-srg.jar%23467!/:?]
	at com.google.gson.internal.bind.TreeTypeAdapter.read(TreeTypeAdapter.java:76) ~[gson-2.10.jar%2372!/:?]
	at com.google.gson.internal.bind.TypeAdapterRuntimeTypeWrapper.read(TypeAdapterRuntimeTypeWrapper.java:40) ~[gson-2.10.jar%2372!/:?]
	at com.google.gson.internal.bind.ArrayTypeAdapter.read(ArrayTypeAdapter.java:72) ~[gson-2.10.jar%2372!/:?]
	at com.google.gson.Gson.fromJson(Gson.java:1214) ~[gson-2.10.jar%2372!/:?]
	at com.google.gson.Gson.fromJson(Gson.java:1319) ~[gson-2.10.jar%2372!/:?]
	at com.google.gson.Gson.fromJson(Gson.java:1290) ~[gson-2.10.jar%2372!/:?]
	at com.google.gson.internal.bind.TreeTypeAdapter$GsonContextImpl.deserialize(TreeTypeAdapter.java:179) ~[gson-2.10.jar%2372!/:?]
	at net.minecraft.util.GsonHelper.m_13808_(GsonHelper.java:463) ~[server-1.20.1-20230612.114412-srg.jar%23467!/:?]
	at net.minecraft.util.GsonHelper.m_13845_(GsonHelper.java:481) ~[server-1.20.1-20230612.114412-srg.jar%23467!/:?]
	at net.minecraft.world.level.storage.loot.LootTable$Serializer.deserialize(LootTable.java:294) ~[server-1.20.1-20230612.114412-srg.jar%23467!/:?]
	at net.minecraft.world.level.storage.loot.LootTable$Serializer.deserialize(LootTable.java:291) ~[server-1.20.1-20230612.114412-srg.jar%23467!/:?]
	at com.google.gson.internal.bind.TreeTypeAdapter.read(TreeTypeAdapter.java:76) ~[gson-2.10.jar%2372!/:?]
	at com.google.gson.Gson.fromJson(Gson.java:1214) ~[gson-2.10.jar%2372!/:?]
	at com.google.gson.Gson.fromJson(Gson.java:1319) ~[gson-2.10.jar%2372!/:?]
	at com.google.gson.Gson.fromJson(Gson.java:1261) ~[gson-2.10.jar%2372!/:?]
	at net.minecraftforge.common.ForgeHooks.loadLootTable(ForgeHooks.java:871) ~[forge-1.20.1-47.3.7-universal.jar%23472!/:?]
	at net.minecraftforge.common.ForgeHooks.lambda$getLootTableDeserializer$3(ForgeHooks.java:848) ~[forge-1.20.1-47.3.7-universal.jar%23472!/:?]
	at net.minecraft.world.level.storage.loot.LootDataType.deserialize(LootDataType.java:45) ~[server-1.20.1-20230612.114412-srg.jar%23467!/:?]
	at net.minecraft.world.level.storage.loot.LootDataManager.lambda$scheduleElementParse$4(LootDataManager.java:56) ~[server-1.20.1-20230612.114412-srg.jar%23467!/:?]
	at java.util.HashMap.forEach(HashMap.java:1421) ~[?:?]
	at net.minecraft.world.level.storage.loot.LootDataManager.m_278660_(LootDataManager.java:55) ~[server-1.20.1-20230612.114412-srg.jar%23467!/:?]
	at java.util.concurrent.CompletableFuture$AsyncRun.run(CompletableFuture.java:1804) ~[?:?]
	at java.util.concurrent.CompletableFuture$AsyncRun.exec(CompletableFuture.java:1796) ~[?:?]
	at java.util.concurrent.ForkJoinTask.doExec(ForkJoinTask.java:373) ~[?:?]
	at java.util.concurrent.ForkJoinPool$WorkQueue.topLevelExec(ForkJoinPool.java:1182) ~[?:?]
	at java.util.concurrent.ForkJoinPool.scan(ForkJoinPool.java:1655) ~[?:?]
	at java.util.concurrent.ForkJoinPool.runWorker(ForkJoinPool.java:1622) ~[?:?]
	at java.util.concurrent.ForkJoinWorkerThread.run(ForkJoinWorkerThread.java:165) ~[?:?]
[27May2025 00:33:21.707] [Worker-Main-1/ERROR] [net.minecraftforge.common.ForgeHooks/]: Couldn't parse element loot_tables:armageddon_mod:blocks/helionite_brick_stairs
com.google.gson.JsonSyntaxException: Expected name to be an item, was unknown string 'armageddon_mod:helionite_brick_stairs'
	at net.minecraft.util.GsonHelper.m_13866_(GsonHelper.java:145) ~[server-1.20.1-20230612.114412-srg.jar%23467!/:?]
	at java.util.Optional.orElseThrow(Optional.java:403) ~[?:?]
	at net.minecraft.util.GsonHelper.m_13874_(GsonHelper.java:145) ~[server-1.20.1-20230612.114412-srg.jar%23467!/:?]
	at net.minecraft.util.GsonHelper.m_13909_(GsonHelper.java:153) ~[server-1.20.1-20230612.114412-srg.jar%23467!/:?]
	at net.minecraft.world.level.storage.loot.entries.LootItem$Serializer.m_7267_(LootItem.java:55) ~[server-1.20.1-20230612.114412-srg.jar%23467!/:?]
	at net.minecraft.world.level.storage.loot.entries.LootItem$Serializer.m_7267_(LootItem.java:40) ~[server-1.20.1-20230612.114412-srg.jar%23467!/:?]
	at net.minecraft.world.level.storage.loot.entries.LootPoolSingletonContainer$Serializer.m_5921_(LootPoolSingletonContainer.java:151) ~[server-1.20.1-20230612.114412-srg.jar%23467!/:?]
	at net.minecraft.world.level.storage.loot.entries.LootPoolSingletonContainer$Serializer.m_5921_(LootPoolSingletonContainer.java:129) ~[server-1.20.1-20230612.114412-srg.jar%23467!/:?]
	at net.minecraft.world.level.storage.loot.entries.LootPoolEntryContainer$Serializer.m_7561_(LootPoolEntryContainer.java:86) ~[server-1.20.1-20230612.114412-srg.jar%23467!/:?]
	at net.minecraft.world.level.storage.loot.entries.LootPoolEntryContainer$Serializer.m_7561_(LootPoolEntryContainer.java:74) ~[server-1.20.1-20230612.114412-srg.jar%23467!/:?]
	at net.minecraft.world.level.storage.loot.GsonAdapterFactory$JsonAdapter.deserialize(GsonAdapterFactory.java:102) ~[server-1.20.1-20230612.114412-srg.jar%23467!/:?]
	at com.google.gson.internal.bind.TreeTypeAdapter.read(TreeTypeAdapter.java:76) ~[gson-2.10.jar%2372!/:?]
	at com.google.gson.internal.bind.TypeAdapterRuntimeTypeWrapper.read(TypeAdapterRuntimeTypeWrapper.java:40) ~[gson-2.10.jar%2372!/:?]
	at com.google.gson.internal.bind.ArrayTypeAdapter.read(ArrayTypeAdapter.java:72) ~[gson-2.10.jar%2372!/:?]
	at com.google.gson.Gson.fromJson(Gson.java:1214) ~[gson-2.10.jar%2372!/:?]
	at com.google.gson.Gson.fromJson(Gson.java:1319) ~[gson-2.10.jar%2372!/:?]
	at com.google.gson.Gson.fromJson(Gson.java:1290) ~[gson-2.10.jar%2372!/:?]
	at com.google.gson.internal.bind.TreeTypeAdapter$GsonContextImpl.deserialize(TreeTypeAdapter.java:179) ~[gson-2.10.jar%2372!/:?]
	at net.minecraft.util.GsonHelper.m_13808_(GsonHelper.java:463) ~[server-1.20.1-20230612.114412-srg.jar%23467!/:?]
	at net.minecraft.util.GsonHelper.m_13836_(GsonHelper.java:471) ~[server-1.20.1-20230612.114412-srg.jar%23467!/:?]
	at net.minecraft.world.level.storage.loot.LootPool$Serializer.deserialize(LootPool.java:192) ~[server-1.20.1-20230612.114412-srg.jar%23467!/:?]
	at net.minecraft.world.level.storage.loot.LootPool$Serializer.deserialize(LootPool.java:189) ~[server-1.20.1-20230612.114412-srg.jar%23467!/:?]
	at com.google.gson.internal.bind.TreeTypeAdapter.read(TreeTypeAdapter.java:76) ~[gson-2.10.jar%2372!/:?]
	at com.google.gson.internal.bind.TypeAdapterRuntimeTypeWrapper.read(TypeAdapterRuntimeTypeWrapper.java:40) ~[gson-2.10.jar%2372!/:?]
	at com.google.gson.internal.bind.ArrayTypeAdapter.read(ArrayTypeAdapter.java:72) ~[gson-2.10.jar%2372!/:?]
	at com.google.gson.Gson.fromJson(Gson.java:1214) ~[gson-2.10.jar%2372!/:?]
	at com.google.gson.Gson.fromJson(Gson.java:1319) ~[gson-2.10.jar%2372!/:?]
	at com.google.gson.Gson.fromJson(Gson.java:1290) ~[gson-2.10.jar%2372!/:?]
	at com.google.gson.internal.bind.TreeTypeAdapter$GsonContextImpl.deserialize(TreeTypeAdapter.java:179) ~[gson-2.10.jar%2372!/:?]
	at net.minecraft.util.GsonHelper.m_13808_(GsonHelper.java:463) ~[server-1.20.1-20230612.114412-srg.jar%23467!/:?]
	at net.minecraft.util.GsonHelper.m_13845_(GsonHelper.java:481) ~[server-1.20.1-20230612.114412-srg.jar%23467!/:?]
	at net.minecraft.world.level.storage.loot.LootTable$Serializer.deserialize(LootTable.java:294) ~[server-1.20.1-20230612.114412-srg.jar%23467!/:?]
	at net.minecraft.world.level.storage.loot.LootTable$Serializer.deserialize(LootTable.java:291) ~[server-1.20.1-20230612.114412-srg.jar%23467!/:?]
	at com.google.gson.internal.bind.TreeTypeAdapter.read(TreeTypeAdapter.java:76) ~[gson-2.10.jar%2372!/:?]
	at com.google.gson.Gson.fromJson(Gson.java:1214) ~[gson-2.10.jar%2372!/:?]
	at com.google.gson.Gson.fromJson(Gson.java:1319) ~[gson-2.10.jar%2372!/:?]
	at com.google.gson.Gson.fromJson(Gson.java:1261) ~[gson-2.10.jar%2372!/:?]
	at net.minecraftforge.common.ForgeHooks.loadLootTable(ForgeHooks.java:871) ~[forge-1.20.1-47.3.7-universal.jar%23472!/:?]
	at net.minecraftforge.common.ForgeHooks.lambda$getLootTableDeserializer$3(ForgeHooks.java:848) ~[forge-1.20.1-47.3.7-universal.jar%23472!/:?]
	at net.minecraft.world.level.storage.loot.LootDataType.deserialize(LootDataType.java:45) ~[server-1.20.1-20230612.114412-srg.jar%23467!/:?]
	at net.minecraft.world.level.storage.loot.LootDataManager.lambda$scheduleElementParse$4(LootDataManager.java:56) ~[server-1.20.1-20230612.114412-srg.jar%23467!/:?]
	at java.util.HashMap.forEach(HashMap.java:1421) ~[?:?]
	at net.minecraft.world.level.storage.loot.LootDataManager.m_278660_(LootDataManager.java:55) ~[server-1.20.1-20230612.114412-srg.jar%23467!/:?]
	at java.util.concurrent.CompletableFuture$AsyncRun.run(CompletableFuture.java:1804) ~[?:?]
	at java.util.concurrent.CompletableFuture$AsyncRun.exec(CompletableFuture.java:1796) ~[?:?]
	at java.util.concurrent.ForkJoinTask.doExec(ForkJoinTask.java:373) ~[?:?]
	at java.util.concurrent.ForkJoinPool$WorkQueue.topLevelExec(ForkJoinPool.java:1182) ~[?:?]
	at java.util.concurrent.ForkJoinPool.scan(ForkJoinPool.java:1655) ~[?:?]
	at java.util.concurrent.ForkJoinPool.runWorker(ForkJoinPool.java:1622) ~[?:?]
	at java.util.concurrent.ForkJoinWorkerThread.run(ForkJoinWorkerThread.java:165) ~[?:?]
[27May2025 00:33:21.747] [Worker-Main-1/ERROR] [net.minecraftforge.common.ForgeHooks/]: Couldn't parse element loot_tables:mynethersdelight:blocks/blackstone_cooking_pot
com.google.gson.JsonSyntaxException: Unknown type 'mynethersdelight:copy_meal'
	at net.minecraft.world.level.storage.loot.GsonAdapterFactory$JsonAdapter.deserialize(GsonAdapterFactory.java:99) ~[server-1.20.1-20230612.114412-srg.jar%23467!/:?]
	at com.google.gson.internal.bind.TreeTypeAdapter.read(TreeTypeAdapter.java:76) ~[gson-2.10.jar%2372!/:?]
	at com.google.gson.internal.bind.TypeAdapterRuntimeTypeWrapper.read(TypeAdapterRuntimeTypeWrapper.java:40) ~[gson-2.10.jar%2372!/:?]
	at com.google.gson.internal.bind.ArrayTypeAdapter.read(ArrayTypeAdapter.java:72) ~[gson-2.10.jar%2372!/:?]
	at com.google.gson.Gson.fromJson(Gson.java:1214) ~[gson-2.10.jar%2372!/:?]
	at com.google.gson.Gson.fromJson(Gson.java:1319) ~[gson-2.10.jar%2372!/:?]
	at com.google.gson.Gson.fromJson(Gson.java:1290) ~[gson-2.10.jar%2372!/:?]
	at com.google.gson.internal.bind.TreeTypeAdapter$GsonContextImpl.deserialize(TreeTypeAdapter.java:179) ~[gson-2.10.jar%2372!/:?]
	at net.minecraft.util.GsonHelper.m_13808_(GsonHelper.java:463) ~[server-1.20.1-20230612.114412-srg.jar%23467!/:?]
	at net.minecraft.util.GsonHelper.m_13845_(GsonHelper.java:481) ~[server-1.20.1-20230612.114412-srg.jar%23467!/:?]
	at net.minecraft.world.level.storage.loot.entries.LootPoolSingletonContainer$Serializer.m_5921_(LootPoolSingletonContainer.java:149) ~[server-1.20.1-20230612.114412-srg.jar%23467!/:?]
	at net.minecraft.world.level.storage.loot.entries.LootPoolSingletonContainer$Serializer.m_5921_(LootPoolSingletonContainer.java:129) ~[server-1.20.1-20230612.114412-srg.jar%23467!/:?]
	at net.minecraft.world.level.storage.loot.entries.LootPoolEntryContainer$Serializer.m_7561_(LootPoolEntryContainer.java:86) ~[server-1.20.1-20230612.114412-srg.jar%23467!/:?]
	at net.minecraft.world.level.storage.loot.entries.LootPoolEntryContainer$Serializer.m_7561_(LootPoolEntryContainer.java:74) ~[server-1.20.1-20230612.114412-srg.jar%23467!/:?]
	at net.minecraft.world.level.storage.loot.GsonAdapterFactory$JsonAdapter.deserialize(GsonAdapterFactory.java:102) ~[server-1.20.1-20230612.114412-srg.jar%23467!/:?]
	at com.google.gson.internal.bind.TreeTypeAdapter.read(TreeTypeAdapter.java:76) ~[gson-2.10.jar%2372!/:?]
	at com.google.gson.internal.bind.TypeAdapterRuntimeTypeWrapper.read(TypeAdapterRuntimeTypeWrapper.java:40) ~[gson-2.10.jar%2372!/:?]
	at com.google.gson.internal.bind.ArrayTypeAdapter.read(ArrayTypeAdapter.java:72) ~[gson-2.10.jar%2372!/:?]
	at com.google.gson.Gson.fromJson(Gson.java:1214) ~[gson-2.10.jar%2372!/:?]
	at com.google.gson.Gson.fromJson(Gson.java:1319) ~[gson-2.10.jar%2372!/:?]
	at com.google.gson.Gson.fromJson(Gson.java:1290) ~[gson-2.10.jar%2372!/:?]
	at com.google.gson.internal.bind.TreeTypeAdapter$GsonContextImpl.deserialize(TreeTypeAdapter.java:179) ~[gson-2.10.jar%2372!/:?]
	at net.minecraft.util.GsonHelper.m_13808_(GsonHelper.java:463) ~[server-1.20.1-20230612.114412-srg.jar%23467!/:?]
	at net.minecraft.util.GsonHelper.m_13836_(GsonHelper.java:471) ~[server-1.20.1-20230612.114412-srg.jar%23467!/:?]
	at net.minecraft.world.level.storage.loot.LootPool$Serializer.deserialize(LootPool.java:192) ~[server-1.20.1-20230612.114412-srg.jar%23467!/:?]
	at net.minecraft.world.level.storage.loot.LootPool$Serializer.deserialize(LootPool.java:189) ~[server-1.20.1-20230612.114412-srg.jar%23467!/:?]
	at com.google.gson.internal.bind.TreeTypeAdapter.read(TreeTypeAdapter.java:76) ~[gson-2.10.jar%2372!/:?]
	at com.google.gson.internal.bind.TypeAdapterRuntimeTypeWrapper.read(TypeAdapterRuntimeTypeWrapper.java:40) ~[gson-2.10.jar%2372!/:?]
	at com.google.gson.internal.bind.ArrayTypeAdapter.read(ArrayTypeAdapter.java:72) ~[gson-2.10.jar%2372!/:?]
	at com.google.gson.Gson.fromJson(Gson.java:1214) ~[gson-2.10.jar%2372!/:?]
	at com.google.gson.Gson.fromJson(Gson.java:1319) ~[gson-2.10.jar%2372!/:?]
	at com.google.gson.Gson.fromJson(Gson.java:1290) ~[gson-2.10.jar%2372!/:?]
	at com.google.gson.internal.bind.TreeTypeAdapter$GsonContextImpl.deserialize(TreeTypeAdapter.java:179) ~[gson-2.10.jar%2372!/:?]
	at net.minecraft.util.GsonHelper.m_13808_(GsonHelper.java:463) ~[server-1.20.1-20230612.114412-srg.jar%23467!/:?]
	at net.minecraft.util.GsonHelper.m_13845_(GsonHelper.java:481) ~[server-1.20.1-20230612.114412-srg.jar%23467!/:?]
	at net.minecraft.world.level.storage.loot.LootTable$Serializer.deserialize(LootTable.java:294) ~[server-1.20.1-20230612.114412-srg.jar%23467!/:?]
	at net.minecraft.world.level.storage.loot.LootTable$Serializer.deserialize(LootTable.java:291) ~[server-1.20.1-20230612.114412-srg.jar%23467!/:?]
	at com.google.gson.internal.bind.TreeTypeAdapter.read(TreeTypeAdapter.java:76) ~[gson-2.10.jar%2372!/:?]
	at com.google.gson.Gson.fromJson(Gson.java:1214) ~[gson-2.10.jar%2372!/:?]
	at com.google.gson.Gson.fromJson(Gson.java:1319) ~[gson-2.10.jar%2372!/:?]
	at com.google.gson.Gson.fromJson(Gson.java:1261) ~[gson-2.10.jar%2372!/:?]
	at net.minecraftforge.common.ForgeHooks.loadLootTable(ForgeHooks.java:871) ~[forge-1.20.1-47.3.7-universal.jar%23472!/:?]
	at net.minecraftforge.common.ForgeHooks.lambda$getLootTableDeserializer$3(ForgeHooks.java:848) ~[forge-1.20.1-47.3.7-universal.jar%23472!/:?]
	at net.minecraft.world.level.storage.loot.LootDataType.deserialize(LootDataType.java:45) ~[server-1.20.1-20230612.114412-srg.jar%23467!/:?]
	at net.minecraft.world.level.storage.loot.LootDataManager.lambda$scheduleElementParse$4(LootDataManager.java:56) ~[server-1.20.1-20230612.114412-srg.jar%23467!/:?]
	at java.util.HashMap.forEach(HashMap.java:1421) ~[?:?]
	at net.minecraft.world.level.storage.loot.LootDataManager.m_278660_(LootDataManager.java:55) ~[server-1.20.1-20230612.114412-srg.jar%23467!/:?]
	at java.util.concurrent.CompletableFuture$AsyncRun.run(CompletableFuture.java:1804) ~[?:?]
	at java.util.concurrent.CompletableFuture$AsyncRun.exec(CompletableFuture.java:1796) ~[?:?]
	at java.util.concurrent.ForkJoinTask.doExec(ForkJoinTask.java:373) ~[?:?]
	at java.util.concurrent.ForkJoinPool$WorkQueue.topLevelExec(ForkJoinPool.java:1182) ~[?:?]
	at java.util.concurrent.ForkJoinPool.scan(ForkJoinPool.java:1655) ~[?:?]
	at java.util.concurrent.ForkJoinPool.runWorker(ForkJoinPool.java:1622) ~[?:?]
	at java.util.concurrent.ForkJoinWorkerThread.run(ForkJoinWorkerThread.java:165) ~[?:?]
[27May2025 00:33:21.836] [Worker-Main-1/ERROR] [net.minecraftforge.common.ForgeHooks/]: Couldn't parse element loot_tables:armageddon_mod:blocks/mossy_helionite_wall_brick
com.google.gson.JsonSyntaxException: Expected name to be an item, was unknown string 'armageddon_mod:mossy_helionite_wall_brick'
	at net.minecraft.util.GsonHelper.m_13866_(GsonHelper.java:145) ~[server-1.20.1-20230612.114412-srg.jar%23467!/:?]
	at java.util.Optional.orElseThrow(Optional.java:403) ~[?:?]
	at net.minecraft.util.GsonHelper.m_13874_(GsonHelper.java:145) ~[server-1.20.1-20230612.114412-srg.jar%23467!/:?]
	at net.minecraft.util.GsonHelper.m_13909_(GsonHelper.java:153) ~[server-1.20.1-20230612.114412-srg.jar%23467!/:?]
	at net.minecraft.world.level.storage.loot.entries.LootItem$Serializer.m_7267_(LootItem.java:55) ~[server-1.20.1-20230612.114412-srg.jar%23467!/:?]
	at net.minecraft.world.level.storage.loot.entries.LootItem$Serializer.m_7267_(LootItem.java:40) ~[server-1.20.1-20230612.114412-srg.jar%23467!/:?]
	at net.minecraft.world.level.storage.loot.entries.LootPoolSingletonContainer$Serializer.m_5921_(LootPoolSingletonContainer.java:151) ~[server-1.20.1-20230612.114412-srg.jar%23467!/:?]
	at net.minecraft.world.level.storage.loot.entries.LootPoolSingletonContainer$Serializer.m_5921_(LootPoolSingletonContainer.java:129) ~[server-1.20.1-20230612.114412-srg.jar%23467!/:?]
	at net.minecraft.world.level.storage.loot.entries.LootPoolEntryContainer$Serializer.m_7561_(LootPoolEntryContainer.java:86) ~[server-1.20.1-20230612.114412-srg.jar%23467!/:?]
	at net.minecraft.world.level.storage.loot.entries.LootPoolEntryContainer$Serializer.m_7561_(LootPoolEntryContainer.java:74) ~[server-1.20.1-20230612.114412-srg.jar%23467!/:?]
	at net.minecraft.world.level.storage.loot.GsonAdapterFactory$JsonAdapter.deserialize(GsonAdapterFactory.java:102) ~[server-1.20.1-20230612.114412-srg.jar%23467!/:?]
	at com.google.gson.internal.bind.TreeTypeAdapter.read(TreeTypeAdapter.java:76) ~[gson-2.10.jar%2372!/:?]
	at com.google.gson.internal.bind.TypeAdapterRuntimeTypeWrapper.read(TypeAdapterRuntimeTypeWrapper.java:40) ~[gson-2.10.jar%2372!/:?]
	at com.google.gson.internal.bind.ArrayTypeAdapter.read(ArrayTypeAdapter.java:72) ~[gson-2.10.jar%2372!/:?]
	at com.google.gson.Gson.fromJson(Gson.java:1214) ~[gson-2.10.jar%2372!/:?]
	at com.google.gson.Gson.fromJson(Gson.java:1319) ~[gson-2.10.jar%2372!/:?]
	at com.google.gson.Gson.fromJson(Gson.java:1290) ~[gson-2.10.jar%2372!/:?]
	at com.google.gson.internal.bind.TreeTypeAdapter$GsonContextImpl.deserialize(TreeTypeAdapter.java:179) ~[gson-2.10.jar%2372!/:?]
	at net.minecraft.util.GsonHelper.m_13808_(GsonHelper.java:463) ~[server-1.20.1-20230612.114412-srg.jar%23467!/:?]
	at net.minecraft.util.GsonHelper.m_13836_(GsonHelper.java:471) ~[server-1.20.1-20230612.114412-srg.jar%23467!/:?]
	at net.minecraft.world.level.storage.loot.LootPool$Serializer.deserialize(LootPool.java:192) ~[server-1.20.1-20230612.114412-srg.jar%23467!/:?]
	at net.minecraft.world.level.storage.loot.LootPool$Serializer.deserialize(LootPool.java:189) ~[server-1.20.1-20230612.114412-srg.jar%23467!/:?]
	at com.google.gson.internal.bind.TreeTypeAdapter.read(TreeTypeAdapter.java:76) ~[gson-2.10.jar%2372!/:?]
	at com.google.gson.internal.bind.TypeAdapterRuntimeTypeWrapper.read(TypeAdapterRuntimeTypeWrapper.java:40) ~[gson-2.10.jar%2372!/:?]
	at com.google.gson.internal.bind.ArrayTypeAdapter.read(ArrayTypeAdapter.java:72) ~[gson-2.10.jar%2372!/:?]
	at com.google.gson.Gson.fromJson(Gson.java:1214) ~[gson-2.10.jar%2372!/:?]
	at com.google.gson.Gson.fromJson(Gson.java:1319) ~[gson-2.10.jar%2372!/:?]
	at com.google.gson.Gson.fromJson(Gson.java:1290) ~[gson-2.10.jar%2372!/:?]
	at com.google.gson.internal.bind.TreeTypeAdapter$GsonContextImpl.deserialize(TreeTypeAdapter.java:179) ~[gson-2.10.jar%2372!/:?]
	at net.minecraft.util.GsonHelper.m_13808_(GsonHelper.java:463) ~[server-1.20.1-20230612.114412-srg.jar%23467!/:?]
	at net.minecraft.util.GsonHelper.m_13845_(GsonHelper.java:481) ~[server-1.20.1-20230612.114412-srg.jar%23467!/:?]
	at net.minecraft.world.level.storage.loot.LootTable$Serializer.deserialize(LootTable.java:294) ~[server-1.20.1-20230612.114412-srg.jar%23467!/:?]
	at net.minecraft.world.level.storage.loot.LootTable$Serializer.deserialize(LootTable.java:291) ~[server-1.20.1-20230612.114412-srg.jar%23467!/:?]
	at com.google.gson.internal.bind.TreeTypeAdapter.read(TreeTypeAdapter.java:76) ~[gson-2.10.jar%2372!/:?]
	at com.google.gson.Gson.fromJson(Gson.java:1214) ~[gson-2.10.jar%2372!/:?]
	at com.google.gson.Gson.fromJson(Gson.java:1319) ~[gson-2.10.jar%2372!/:?]
	at com.google.gson.Gson.fromJson(Gson.java:1261) ~[gson-2.10.jar%2372!/:?]
	at net.minecraftforge.common.ForgeHooks.loadLootTable(ForgeHooks.java:871) ~[forge-1.20.1-47.3.7-universal.jar%23472!/:?]
	at net.minecraftforge.common.ForgeHooks.lambda$getLootTableDeserializer$3(ForgeHooks.java:848) ~[forge-1.20.1-47.3.7-universal.jar%23472!/:?]
	at net.minecraft.world.level.storage.loot.LootDataType.deserialize(LootDataType.java:45) ~[server-1.20.1-20230612.114412-srg.jar%23467!/:?]
	at net.minecraft.world.level.storage.loot.LootDataManager.lambda$scheduleElementParse$4(LootDataManager.java:56) ~[server-1.20.1-20230612.114412-srg.jar%23467!/:?]
	at java.util.HashMap.forEach(HashMap.java:1421) ~[?:?]
	at net.minecraft.world.level.storage.loot.LootDataManager.m_278660_(LootDataManager.java:55) ~[server-1.20.1-20230612.114412-srg.jar%23467!/:?]
	at java.util.concurrent.CompletableFuture$AsyncRun.run(CompletableFuture.java:1804) ~[?:?]
	at java.util.concurrent.CompletableFuture$AsyncRun.exec(CompletableFuture.java:1796) ~[?:?]
	at java.util.concurrent.ForkJoinTask.doExec(ForkJoinTask.java:373) ~[?:?]
	at java.util.concurrent.ForkJoinPool$WorkQueue.topLevelExec(ForkJoinPool.java:1182) ~[?:?]
	at java.util.concurrent.ForkJoinPool.scan(ForkJoinPool.java:1655) ~[?:?]
	at java.util.concurrent.ForkJoinPool.runWorker(ForkJoinPool.java:1622) ~[?:?]
	at java.util.concurrent.ForkJoinWorkerThread.run(ForkJoinWorkerThread.java:165) ~[?:?]
[27May2025 00:33:21.986] [Worker-Main-1/ERROR] [net.minecraftforge.common.ForgeHooks/]: Couldn't parse element loot_tables:armageddon_mod:blocks/helionite_brick_wall
com.google.gson.JsonSyntaxException: Expected name to be an item, was unknown string 'armageddon_mod:helionite_brick_wall'
	at net.minecraft.util.GsonHelper.m_13866_(GsonHelper.java:145) ~[server-1.20.1-20230612.114412-srg.jar%23467!/:?]
	at java.util.Optional.orElseThrow(Optional.java:403) ~[?:?]
	at net.minecraft.util.GsonHelper.m_13874_(GsonHelper.java:145) ~[server-1.20.1-20230612.114412-srg.jar%23467!/:?]
	at net.minecraft.util.GsonHelper.m_13909_(GsonHelper.java:153) ~[server-1.20.1-20230612.114412-srg.jar%23467!/:?]
	at net.minecraft.world.level.storage.loot.entries.LootItem$Serializer.m_7267_(LootItem.java:55) ~[server-1.20.1-20230612.114412-srg.jar%23467!/:?]
	at net.minecraft.world.level.storage.loot.entries.LootItem$Serializer.m_7267_(LootItem.java:40) ~[server-1.20.1-20230612.114412-srg.jar%23467!/:?]
	at net.minecraft.world.level.storage.loot.entries.LootPoolSingletonContainer$Serializer.m_5921_(LootPoolSingletonContainer.java:151) ~[server-1.20.1-20230612.114412-srg.jar%23467!/:?]
	at net.minecraft.world.level.storage.loot.entries.LootPoolSingletonContainer$Serializer.m_5921_(LootPoolSingletonContainer.java:129) ~[server-1.20.1-20230612.114412-srg.jar%23467!/:?]
	at net.minecraft.world.level.storage.loot.entries.LootPoolEntryContainer$Serializer.m_7561_(LootPoolEntryContainer.java:86) ~[server-1.20.1-20230612.114412-srg.jar%23467!/:?]
	at net.minecraft.world.level.storage.loot.entries.LootPoolEntryContainer$Serializer.m_7561_(LootPoolEntryContainer.java:74) ~[server-1.20.1-20230612.114412-srg.jar%23467!/:?]
	at net.minecraft.world.level.storage.loot.GsonAdapterFactory$JsonAdapter.deserialize(GsonAdapterFactory.java:102) ~[server-1.20.1-20230612.114412-srg.jar%23467!/:?]
	at com.google.gson.internal.bind.TreeTypeAdapter.read(TreeTypeAdapter.java:76) ~[gson-2.10.jar%2372!/:?]
	at com.google.gson.internal.bind.TypeAdapterRuntimeTypeWrapper.read(TypeAdapterRuntimeTypeWrapper.java:40) ~[gson-2.10.jar%2372!/:?]
	at com.google.gson.internal.bind.ArrayTypeAdapter.read(ArrayTypeAdapter.java:72) ~[gson-2.10.jar%2372!/:?]
	at com.google.gson.Gson.fromJson(Gson.java:1214) ~[gson-2.10.jar%2372!/:?]
	at com.google.gson.Gson.fromJson(Gson.java:1319) ~[gson-2.10.jar%2372!/:?]
	at com.google.gson.Gson.fromJson(Gson.java:1290) ~[gson-2.10.jar%2372!/:?]
	at com.google.gson.internal.bind.TreeTypeAdapter$GsonContextImpl.deserialize(TreeTypeAdapter.java:179) ~[gson-2.10.jar%2372!/:?]
	at net.minecraft.util.GsonHelper.m_13808_(GsonHelper.java:463) ~[server-1.20.1-20230612.114412-srg.jar%23467!/:?]
	at net.minecraft.util.GsonHelper.m_13836_(GsonHelper.java:471) ~[server-1.20.1-20230612.114412-srg.jar%23467!/:?]
	at net.minecraft.world.level.storage.loot.LootPool$Serializer.deserialize(LootPool.java:192) ~[server-1.20.1-20230612.114412-srg.jar%23467!/:?]
	at net.minecraft.world.level.storage.loot.LootPool$Serializer.deserialize(LootPool.java:189) ~[server-1.20.1-20230612.114412-srg.jar%23467!/:?]
	at com.google.gson.internal.bind.TreeTypeAdapter.read(TreeTypeAdapter.java:76) ~[gson-2.10.jar%2372!/:?]
	at com.google.gson.internal.bind.TypeAdapterRuntimeTypeWrapper.read(TypeAdapterRuntimeTypeWrapper.java:40) ~[gson-2.10.jar%2372!/:?]
	at com.google.gson.internal.bind.ArrayTypeAdapter.read(ArrayTypeAdapter.java:72) ~[gson-2.10.jar%2372!/:?]
	at com.google.gson.Gson.fromJson(Gson.java:1214) ~[gson-2.10.jar%2372!/:?]
	at com.google.gson.Gson.fromJson(Gson.java:1319) ~[gson-2.10.jar%2372!/:?]
	at com.google.gson.Gson.fromJson(Gson.java:1290) ~[gson-2.10.jar%2372!/:?]
	at com.google.gson.internal.bind.TreeTypeAdapter$GsonContextImpl.deserialize(TreeTypeAdapter.java:179) ~[gson-2.10.jar%2372!/:?]
	at net.minecraft.util.GsonHelper.m_13808_(GsonHelper.java:463) ~[server-1.20.1-20230612.114412-srg.jar%23467!/:?]
	at net.minecraft.util.GsonHelper.m_13845_(GsonHelper.java:481) ~[server-1.20.1-20230612.114412-srg.jar%23467!/:?]
	at net.minecraft.world.level.storage.loot.LootTable$Serializer.deserialize(LootTable.java:294) ~[server-1.20.1-20230612.114412-srg.jar%23467!/:?]
	at net.minecraft.world.level.storage.loot.LootTable$Serializer.deserialize(LootTable.java:291) ~[server-1.20.1-20230612.114412-srg.jar%23467!/:?]
	at com.google.gson.internal.bind.TreeTypeAdapter.read(TreeTypeAdapter.java:76) ~[gson-2.10.jar%2372!/:?]
	at com.google.gson.Gson.fromJson(Gson.java:1214) ~[gson-2.10.jar%2372!/:?]
	at com.google.gson.Gson.fromJson(Gson.java:1319) ~[gson-2.10.jar%2372!/:?]
	at com.google.gson.Gson.fromJson(Gson.java:1261) ~[gson-2.10.jar%2372!/:?]
	at net.minecraftforge.common.ForgeHooks.loadLootTable(ForgeHooks.java:871) ~[forge-1.20.1-47.3.7-universal.jar%23472!/:?]
	at net.minecraftforge.common.ForgeHooks.lambda$getLootTableDeserializer$3(ForgeHooks.java:848) ~[forge-1.20.1-47.3.7-universal.jar%23472!/:?]
	at net.minecraft.world.level.storage.loot.LootDataType.deserialize(LootDataType.java:45) ~[server-1.20.1-20230612.114412-srg.jar%23467!/:?]
	at net.minecraft.world.level.storage.loot.LootDataManager.lambda$scheduleElementParse$4(LootDataManager.java:56) ~[server-1.20.1-20230612.114412-srg.jar%23467!/:?]
	at java.util.HashMap.forEach(HashMap.java:1421) ~[?:?]
	at net.minecraft.world.level.storage.loot.LootDataManager.m_278660_(LootDataManager.java:55) ~[server-1.20.1-20230612.114412-srg.jar%23467!/:?]
	at java.util.concurrent.CompletableFuture$AsyncRun.run(CompletableFuture.java:1804) ~[?:?]
	at java.util.concurrent.CompletableFuture$AsyncRun.exec(CompletableFuture.java:1796) ~[?:?]
	at java.util.concurrent.ForkJoinTask.doExec(ForkJoinTask.java:373) ~[?:?]
	at java.util.concurrent.ForkJoinPool$WorkQueue.topLevelExec(ForkJoinPool.java:1182) ~[?:?]
	at java.util.concurrent.ForkJoinPool.scan(ForkJoinPool.java:1655) ~[?:?]
	at java.util.concurrent.ForkJoinPool.runWorker(ForkJoinPool.java:1622) ~[?:?]
	at java.util.concurrent.ForkJoinWorkerThread.run(ForkJoinWorkerThread.java:165) ~[?:?]
[27May2025 00:33:22.080] [main/INFO] [net.threetag.palladium.Palladium/]: Loaded 0 loot table modifications
[27May2025 00:33:22.183] [main/WARN] [net.minecraft.world.level.storage.loot.LootDataManager/]: Found loot table element validation problem in {loot_tables:alexsmobs:gameplay/seal_reward}.pools[0].entries[0]->{minecraft:gameplay/fishing/junk}.pools[1].condition[0]: Parameters [<parameter minecraft:origin>] are not provided in this context
[27May2025 00:33:22.191] [main/INFO] [emi_loot/]: parsing loot tables
[27May2025 00:33:22.313] [main/ERROR] [emi_loot/]: Critical error encountered while parsing Loot Table dungeons_arise:chests/illager_fort/illager_fort_treasure
[27May2025 00:33:22.313] [main/ERROR] [emi_loot/]: Thrown Error: 
org.spongepowered.asm.mixin.transformer.throwables.IllegalClassLoadError: Illegal classload request for accessor mixin fzzyhmstrs.emi_loot.mixins.SetAttributesLootFunctionAccessor. The mixin is missing from emi_loot.mixins.json which owns package fzzyhmstrs.emi_loot.mixins.* and the mixin has not been applied.
	at org.spongepowered.asm.mixin.transformer.MixinProcessor.applyMixins(MixinProcessor.java:334) ~[mixin-0.8.5.jar%2365!/:0.8.5+Jenkins-b310.git-155314e6e91465dad727e621a569906a410cd6f4]
	at org.spongepowered.asm.mixin.transformer.MixinTransformer.transformClass(MixinTransformer.java:250) ~[mixin-0.8.5.jar%2365!/:0.8.5+Jenkins-b310.git-155314e6e91465dad727e621a569906a410cd6f4]
	at org.spongepowered.asm.service.modlauncher.MixinTransformationHandler.processClass(MixinTransformationHandler.java:131) ~[mixin-0.8.5.jar%2365!/:0.8.5+Jenkins-b310.git-155314e6e91465dad727e621a569906a410cd6f4]
	at org.spongepowered.asm.launch.MixinLaunchPluginLegacy.processClass(MixinLaunchPluginLegacy.java:131) ~[mixin-0.8.5.jar%2365!/:0.8.5+Jenkins-b310.git-155314e6e91465dad727e621a569906a410cd6f4]
	at cpw.mods.modlauncher.serviceapi.ILaunchPluginService.processClassWithFlags(ILaunchPluginService.java:156) ~[modlauncher-10.0.9.jar%2355!/:10.0.9+10.0.9+main.dcd20f30]
	at cpw.mods.modlauncher.LaunchPluginHandler.offerClassNodeToPlugins(LaunchPluginHandler.java:88) ~[modlauncher-10.0.9.jar%2355!/:?]
	at cpw.mods.modlauncher.ClassTransformer.transform(ClassTransformer.java:120) ~[modlauncher-10.0.9.jar%2355!/:?]
	at cpw.mods.modlauncher.TransformingClassLoader.maybeTransformClassBytes(TransformingClassLoader.java:50) ~[modlauncher-10.0.9.jar%2355!/:?]
	at cpw.mods.cl.ModuleClassLoader.readerToClass(ModuleClassLoader.java:113) ~[securejarhandler-2.1.10.jar:?]
	at cpw.mods.cl.ModuleClassLoader.lambda$findClass$15(ModuleClassLoader.java:219) ~[securejarhandler-2.1.10.jar:?]
	at cpw.mods.cl.ModuleClassLoader.loadFromModule(ModuleClassLoader.java:229) ~[securejarhandler-2.1.10.jar:?]
	at cpw.mods.cl.ModuleClassLoader.findClass(ModuleClassLoader.java:219) ~[securejarhandler-2.1.10.jar:?]
	at cpw.mods.cl.ModuleClassLoader.loadClass(ModuleClassLoader.java:135) ~[securejarhandler-2.1.10.jar:?]
	at java.lang.ClassLoader.loadClass(ClassLoader.java:525) ~[?:?]
	at fzzyhmstrs.emi_loot.parser.function.SetAttributesFunctionParser.parseFunction(SetAttributesFunctionParser.java:23) ~[emi_loot-0.7.6+1.20.1+forge.jar%23347!/:?]
	at fzzyhmstrs.emi_loot.parser.registry.LootParserRegistry.parseFunction(LootParserRegistry.java:85) ~[emi_loot-0.7.6+1.20.1+forge.jar%23347!/:?]
	at fzzyhmstrs.emi_loot.parser.LootTableParser.parseLootFunction(LootTableParser.java:610) ~[emi_loot-0.7.6+1.20.1+forge.jar%23347!/:?]
	at fzzyhmstrs.emi_loot.parser.LootTableParser.applyLootFunctionToItem(LootTableParser.java:637) ~[emi_loot-0.7.6+1.20.1+forge.jar%23347!/:?]
	at fzzyhmstrs.emi_loot.parser.LootTableParser.parseItemEntry(LootTableParser.java:484) ~[emi_loot-0.7.6+1.20.1+forge.jar%23347!/:?]
	at fzzyhmstrs.emi_loot.parser.LootTableParser.parseItemEntry(LootTableParser.java:480) ~[emi_loot-0.7.6+1.20.1+forge.jar%23347!/:?]
	at fzzyhmstrs.emi_loot.parser.LootTableParser.parseLootPoolEntry(LootTableParser.java:460) ~[emi_loot-0.7.6+1.20.1+forge.jar%23347!/:?]
	at fzzyhmstrs.emi_loot.parser.LootTableParser.parseLootPoolEntry(LootTableParser.java:453) ~[emi_loot-0.7.6+1.20.1+forge.jar%23347!/:?]
	at fzzyhmstrs.emi_loot.parser.LootTableParser.parseLootPoolEntry(LootTableParser.java:441) ~[emi_loot-0.7.6+1.20.1+forge.jar%23347!/:?]
	at fzzyhmstrs.emi_loot.parser.LootTableParser.parseChestLootTable(LootTableParser.java:279) ~[emi_loot-0.7.6+1.20.1+forge.jar%23347!/:?]
	at fzzyhmstrs.emi_loot.parser.LootTableParser.parseLootTable(LootTableParser.java:180) ~[emi_loot-0.7.6+1.20.1+forge.jar%23347!/:?]
	at fzzyhmstrs.emi_loot.parser.LootTableParser.lambda$parseLootTables$5(LootTableParser.java:148) ~[emi_loot-0.7.6+1.20.1+forge.jar%23347!/:?]
	at com.google.common.collect.RegularImmutableMap.forEach(RegularImmutableMap.java:292) ~[guava-31.1-jre.jar%2374!/:?]
	at fzzyhmstrs.emi_loot.parser.LootTableParser.parseLootTables(LootTableParser.java:146) ~[emi_loot-0.7.6+1.20.1+forge.jar%23347!/:?]
	at net.minecraft.server.packs.resources.SimpleReloadInstance.mdf93074$lambda$emi_loot_readTablesAfterFabricForRealSimple$0$0(SimpleReloadInstance.java:1023) ~[server-1.20.1-20230612.114412-srg.jar%23467!/:?]
	at java.util.concurrent.CompletableFuture$UniRun.tryFire(CompletableFuture.java:787) ~[?:?]
	at java.util.concurrent.CompletableFuture.postComplete(CompletableFuture.java:510) ~[?:?]
	at java.util.concurrent.CompletableFuture.postFire(CompletableFuture.java:614) ~[?:?]
	at java.util.concurrent.CompletableFuture$UniAccept.tryFire(CompletableFuture.java:726) ~[?:?]
	at java.util.concurrent.CompletableFuture$Completion.run(CompletableFuture.java:482) ~[?:?]
	at net.minecraft.server.packs.resources.SimpleReloadInstance.m_143940_(SimpleReloadInstance.java:69) ~[server-1.20.1-20230612.114412-srg.jar%23467!/:?]
	at net.minecraft.Util.m_214652_(Util.java:783) ~[server-1.20.1-20230612.114412-srg.jar%23467!/:?]
	at net.minecraft.Util.m_214679_(Util.java:772) ~[server-1.20.1-20230612.114412-srg.jar%23467!/:?]
	at net.minecraft.server.Main.main(Main.java:166) ~[server-1.20.1-20230612.114412-srg.jar%23467!/:?]
	at jdk.internal.reflect.NativeMethodAccessorImpl.invoke0(Native Method) ~[?:?]
	at jdk.internal.reflect.NativeMethodAccessorImpl.invoke(NativeMethodAccessorImpl.java:77) ~[?:?]
	at jdk.internal.reflect.DelegatingMethodAccessorImpl.invoke(DelegatingMethodAccessorImpl.java:43) ~[?:?]
	at java.lang.reflect.Method.invoke(Method.java:569) ~[?:?]
	at net.minecraftforge.fml.loading.targets.CommonLaunchHandler.runTarget(CommonLaunchHandler.java:111) ~[fmlloader-1.20.1-47.3.7.jar%2369!/:?]
	at net.minecraftforge.fml.loading.targets.CommonLaunchHandler.serverService(CommonLaunchHandler.java:103) ~[fmlloader-1.20.1-47.3.7.jar%2369!/:?]
	at net.minecraftforge.fml.loading.targets.CommonServerLaunchHandler.lambda$makeService$0(CommonServerLaunchHandler.java:27) ~[fmlloader-1.20.1-47.3.7.jar%2369!/:?]
	at cpw.mods.modlauncher.LaunchServiceHandlerDecorator.launch(LaunchServiceHandlerDecorator.java:30) ~[modlauncher-10.0.9.jar%2355!/:?]
	at cpw.mods.modlauncher.LaunchServiceHandler.launch(LaunchServiceHandler.java:53) ~[modlauncher-10.0.9.jar%2355!/:?]
	at cpw.mods.modlauncher.LaunchServiceHandler.launch(LaunchServiceHandler.java:71) ~[modlauncher-10.0.9.jar%2355!/:?]
	at cpw.mods.modlauncher.Launcher.run(Launcher.java:108) ~[modlauncher-10.0.9.jar%2355!/:?]
	at cpw.mods.modlauncher.Launcher.main(Launcher.java:78) ~[modlauncher-10.0.9.jar%2355!/:?]
	at cpw.mods.modlauncher.BootstrapLaunchConsumer.accept(BootstrapLaunchConsumer.java:26) ~[modlauncher-10.0.9.jar%2355!/:?]
	at cpw.mods.modlauncher.BootstrapLaunchConsumer.accept(BootstrapLaunchConsumer.java:23) ~[modlauncher-10.0.9.jar%2355!/:?]
	at cpw.mods.bootstraplauncher.BootstrapLauncher.main(BootstrapLauncher.java:141) ~[bootstraplauncher-1.1.2.jar:?]
[27May2025 00:33:22.406] [main/ERROR] [emi_loot/]: Critical error encountered while parsing Mob Loot Table minecraft:entities/wither
[27May2025 00:33:22.407] [main/ERROR] [emi_loot/]: Thrown Error: 
org.spongepowered.asm.mixin.transformer.throwables.IllegalClassLoadError: Illegal classload request for accessor mixin fzzyhmstrs.emi_loot.mixins.SetAttributesLootFunctionAccessor. The mixin is missing from emi_loot.mixins.json which owns package fzzyhmstrs.emi_loot.mixins.* and the mixin has not been applied.
	at org.spongepowered.asm.mixin.transformer.MixinProcessor.applyMixins(MixinProcessor.java:334) ~[mixin-0.8.5.jar%2365!/:0.8.5+Jenkins-b310.git-155314e6e91465dad727e621a569906a410cd6f4]
	at org.spongepowered.asm.mixin.transformer.MixinTransformer.transformClass(MixinTransformer.java:250) ~[mixin-0.8.5.jar%2365!/:0.8.5+Jenkins-b310.git-155314e6e91465dad727e621a569906a410cd6f4]
	at org.spongepowered.asm.service.modlauncher.MixinTransformationHandler.processClass(MixinTransformationHandler.java:131) ~[mixin-0.8.5.jar%2365!/:0.8.5+Jenkins-b310.git-155314e6e91465dad727e621a569906a410cd6f4]
	at org.spongepowered.asm.launch.MixinLaunchPluginLegacy.processClass(MixinLaunchPluginLegacy.java:131) ~[mixin-0.8.5.jar%2365!/:0.8.5+Jenkins-b310.git-155314e6e91465dad727e621a569906a410cd6f4]
	at cpw.mods.modlauncher.serviceapi.ILaunchPluginService.processClassWithFlags(ILaunchPluginService.java:156) ~[modlauncher-10.0.9.jar%2355!/:10.0.9+10.0.9+main.dcd20f30]
	at cpw.mods.modlauncher.LaunchPluginHandler.offerClassNodeToPlugins(LaunchPluginHandler.java:88) ~[modlauncher-10.0.9.jar%2355!/:?]
	at cpw.mods.modlauncher.ClassTransformer.transform(ClassTransformer.java:120) ~[modlauncher-10.0.9.jar%2355!/:?]
	at cpw.mods.modlauncher.TransformingClassLoader.maybeTransformClassBytes(TransformingClassLoader.java:50) ~[modlauncher-10.0.9.jar%2355!/:?]
	at cpw.mods.cl.ModuleClassLoader.readerToClass(ModuleClassLoader.java:113) ~[securejarhandler-2.1.10.jar:?]
	at cpw.mods.cl.ModuleClassLoader.lambda$findClass$15(ModuleClassLoader.java:219) ~[securejarhandler-2.1.10.jar:?]
	at cpw.mods.cl.ModuleClassLoader.loadFromModule(ModuleClassLoader.java:229) ~[securejarhandler-2.1.10.jar:?]
	at cpw.mods.cl.ModuleClassLoader.findClass(ModuleClassLoader.java:219) ~[securejarhandler-2.1.10.jar:?]
	at cpw.mods.cl.ModuleClassLoader.loadClass(ModuleClassLoader.java:135) ~[securejarhandler-2.1.10.jar:?]
	at java.lang.ClassLoader.loadClass(ClassLoader.java:525) ~[?:?]
	at fzzyhmstrs.emi_loot.parser.function.SetAttributesFunctionParser.parseFunction(SetAttributesFunctionParser.java:23) ~[emi_loot-0.7.6+1.20.1+forge.jar%23347!/:?]
	at fzzyhmstrs.emi_loot.parser.registry.LootParserRegistry.parseFunction(LootParserRegistry.java:85) ~[emi_loot-0.7.6+1.20.1+forge.jar%23347!/:?]
	at fzzyhmstrs.emi_loot.parser.LootTableParser.parseLootFunction(LootTableParser.java:610) ~[emi_loot-0.7.6+1.20.1+forge.jar%23347!/:?]
	at fzzyhmstrs.emi_loot.parser.LootTableParser.applyLootFunctionToItem(LootTableParser.java:637) ~[emi_loot-0.7.6+1.20.1+forge.jar%23347!/:?]
	at fzzyhmstrs.emi_loot.parser.LootTableParser.parseItemEntry(LootTableParser.java:484) ~[emi_loot-0.7.6+1.20.1+forge.jar%23347!/:?]
	at fzzyhmstrs.emi_loot.parser.LootTableParser.parseItemEntry(LootTableParser.java:480) ~[emi_loot-0.7.6+1.20.1+forge.jar%23347!/:?]
	at fzzyhmstrs.emi_loot.parser.LootTableParser.parseLootPoolEntry(LootTableParser.java:460) ~[emi_loot-0.7.6+1.20.1+forge.jar%23347!/:?]
	at fzzyhmstrs.emi_loot.parser.LootTableParser.parseLootPoolEntry(LootTableParser.java:453) ~[emi_loot-0.7.6+1.20.1+forge.jar%23347!/:?]
	at fzzyhmstrs.emi_loot.parser.LootTableParser.parseLootPoolEntry(LootTableParser.java:441) ~[emi_loot-0.7.6+1.20.1+forge.jar%23347!/:?]
	at fzzyhmstrs.emi_loot.parser.LootTableParser.parseGenericComplexLootTableInternal(LootTableParser.java:432) ~[emi_loot-0.7.6+1.20.1+forge.jar%23347!/:?]
	at fzzyhmstrs.emi_loot.parser.LootTableParser.parseLootTableEntry(LootTableParser.java:574) ~[emi_loot-0.7.6+1.20.1+forge.jar%23347!/:?]
	at fzzyhmstrs.emi_loot.parser.LootTableParser.parseLootPoolEntry(LootTableParser.java:470) ~[emi_loot-0.7.6+1.20.1+forge.jar%23347!/:?]
	at fzzyhmstrs.emi_loot.parser.LootTableParser.parseLootPoolEntry(LootTableParser.java:453) ~[emi_loot-0.7.6+1.20.1+forge.jar%23347!/:?]
	at fzzyhmstrs.emi_loot.parser.LootTableParser.parseLootPoolEntry(LootTableParser.java:441) ~[emi_loot-0.7.6+1.20.1+forge.jar%23347!/:?]
	at fzzyhmstrs.emi_loot.parser.LootTableParser.parseMobLootTableInternal(LootTableParser.java:370) ~[emi_loot-0.7.6+1.20.1+forge.jar%23347!/:?]
	at fzzyhmstrs.emi_loot.parser.LootTableParser.parseMobLootTable(LootTableParser.java:333) ~[emi_loot-0.7.6+1.20.1+forge.jar%23347!/:?]
	at fzzyhmstrs.emi_loot.parser.LootTableParser.parseEntityType(LootTableParser.java:255) ~[emi_loot-0.7.6+1.20.1+forge.jar%23347!/:?]
	at fzzyhmstrs.emi_loot.parser.LootTableParser.lambda$parseLootTables$6(LootTableParser.java:158) ~[emi_loot-0.7.6+1.20.1+forge.jar%23347!/:?]
	at java.lang.Iterable.forEach(Iterable.java:75) ~[?:?]
	at fzzyhmstrs.emi_loot.parser.LootTableParser.parseLootTables(LootTableParser.java:152) ~[emi_loot-0.7.6+1.20.1+forge.jar%23347!/:?]
	at net.minecraft.server.packs.resources.SimpleReloadInstance.mdf93074$lambda$emi_loot_readTablesAfterFabricForRealSimple$0$0(SimpleReloadInstance.java:1023) ~[server-1.20.1-20230612.114412-srg.jar%23467!/:?]
	at java.util.concurrent.CompletableFuture$UniRun.tryFire(CompletableFuture.java:787) ~[?:?]
	at java.util.concurrent.CompletableFuture.postComplete(CompletableFuture.java:510) ~[?:?]
	at java.util.concurrent.CompletableFuture.postFire(CompletableFuture.java:614) ~[?:?]
	at java.util.concurrent.CompletableFuture$UniAccept.tryFire(CompletableFuture.java:726) ~[?:?]
	at java.util.concurrent.CompletableFuture$Completion.run(CompletableFuture.java:482) ~[?:?]
	at net.minecraft.server.packs.resources.SimpleReloadInstance.m_143940_(SimpleReloadInstance.java:69) ~[server-1.20.1-20230612.114412-srg.jar%23467!/:?]
	at net.minecraft.Util.m_214652_(Util.java:783) ~[server-1.20.1-20230612.114412-srg.jar%23467!/:?]
	at net.minecraft.Util.m_214679_(Util.java:772) ~[server-1.20.1-20230612.114412-srg.jar%23467!/:?]
	at net.minecraft.server.Main.main(Main.java:166) ~[server-1.20.1-20230612.114412-srg.jar%23467!/:?]
	at jdk.internal.reflect.NativeMethodAccessorImpl.invoke0(Native Method) ~[?:?]
	at jdk.internal.reflect.NativeMethodAccessorImpl.invoke(NativeMethodAccessorImpl.java:77) ~[?:?]
	at jdk.internal.reflect.DelegatingMethodAccessorImpl.invoke(DelegatingMethodAccessorImpl.java:43) ~[?:?]
	at java.lang.reflect.Method.invoke(Method.java:569) ~[?:?]
	at net.minecraftforge.fml.loading.targets.CommonLaunchHandler.runTarget(CommonLaunchHandler.java:111) ~[fmlloader-1.20.1-47.3.7.jar%2369!/:?]
	at net.minecraftforge.fml.loading.targets.CommonLaunchHandler.serverService(CommonLaunchHandler.java:103) ~[fmlloader-1.20.1-47.3.7.jar%2369!/:?]
	at net.minecraftforge.fml.loading.targets.CommonServerLaunchHandler.lambda$makeService$0(CommonServerLaunchHandler.java:27) ~[fmlloader-1.20.1-47.3.7.jar%2369!/:?]
	at cpw.mods.modlauncher.LaunchServiceHandlerDecorator.launch(LaunchServiceHandlerDecorator.java:30) ~[modlauncher-10.0.9.jar%2355!/:?]
	at cpw.mods.modlauncher.LaunchServiceHandler.launch(LaunchServiceHandler.java:53) ~[modlauncher-10.0.9.jar%2355!/:?]
	at cpw.mods.modlauncher.LaunchServiceHandler.launch(LaunchServiceHandler.java:71) ~[modlauncher-10.0.9.jar%2355!/:?]
	at cpw.mods.modlauncher.Launcher.run(Launcher.java:108) ~[modlauncher-10.0.9.jar%2355!/:?]
	at cpw.mods.modlauncher.Launcher.main(Launcher.java:78) ~[modlauncher-10.0.9.jar%2355!/:?]
	at cpw.mods.modlauncher.BootstrapLaunchConsumer.accept(BootstrapLaunchConsumer.java:26) ~[modlauncher-10.0.9.jar%2355!/:?]
	at cpw.mods.modlauncher.BootstrapLaunchConsumer.accept(BootstrapLaunchConsumer.java:23) ~[modlauncher-10.0.9.jar%2355!/:?]
	at cpw.mods.bootstraplauncher.BootstrapLauncher.main(BootstrapLauncher.java:141) ~[bootstraplauncher-1.1.2.jar:?]
[27May2025 00:33:22.419] [main/INFO] [emi_loot/]: finished parsing loot tables
[27May2025 00:33:22.427] [main/INFO] [Cucumber Library/]: Registered 0 recipes in 0 ms
[27May2025 00:33:22.438] [main/ERROR] [net.minecraft.world.item.crafting.RecipeManager/]: Parsing error loading recipe armageddon_mod:bloody_helionite_brick_stairs_recipe: com.google.gson.JsonSyntaxException: Unknown item 'armageddon_mod:helionite_brick_stairs'
[27May2025 00:33:22.561] [main/ERROR] [net.minecraft.world.item.crafting.RecipeManager/]: Parsing error loading recipe armageddon_mod:thedoomcallerbellrecipe: com.google.gson.JsonSyntaxException: Unknown item 'armageddon_mod:the_doomcaller_bell'
[27May2025 00:33:22.581] [main/INFO] [net.minecraft.world.item.crafting.RecipeManager/]: Skipping loading recipe supplementaries:inspirations/blackboard_clear as it's serializer returned null
[27May2025 00:33:22.605] [main/ERROR] [net.minecraft.world.item.crafting.RecipeManager/]: Parsing error loading recipe alienevo:module_dye/dye_light_blue_module: com.google.gson.JsonSyntaxException: Unknown item 'alienevo:color_module_light_blue'
[27May2025 00:33:22.606] [main/ERROR] [net.minecraft.world.item.crafting.RecipeManager/]: Parsing error loading recipe irons_spellbooks:curios/concentration_amulet: com.google.gson.JsonSyntaxException: Unknown item 'irons_spellbooks:mithril_ingot'
[27May2025 00:33:22.613] [main/ERROR] [net.minecraft.world.item.crafting.RecipeManager/]: Parsing error loading recipe alienevo:module_dye/dye_purple_module: com.google.gson.JsonSyntaxException: Unknown item 'alienevo:color_module_light_blue'
[27May2025 00:33:22.613] [main/ERROR] [net.minecraft.world.item.crafting.RecipeManager/]: Parsing error loading recipe armageddon_mod:theriftpiercerrecipe: com.google.gson.JsonSyntaxException: Unknown item 'armageddon_mod:the_riftpiercer'
[27May2025 00:33:22.628] [main/ERROR] [net.minecraft.world.item.crafting.RecipeManager/]: Parsing error loading recipe alienevo:self_destruct_module: com.google.gson.JsonSyntaxException: Unknown item 'alienevo:self_destruct_module'
[27May2025 00:33:22.669] [main/ERROR] [net.minecraft.world.item.crafting.RecipeManager/]: Parsing error loading recipe alienevo:module_dye/dye_black_module: com.google.gson.JsonSyntaxException: Unknown item 'alienevo:color_module_light_blue'
[27May2025 00:33:22.670] [main/ERROR] [net.minecraft.world.item.crafting.RecipeManager/]: Parsing error loading recipe alienevo:module_dye/dye_gray_module: com.google.gson.JsonSyntaxException: Unknown item 'alienevo:color_module_light_blue'
[27May2025 00:33:22.671] [main/ERROR] [net.minecraft.world.item.crafting.RecipeManager/]: Parsing error loading recipe alienevo:remove_core_module: com.google.gson.JsonSyntaxException: Unknown item 'alienevo:remove_core_module'
[27May2025 00:33:22.694] [main/INFO] [net.minecraft.world.item.crafting.RecipeManager/]: Skipping loading recipe supplementaries:inspirations/flag_dye as it's serializer returned null
[27May2025 00:33:22.715] [main/ERROR] [net.minecraft.world.item.crafting.RecipeManager/]: Parsing error loading recipe alienevo:module_dye/dye_light_gray_module: com.google.gson.JsonSyntaxException: Unknown item 'alienevo:color_module_light_blue'
[27May2025 00:33:22.733] [main/ERROR] [net.minecraft.world.item.crafting.RecipeManager/]: Parsing error loading recipe armageddon_mod:cleaver_of_the_starved: com.google.gson.JsonSyntaxException: Unknown item 'armageddon_mod:cleaverof_the_starved'
[27May2025 00:33:22.734] [main/ERROR] [net.minecraft.world.item.crafting.RecipeManager/]: Parsing error loading recipe nethersdelight:cutting/hoglin_sausage_alt: com.google.gson.JsonSyntaxException: Unknown item 'nethersdelight:hoglin_loin'
[27May2025 00:33:22.746] [main/ERROR] [net.minecraft.world.item.crafting.RecipeManager/]: Parsing error loading recipe armageddon_mod:mossy_helionite_wall_recipe: com.google.gson.JsonSyntaxException: Unknown item 'armageddon_mod:helionite_brick_wall'
[27May2025 00:33:22.747] [main/ERROR] [net.minecraft.world.item.crafting.RecipeManager/]: Parsing error loading recipe alienevo:module_dye/dye_lime_module: com.google.gson.JsonSyntaxException: Unknown item 'alienevo:color_module_light_blue'
[27May2025 00:33:22.757] [main/ERROR] [net.minecraft.world.item.crafting.RecipeManager/]: Parsing error loading recipe alienevo:module_dye/dye_pink_module: com.google.gson.JsonSyntaxException: Unknown item 'alienevo:color_module_light_blue'
[27May2025 00:33:22.764] [main/ERROR] [net.minecraft.world.item.crafting.RecipeManager/]: Parsing error loading recipe alienevo:module_dye/dye_white_module: com.google.gson.JsonSyntaxException: Unknown item 'alienevo:color_module_light_blue'
[27May2025 00:33:22.799] [main/ERROR] [net.minecraft.world.item.crafting.RecipeManager/]: Parsing error loading recipe tetranomicon:flaming_ruby: com.google.gson.JsonSyntaxException: Unknown item 'betternether:flaming_ruby_upgrade_smithing_template'
[27May2025 00:33:22.827] [main/ERROR] [net.minecraft.world.item.crafting.RecipeManager/]: Parsing error loading recipe alienevo:module_dye/dye_cyan_module: com.google.gson.JsonSyntaxException: Unknown item 'alienevo:color_module_light_blue'
[27May2025 00:33:22.858] [main/ERROR] [net.minecraft.world.item.crafting.RecipeManager/]: Parsing error loading recipe armageddon_mod:oathbreakerofchaosrecipe: com.google.gson.JsonSyntaxException: Unknown item 'armageddon_mod:the_oath_breaker_of_chaos'
[27May2025 00:33:22.872] [main/ERROR] [net.minecraft.world.item.crafting.RecipeManager/]: Parsing error loading recipe armageddon_mod:mossy_helionite_brick_stairs_recipe_2: com.google.gson.JsonSyntaxException: Unknown item 'armageddon_mod:helionite_brick_stairs'
[27May2025 00:33:22.873] [main/ERROR] [net.minecraft.world.item.crafting.RecipeManager/]: Parsing error loading recipe alienevo:module_dye/dye_yellow_module: com.google.gson.JsonSyntaxException: Unknown item 'alienevo:color_module_light_blue'
[27May2025 00:33:22.905] [main/ERROR] [net.minecraft.world.item.crafting.RecipeManager/]: Parsing error loading recipe armageddon_mod:mossy_helinionite_brick_wall_recipe: com.google.gson.JsonSyntaxException: Unknown item 'armageddon_mod:helionite_brick_wall'
[27May2025 00:33:22.908] [main/ERROR] [net.minecraft.world.item.crafting.RecipeManager/]: Parsing error loading recipe armageddon_mod:mossy_voiderite_brick_slab_recipe_2: com.google.gson.JsonSyntaxException: Unknown item 'armageddon_mod:mossy_bloody_brick_slab'
[27May2025 00:33:22.909] [main/ERROR] [net.minecraft.world.item.crafting.RecipeManager/]: Parsing error loading recipe alienevo:base_module: com.google.gson.JsonSyntaxException: Unknown item 'alienevo:base_form_module'
[27May2025 00:33:22.949] [main/ERROR] [net.minecraft.world.item.crafting.RecipeManager/]: Parsing error loading recipe tetranomicon:netherite_opal: com.google.gson.JsonSyntaxException: Unknown item 'oresabovediamonds:black_opal'
[27May2025 00:33:22.957] [main/ERROR] [net.minecraft.world.item.crafting.RecipeManager/]: Parsing error loading recipe alienevo:module_dye/dye_blue_module: com.google.gson.JsonSyntaxException: Unknown item 'alienevo:color_module_light_blue'
[27May2025 00:33:22.980] [main/ERROR] [net.minecraft.world.item.crafting.RecipeManager/]: Parsing error loading recipe alienevo:decouple_module: com.google.gson.JsonSyntaxException: Unknown item 'alienevo:decouple_module'
[27May2025 00:33:22.985] [main/ERROR] [net.minecraft.world.item.crafting.RecipeManager/]: Parsing error loading recipe alienevo:module_dye/dye_brown_module: com.google.gson.JsonSyntaxException: Unknown item 'alienevo:color_module_light_blue'
[27May2025 00:33:23.013] [main/ERROR] [net.minecraft.world.item.crafting.RecipeManager/]: Parsing error loading recipe alienevo:mastercontrol_module: com.google.gson.JsonSyntaxException: Unknown item 'alienevo:master_control_module'
[27May2025 00:33:23.014] [main/ERROR] [net.minecraft.world.item.crafting.RecipeManager/]: Parsing error loading recipe alienevo:module_dye/dye_magenta_module: com.google.gson.JsonSyntaxException: Unknown item 'alienevo:color_module_light_blue'
[27May2025 00:33:23.035] [main/ERROR] [net.minecraft.world.item.crafting.RecipeManager/]: Parsing error loading recipe armageddon_mod:mossy_helionite_brick_slab_recipe: com.google.gson.JsonSyntaxException: Unknown item 'armageddon_mod:helionite_brick_slab'
[27May2025 00:33:23.041] [main/ERROR] [net.minecraft.world.item.crafting.RecipeManager/]: Parsing error loading recipe armageddon_mod:helionite_brick_wall_recipe: com.google.gson.JsonSyntaxException: Unknown item 'armageddon_mod:helionite_brick_slab'
[27May2025 00:33:23.053] [main/ERROR] [net.minecraft.world.item.crafting.RecipeManager/]: Parsing error loading recipe tetranomicon:cincinnasite_diamond: com.google.gson.JsonSyntaxException: Unknown item 'betternether:cincinnasite_diamond_upgrade_smithing_template'
[27May2025 00:33:23.055] [main/INFO] [net.minecraft.world.item.crafting.RecipeManager/]: Skipping loading recipe supplementaries:inspirations/flag_clear as it's serializer returned null
[27May2025 00:33:23.072] [main/ERROR] [net.minecraft.world.item.crafting.RecipeManager/]: Parsing error loading recipe farmersrespite:chilidog_alt: com.google.gson.JsonSyntaxException: Unknown item 'farmersrespite:blazing_chili'
[27May2025 00:33:23.095] [main/ERROR] [net.minecraft.world.item.crafting.RecipeManager/]: Parsing error loading recipe alienevo:module_dye/dye_green_module: com.google.gson.JsonSyntaxException: Unknown item 'alienevo:color_module_light_blue'
[27May2025 00:33:23.113] [main/ERROR] [net.minecraft.world.item.crafting.RecipeManager/]: Parsing error loading recipe armageddon_mod:mossy_bloody_brick_slab_recipe: com.google.gson.JsonSyntaxException: Unknown item 'armageddon_mod:mossy_bloody_brick_slab'
[27May2025 00:33:23.127] [main/ERROR] [net.minecraft.world.item.crafting.RecipeManager/]: Parsing error loading recipe alienevo:module_dye/dye_red_module: com.google.gson.JsonSyntaxException: Unknown item 'alienevo:color_module_light_blue'
[27May2025 00:33:23.134] [main/ERROR] [net.minecraft.world.item.crafting.RecipeManager/]: Parsing error loading recipe alienevo:module_dye/dye_orange_module: com.google.gson.JsonSyntaxException: Unknown item 'alienevo:color_module_light_blue'
[27May2025 00:33:23.144] [main/INFO] [net.minecraft.world.item.crafting.RecipeManager/]: Loaded 51 recipes
[27May2025 00:33:23.148] [main/WARN] [com.recipeessentials.RecipeEssentials/]: Recipe without matching ID:ars_nouveau:copper_ores
[27May2025 00:33:23.152] [main/WARN] [com.recipeessentials.RecipeEssentials/]: Recipe without matching ID:ars_nouveau:coal_ores
[27May2025 00:33:23.153] [main/WARN] [com.recipeessentials.RecipeEssentials/]: Recipe without matching ID:ars_nouveau:lapis_ores
[27May2025 00:33:23.154] [main/WARN] [com.recipeessentials.RecipeEssentials/]: Recipe without matching ID:ars_nouveau:redstone_ores
[27May2025 00:33:23.156] [main/WARN] [com.recipeessentials.RecipeEssentials/]: Recipe without matching ID:ars_nouveau:amethyst_gems
[27May2025 00:33:23.158] [main/WARN] [com.recipeessentials.RecipeEssentials/]: Recipe without matching ID:ars_nouveau:gold_ores
[27May2025 00:33:23.159] [main/WARN] [com.recipeessentials.RecipeEssentials/]: Recipe without matching ID:ars_nouveau:diamond_ores
[27May2025 00:33:23.159] [main/WARN] [com.recipeessentials.RecipeEssentials/]: Recipe without matching ID:ars_nouveau:quartz_ores
[27May2025 00:33:23.161] [main/WARN] [com.recipeessentials.RecipeEssentials/]: Recipe without matching ID:ars_nouveau:netherite_scrap_ores
[27May2025 00:33:23.162] [main/WARN] [com.recipeessentials.RecipeEssentials/]: Recipe without matching ID:ars_nouveau:iron_ores
[27May2025 00:33:23.162] [main/WARN] [com.recipeessentials.RecipeEssentials/]: Recipe without matching ID:ars_nouveau:blaze_powder
[27May2025 00:33:23.163] [main/WARN] [com.recipeessentials.RecipeEssentials/]: Recipe without matching ID:ars_nouveau:emerald_ores
[27May2025 00:33:23.167] [main/WARN] [com.recipeessentials.RecipeEssentials/]: Recipe without matching ID:ars_nouveau:amethyst_blocks
[27May2025 00:33:23.167] [main/WARN] [com.recipeessentials.RecipeEssentials/]: Recipe without matching ID:ars_nouveau:budding_amethyst
[27May2025 00:33:23.169] [main/ERROR] [net.minecraft.server.ServerFunctionLibrary/]: Failed to load function alienevo:modules/glow_module/light_blue
java.util.concurrent.CompletionException: java.lang.IllegalArgumentException: Whilst parsing command on line 4: Unknown item 'alienevo:color_module_light_gray' at position 131: ...hand with <--[HERE]
	at java.util.concurrent.CompletableFuture.encodeThrowable(CompletableFuture.java:315) ~[?:?]
	at java.util.concurrent.CompletableFuture.completeThrowable(CompletableFuture.java:320) ~[?:?]
	at java.util.concurrent.CompletableFuture$AsyncSupply.run(CompletableFuture.java:1770) ~[?:?]
	at java.util.concurrent.CompletableFuture$AsyncSupply.exec(CompletableFuture.java:1760) ~[?:?]
	at java.util.concurrent.ForkJoinTask.doExec(ForkJoinTask.java:373) ~[?:?]
	at java.util.concurrent.ForkJoinPool$WorkQueue.topLevelExec(ForkJoinPool.java:1182) ~[?:?]
	at java.util.concurrent.ForkJoinPool.scan(ForkJoinPool.java:1655) ~[?:?]
	at java.util.concurrent.ForkJoinPool.runWorker(ForkJoinPool.java:1622) ~[?:?]
	at java.util.concurrent.ForkJoinWorkerThread.run(ForkJoinWorkerThread.java:165) ~[?:?]
Caused by: java.lang.IllegalArgumentException: Whilst parsing command on line 4: Unknown item 'alienevo:color_module_light_gray' at position 131: ...hand with <--[HERE]
	at net.minecraft.commands.CommandFunction.m_77984_(CommandFunction.java:63) ~[server-1.20.1-20230612.114412-srg.jar%23467!/:?]
	at net.minecraft.server.ServerFunctionLibrary.m_214320_(ServerFunctionLibrary.java:83) ~[server-1.20.1-20230612.114412-srg.jar%23467!/:?]
	at java.util.concurrent.CompletableFuture$AsyncSupply.run(CompletableFuture.java:1768) ~[?:?]
	... 6 more
[27May2025 00:33:23.170] [main/ERROR] [net.minecraft.server.ServerFunctionLibrary/]: Failed to load function alienevo:modules/glow_module/pink
java.util.concurrent.CompletionException: java.lang.IllegalArgumentException: Whilst parsing command on line 4: Unknown item 'alienevo:color_module_light_gray' at position 131: ...hand with <--[HERE]
	at java.util.concurrent.CompletableFuture.encodeThrowable(CompletableFuture.java:315) ~[?:?]
	at java.util.concurrent.CompletableFuture.completeThrowable(CompletableFuture.java:320) ~[?:?]
	at java.util.concurrent.CompletableFuture$AsyncSupply.run(CompletableFuture.java:1770) ~[?:?]
	at java.util.concurrent.CompletableFuture$AsyncSupply.exec(CompletableFuture.java:1760) ~[?:?]
	at java.util.concurrent.ForkJoinTask.doExec(ForkJoinTask.java:373) ~[?:?]
	at java.util.concurrent.ForkJoinPool$WorkQueue.topLevelExec(ForkJoinPool.java:1182) ~[?:?]
	at java.util.concurrent.ForkJoinPool.scan(ForkJoinPool.java:1655) ~[?:?]
	at java.util.concurrent.ForkJoinPool.runWorker(ForkJoinPool.java:1622) ~[?:?]
	at java.util.concurrent.ForkJoinWorkerThread.run(ForkJoinWorkerThread.java:165) ~[?:?]
Caused by: java.lang.IllegalArgumentException: Whilst parsing command on line 4: Unknown item 'alienevo:color_module_light_gray' at position 131: ...hand with <--[HERE]
	at net.minecraft.commands.CommandFunction.m_77984_(CommandFunction.java:63) ~[server-1.20.1-20230612.114412-srg.jar%23467!/:?]
	at net.minecraft.server.ServerFunctionLibrary.m_214320_(ServerFunctionLibrary.java:83) ~[server-1.20.1-20230612.114412-srg.jar%23467!/:?]
	at java.util.concurrent.CompletableFuture$AsyncSupply.run(CompletableFuture.java:1768) ~[?:?]
	... 6 more
[27May2025 00:33:23.171] [main/ERROR] [net.minecraft.server.ServerFunctionLibrary/]: Failed to load function alienevo:abilities/base_form_module_remove
java.util.concurrent.CompletionException: java.lang.IllegalArgumentException: Whilst parsing command on line 1: Unknown item 'alienevo:base_form_module' at position 111: ...hand with <--[HERE]
	at java.util.concurrent.CompletableFuture.encodeThrowable(CompletableFuture.java:315) ~[?:?]
	at java.util.concurrent.CompletableFuture.completeThrowable(CompletableFuture.java:320) ~[?:?]
	at java.util.concurrent.CompletableFuture$AsyncSupply.run(CompletableFuture.java:1770) ~[?:?]
	at java.util.concurrent.CompletableFuture$AsyncSupply.exec(CompletableFuture.java:1760) ~[?:?]
	at java.util.concurrent.ForkJoinTask.doExec(ForkJoinTask.java:373) ~[?:?]
	at java.util.concurrent.ForkJoinPool$WorkQueue.topLevelExec(ForkJoinPool.java:1182) ~[?:?]
	at java.util.concurrent.ForkJoinPool.scan(ForkJoinPool.java:1655) ~[?:?]
	at java.util.concurrent.ForkJoinPool.runWorker(ForkJoinPool.java:1622) ~[?:?]
	at java.util.concurrent.ForkJoinWorkerThread.run(ForkJoinWorkerThread.java:165) ~[?:?]
Caused by: java.lang.IllegalArgumentException: Whilst parsing command on line 1: Unknown item 'alienevo:base_form_module' at position 111: ...hand with <--[HERE]
	at net.minecraft.commands.CommandFunction.m_77984_(CommandFunction.java:63) ~[server-1.20.1-20230612.114412-srg.jar%23467!/:?]
	at net.minecraft.server.ServerFunctionLibrary.m_214320_(ServerFunctionLibrary.java:83) ~[server-1.20.1-20230612.114412-srg.jar%23467!/:?]
	at java.util.concurrent.CompletableFuture$AsyncSupply.run(CompletableFuture.java:1768) ~[?:?]
	... 6 more
[27May2025 00:33:23.171] [main/ERROR] [net.minecraft.server.ServerFunctionLibrary/]: Failed to load function alienevo:modules/glow_module/cyan
java.util.concurrent.CompletionException: java.lang.IllegalArgumentException: Whilst parsing command on line 4: Unknown item 'alienevo:color_module_light_gray' at position 131: ...hand with <--[HERE]
	at java.util.concurrent.CompletableFuture.encodeThrowable(CompletableFuture.java:315) ~[?:?]
	at java.util.concurrent.CompletableFuture.completeThrowable(CompletableFuture.java:320) ~[?:?]
	at java.util.concurrent.CompletableFuture$AsyncSupply.run(CompletableFuture.java:1770) ~[?:?]
	at java.util.concurrent.CompletableFuture$AsyncSupply.exec(CompletableFuture.java:1760) ~[?:?]
	at java.util.concurrent.ForkJoinTask.doExec(ForkJoinTask.java:373) ~[?:?]
	at java.util.concurrent.ForkJoinPool$WorkQueue.topLevelExec(ForkJoinPool.java:1182) ~[?:?]
	at java.util.concurrent.ForkJoinPool.scan(ForkJoinPool.java:1655) ~[?:?]
	at java.util.concurrent.ForkJoinPool.runWorker(ForkJoinPool.java:1622) ~[?:?]
	at java.util.concurrent.ForkJoinWorkerThread.run(ForkJoinWorkerThread.java:165) ~[?:?]
Caused by: java.lang.IllegalArgumentException: Whilst parsing command on line 4: Unknown item 'alienevo:color_module_light_gray' at position 131: ...hand with <--[HERE]
	at net.minecraft.commands.CommandFunction.m_77984_(CommandFunction.java:63) ~[server-1.20.1-20230612.114412-srg.jar%23467!/:?]
	at net.minecraft.server.ServerFunctionLibrary.m_214320_(ServerFunctionLibrary.java:83) ~[server-1.20.1-20230612.114412-srg.jar%23467!/:?]
	at java.util.concurrent.CompletableFuture$AsyncSupply.run(CompletableFuture.java:1768) ~[?:?]
	... 6 more
[27May2025 00:33:23.172] [main/ERROR] [net.minecraft.server.ServerFunctionLibrary/]: Failed to load function alienevo:abilities/selfdestruct_remove
java.util.concurrent.CompletionException: java.lang.IllegalArgumentException: Whilst parsing command on line 2: Unknown item 'alienevo:self_destruct_module' at position 115: ...hand with <--[HERE]
	at java.util.concurrent.CompletableFuture.encodeThrowable(CompletableFuture.java:315) ~[?:?]
	at java.util.concurrent.CompletableFuture.completeThrowable(CompletableFuture.java:320) ~[?:?]
	at java.util.concurrent.CompletableFuture$AsyncSupply.run(CompletableFuture.java:1770) ~[?:?]
	at java.util.concurrent.CompletableFuture$AsyncSupply.exec(CompletableFuture.java:1760) ~[?:?]
	at java.util.concurrent.ForkJoinTask.doExec(ForkJoinTask.java:373) ~[?:?]
	at java.util.concurrent.ForkJoinPool$WorkQueue.topLevelExec(ForkJoinPool.java:1182) ~[?:?]
	at java.util.concurrent.ForkJoinPool.scan(ForkJoinPool.java:1655) ~[?:?]
	at java.util.concurrent.ForkJoinPool.runWorker(ForkJoinPool.java:1622) ~[?:?]
	at java.util.concurrent.ForkJoinWorkerThread.run(ForkJoinWorkerThread.java:165) ~[?:?]
Caused by: java.lang.IllegalArgumentException: Whilst parsing command on line 2: Unknown item 'alienevo:self_destruct_module' at position 115: ...hand with <--[HERE]
	at net.minecraft.commands.CommandFunction.m_77984_(CommandFunction.java:63) ~[server-1.20.1-20230612.114412-srg.jar%23467!/:?]
	at net.minecraft.server.ServerFunctionLibrary.m_214320_(ServerFunctionLibrary.java:83) ~[server-1.20.1-20230612.114412-srg.jar%23467!/:?]
	at java.util.concurrent.CompletableFuture$AsyncSupply.run(CompletableFuture.java:1768) ~[?:?]
	... 6 more
[27May2025 00:33:23.172] [main/ERROR] [net.minecraft.server.ServerFunctionLibrary/]: Failed to load function alienevo:modules/glow_module/lime
java.util.concurrent.CompletionException: java.lang.IllegalArgumentException: Whilst parsing command on line 3: Unknown item 'alienevo:color_module_light_gray' at position 131: ...hand with <--[HERE]
	at java.util.concurrent.CompletableFuture.encodeThrowable(CompletableFuture.java:315) ~[?:?]
	at java.util.concurrent.CompletableFuture.completeThrowable(CompletableFuture.java:320) ~[?:?]
	at java.util.concurrent.CompletableFuture$AsyncSupply.run(CompletableFuture.java:1770) ~[?:?]
	at java.util.concurrent.CompletableFuture$AsyncSupply.exec(CompletableFuture.java:1760) ~[?:?]
	at java.util.concurrent.ForkJoinTask.doExec(ForkJoinTask.java:373) ~[?:?]
	at java.util.concurrent.ForkJoinPool$WorkQueue.topLevelExec(ForkJoinPool.java:1182) ~[?:?]
	at java.util.concurrent.ForkJoinPool.scan(ForkJoinPool.java:1655) ~[?:?]
	at java.util.concurrent.ForkJoinPool.runWorker(ForkJoinPool.java:1622) ~[?:?]
	at java.util.concurrent.ForkJoinWorkerThread.run(ForkJoinWorkerThread.java:165) ~[?:?]
Caused by: java.lang.IllegalArgumentException: Whilst parsing command on line 3: Unknown item 'alienevo:color_module_light_gray' at position 131: ...hand with <--[HERE]
	at net.minecraft.commands.CommandFunction.m_77984_(CommandFunction.java:63) ~[server-1.20.1-20230612.114412-srg.jar%23467!/:?]
	at net.minecraft.server.ServerFunctionLibrary.m_214320_(ServerFunctionLibrary.java:83) ~[server-1.20.1-20230612.114412-srg.jar%23467!/:?]
	at java.util.concurrent.CompletableFuture$AsyncSupply.run(CompletableFuture.java:1768) ~[?:?]
	... 6 more
[27May2025 00:33:23.173] [main/ERROR] [net.minecraft.server.ServerFunctionLibrary/]: Failed to load function alienevo:modules/glow_module/red
java.util.concurrent.CompletionException: java.lang.IllegalArgumentException: Whilst parsing command on line 4: Unknown item 'alienevo:color_module_light_gray' at position 131: ...hand with <--[HERE]
	at java.util.concurrent.CompletableFuture.encodeThrowable(CompletableFuture.java:315) ~[?:?]
	at java.util.concurrent.CompletableFuture.completeThrowable(CompletableFuture.java:320) ~[?:?]
	at java.util.concurrent.CompletableFuture$AsyncSupply.run(CompletableFuture.java:1770) ~[?:?]
	at java.util.concurrent.CompletableFuture$AsyncSupply.exec(CompletableFuture.java:1760) ~[?:?]
	at java.util.concurrent.ForkJoinTask.doExec(ForkJoinTask.java:373) ~[?:?]
	at java.util.concurrent.ForkJoinPool$WorkQueue.topLevelExec(ForkJoinPool.java:1182) ~[?:?]
	at java.util.concurrent.ForkJoinPool.scan(ForkJoinPool.java:1655) ~[?:?]
	at java.util.concurrent.ForkJoinPool.runWorker(ForkJoinPool.java:1622) ~[?:?]
	at java.util.concurrent.ForkJoinWorkerThread.run(ForkJoinWorkerThread.java:165) ~[?:?]
Caused by: java.lang.IllegalArgumentException: Whilst parsing command on line 4: Unknown item 'alienevo:color_module_light_gray' at position 131: ...hand with <--[HERE]
	at net.minecraft.commands.CommandFunction.m_77984_(CommandFunction.java:63) ~[server-1.20.1-20230612.114412-srg.jar%23467!/:?]
	at net.minecraft.server.ServerFunctionLibrary.m_214320_(ServerFunctionLibrary.java:83) ~[server-1.20.1-20230612.114412-srg.jar%23467!/:?]
	at java.util.concurrent.CompletableFuture$AsyncSupply.run(CompletableFuture.java:1768) ~[?:?]
	... 6 more
[27May2025 00:33:23.174] [main/ERROR] [net.minecraft.server.ServerFunctionLibrary/]: Failed to load function alienevo:modules/secondary_uniform/purple
java.util.concurrent.CompletionException: java.lang.IllegalArgumentException: Whilst parsing command on line 4: Unknown item 'alienevo:color_module_light_gray' at position 149: ...hand with <--[HERE]
	at java.util.concurrent.CompletableFuture.encodeThrowable(CompletableFuture.java:315) ~[?:?]
	at java.util.concurrent.CompletableFuture.completeThrowable(CompletableFuture.java:320) ~[?:?]
	at java.util.concurrent.CompletableFuture$AsyncSupply.run(CompletableFuture.java:1770) ~[?:?]
	at java.util.concurrent.CompletableFuture$AsyncSupply.exec(CompletableFuture.java:1760) ~[?:?]
	at java.util.concurrent.ForkJoinTask.doExec(ForkJoinTask.java:373) ~[?:?]
	at java.util.concurrent.ForkJoinPool$WorkQueue.topLevelExec(ForkJoinPool.java:1182) ~[?:?]
	at java.util.concurrent.ForkJoinPool.scan(ForkJoinPool.java:1655) ~[?:?]
	at java.util.concurrent.ForkJoinPool.runWorker(ForkJoinPool.java:1622) ~[?:?]
	at java.util.concurrent.ForkJoinWorkerThread.run(ForkJoinWorkerThread.java:165) ~[?:?]
Caused by: java.lang.IllegalArgumentException: Whilst parsing command on line 4: Unknown item 'alienevo:color_module_light_gray' at position 149: ...hand with <--[HERE]
	at net.minecraft.commands.CommandFunction.m_77984_(CommandFunction.java:63) ~[server-1.20.1-20230612.114412-srg.jar%23467!/:?]
	at net.minecraft.server.ServerFunctionLibrary.m_214320_(ServerFunctionLibrary.java:83) ~[server-1.20.1-20230612.114412-srg.jar%23467!/:?]
	at java.util.concurrent.CompletableFuture$AsyncSupply.run(CompletableFuture.java:1768) ~[?:?]
	... 6 more
[27May2025 00:33:23.174] [main/ERROR] [net.minecraft.server.ServerFunctionLibrary/]: Failed to load function alienevo:modules/secondary_uniform/white
java.util.concurrent.CompletionException: java.lang.IllegalArgumentException: Whilst parsing command on line 3: Unknown item 'alienevo:color_module_light_gray' at position 149: ...hand with <--[HERE]
	at java.util.concurrent.CompletableFuture.encodeThrowable(CompletableFuture.java:315) ~[?:?]
	at java.util.concurrent.CompletableFuture.completeThrowable(CompletableFuture.java:320) ~[?:?]
	at java.util.concurrent.CompletableFuture$AsyncSupply.run(CompletableFuture.java:1770) ~[?:?]
	at java.util.concurrent.CompletableFuture$AsyncSupply.exec(CompletableFuture.java:1760) ~[?:?]
	at java.util.concurrent.ForkJoinTask.doExec(ForkJoinTask.java:373) ~[?:?]
	at java.util.concurrent.ForkJoinPool$WorkQueue.topLevelExec(ForkJoinPool.java:1182) ~[?:?]
	at java.util.concurrent.ForkJoinPool.scan(ForkJoinPool.java:1655) ~[?:?]
	at java.util.concurrent.ForkJoinPool.runWorker(ForkJoinPool.java:1622) ~[?:?]
	at java.util.concurrent.ForkJoinWorkerThread.run(ForkJoinWorkerThread.java:165) ~[?:?]
Caused by: java.lang.IllegalArgumentException: Whilst parsing command on line 3: Unknown item 'alienevo:color_module_light_gray' at position 149: ...hand with <--[HERE]
	at net.minecraft.commands.CommandFunction.m_77984_(CommandFunction.java:63) ~[server-1.20.1-20230612.114412-srg.jar%23467!/:?]
	at net.minecraft.server.ServerFunctionLibrary.m_214320_(ServerFunctionLibrary.java:83) ~[server-1.20.1-20230612.114412-srg.jar%23467!/:?]
	at java.util.concurrent.CompletableFuture$AsyncSupply.run(CompletableFuture.java:1768) ~[?:?]
	... 6 more
[27May2025 00:33:23.174] [main/ERROR] [net.minecraft.server.ServerFunctionLibrary/]: Failed to load function alienevo:modules/glow_module/blue
java.util.concurrent.CompletionException: java.lang.IllegalArgumentException: Whilst parsing command on line 4: Unknown item 'alienevo:color_module_light_gray' at position 131: ...hand with <--[HERE]
	at java.util.concurrent.CompletableFuture.encodeThrowable(CompletableFuture.java:315) ~[?:?]
	at java.util.concurrent.CompletableFuture.completeThrowable(CompletableFuture.java:320) ~[?:?]
	at java.util.concurrent.CompletableFuture$AsyncSupply.run(CompletableFuture.java:1770) ~[?:?]
	at java.util.concurrent.CompletableFuture$AsyncSupply.exec(CompletableFuture.java:1760) ~[?:?]
	at java.util.concurrent.ForkJoinTask.doExec(ForkJoinTask.java:373) ~[?:?]
	at java.util.concurrent.ForkJoinPool$WorkQueue.topLevelExec(ForkJoinPool.java:1182) ~[?:?]
	at java.util.concurrent.ForkJoinPool.scan(ForkJoinPool.java:1655) ~[?:?]
	at java.util.concurrent.ForkJoinPool.runWorker(ForkJoinPool.java:1622) ~[?:?]
	at java.util.concurrent.ForkJoinWorkerThread.run(ForkJoinWorkerThread.java:165) ~[?:?]
Caused by: java.lang.IllegalArgumentException: Whilst parsing command on line 4: Unknown item 'alienevo:color_module_light_gray' at position 131: ...hand with <--[HERE]
	at net.minecraft.commands.CommandFunction.m_77984_(CommandFunction.java:63) ~[server-1.20.1-20230612.114412-srg.jar%23467!/:?]
	at net.minecraft.server.ServerFunctionLibrary.m_214320_(ServerFunctionLibrary.java:83) ~[server-1.20.1-20230612.114412-srg.jar%23467!/:?]
	at java.util.concurrent.CompletableFuture$AsyncSupply.run(CompletableFuture.java:1768) ~[?:?]
	... 6 more
[27May2025 00:33:23.175] [main/ERROR] [net.minecraft.server.ServerFunctionLibrary/]: Failed to load function alienevo:modules/main_uniform/gray
java.util.concurrent.CompletionException: java.lang.IllegalArgumentException: Whilst parsing command on line 4: Unknown item 'alienevo:color_module_light_gray' at position 139: ...hand with <--[HERE]
	at java.util.concurrent.CompletableFuture.encodeThrowable(CompletableFuture.java:315) ~[?:?]
	at java.util.concurrent.CompletableFuture.completeThrowable(CompletableFuture.java:320) ~[?:?]
	at java.util.concurrent.CompletableFuture$AsyncSupply.run(CompletableFuture.java:1770) ~[?:?]
	at java.util.concurrent.CompletableFuture$AsyncSupply.exec(CompletableFuture.java:1760) ~[?:?]
	at java.util.concurrent.ForkJoinTask.doExec(ForkJoinTask.java:373) ~[?:?]
	at java.util.concurrent.ForkJoinPool$WorkQueue.topLevelExec(ForkJoinPool.java:1182) ~[?:?]
	at java.util.concurrent.ForkJoinPool.scan(ForkJoinPool.java:1655) ~[?:?]
	at java.util.concurrent.ForkJoinPool.runWorker(ForkJoinPool.java:1622) ~[?:?]
	at java.util.concurrent.ForkJoinWorkerThread.run(ForkJoinWorkerThread.java:165) ~[?:?]
Caused by: java.lang.IllegalArgumentException: Whilst parsing command on line 4: Unknown item 'alienevo:color_module_light_gray' at position 139: ...hand with <--[HERE]
	at net.minecraft.commands.CommandFunction.m_77984_(CommandFunction.java:63) ~[server-1.20.1-20230612.114412-srg.jar%23467!/:?]
	at net.minecraft.server.ServerFunctionLibrary.m_214320_(ServerFunctionLibrary.java:83) ~[server-1.20.1-20230612.114412-srg.jar%23467!/:?]
	at java.util.concurrent.CompletableFuture$AsyncSupply.run(CompletableFuture.java:1768) ~[?:?]
	... 6 more
[27May2025 00:33:23.175] [main/ERROR] [net.minecraft.server.ServerFunctionLibrary/]: Failed to load function alienevo:modules/secondary_uniform/blue
java.util.concurrent.CompletionException: java.lang.IllegalArgumentException: Whilst parsing command on line 4: Unknown item 'alienevo:color_module_light_gray' at position 149: ...hand with <--[HERE]
	at java.util.concurrent.CompletableFuture.encodeThrowable(CompletableFuture.java:315) ~[?:?]
	at java.util.concurrent.CompletableFuture.completeThrowable(CompletableFuture.java:320) ~[?:?]
	at java.util.concurrent.CompletableFuture$AsyncSupply.run(CompletableFuture.java:1770) ~[?:?]
	at java.util.concurrent.CompletableFuture$AsyncSupply.exec(CompletableFuture.java:1760) ~[?:?]
	at java.util.concurrent.ForkJoinTask.doExec(ForkJoinTask.java:373) ~[?:?]
	at java.util.concurrent.ForkJoinPool$WorkQueue.topLevelExec(ForkJoinPool.java:1182) ~[?:?]
	at java.util.concurrent.ForkJoinPool.scan(ForkJoinPool.java:1655) ~[?:?]
	at java.util.concurrent.ForkJoinPool.runWorker(ForkJoinPool.java:1622) ~[?:?]
	at java.util.concurrent.ForkJoinWorkerThread.run(ForkJoinWorkerThread.java:165) ~[?:?]
Caused by: java.lang.IllegalArgumentException: Whilst parsing command on line 4: Unknown item 'alienevo:color_module_light_gray' at position 149: ...hand with <--[HERE]
	at net.minecraft.commands.CommandFunction.m_77984_(CommandFunction.java:63) ~[server-1.20.1-20230612.114412-srg.jar%23467!/:?]
	at net.minecraft.server.ServerFunctionLibrary.m_214320_(ServerFunctionLibrary.java:83) ~[server-1.20.1-20230612.114412-srg.jar%23467!/:?]
	at java.util.concurrent.CompletableFuture$AsyncSupply.run(CompletableFuture.java:1768) ~[?:?]
	... 6 more
[27May2025 00:33:23.176] [main/ERROR] [net.minecraft.server.ServerFunctionLibrary/]: Failed to load function alienevo:modules/main_uniform/cyan
java.util.concurrent.CompletionException: java.lang.IllegalArgumentException: Whilst parsing command on line 4: Unknown item 'alienevo:color_module_light_gray' at position 139: ...hand with <--[HERE]
	at java.util.concurrent.CompletableFuture.encodeThrowable(CompletableFuture.java:315) ~[?:?]
	at java.util.concurrent.CompletableFuture.completeThrowable(CompletableFuture.java:320) ~[?:?]
	at java.util.concurrent.CompletableFuture$AsyncSupply.run(CompletableFuture.java:1770) ~[?:?]
	at java.util.concurrent.CompletableFuture$AsyncSupply.exec(CompletableFuture.java:1760) ~[?:?]
	at java.util.concurrent.ForkJoinTask.doExec(ForkJoinTask.java:373) ~[?:?]
	at java.util.concurrent.ForkJoinPool$WorkQueue.topLevelExec(ForkJoinPool.java:1182) ~[?:?]
	at java.util.concurrent.ForkJoinPool.scan(ForkJoinPool.java:1655) ~[?:?]
	at java.util.concurrent.ForkJoinPool.runWorker(ForkJoinPool.java:1622) ~[?:?]
	at java.util.concurrent.ForkJoinWorkerThread.run(ForkJoinWorkerThread.java:165) ~[?:?]
Caused by: java.lang.IllegalArgumentException: Whilst parsing command on line 4: Unknown item 'alienevo:color_module_light_gray' at position 139: ...hand with <--[HERE]
	at net.minecraft.commands.CommandFunction.m_77984_(CommandFunction.java:63) ~[server-1.20.1-20230612.114412-srg.jar%23467!/:?]
	at net.minecraft.server.ServerFunctionLibrary.m_214320_(ServerFunctionLibrary.java:83) ~[server-1.20.1-20230612.114412-srg.jar%23467!/:?]
	at java.util.concurrent.CompletableFuture$AsyncSupply.run(CompletableFuture.java:1768) ~[?:?]
	... 6 more
[27May2025 00:33:23.176] [main/ERROR] [net.minecraft.server.ServerFunctionLibrary/]: Failed to load function alienevo:abilities/glow_module_remove
java.util.concurrent.CompletionException: java.lang.IllegalArgumentException: Whilst parsing command on line 7: Unknown item 'alienevo:color_module_light_gray' at position 131: ...hand with <--[HERE]
	at java.util.concurrent.CompletableFuture.encodeThrowable(CompletableFuture.java:315) ~[?:?]
	at java.util.concurrent.CompletableFuture.completeThrowable(CompletableFuture.java:320) ~[?:?]
	at java.util.concurrent.CompletableFuture$AsyncSupply.run(CompletableFuture.java:1770) ~[?:?]
	at java.util.concurrent.CompletableFuture$AsyncSupply.exec(CompletableFuture.java:1760) ~[?:?]
	at java.util.concurrent.ForkJoinTask.doExec(ForkJoinTask.java:373) ~[?:?]
	at java.util.concurrent.ForkJoinPool$WorkQueue.topLevelExec(ForkJoinPool.java:1182) ~[?:?]
	at java.util.concurrent.ForkJoinPool.scan(ForkJoinPool.java:1655) ~[?:?]
	at java.util.concurrent.ForkJoinPool.runWorker(ForkJoinPool.java:1622) ~[?:?]
	at java.util.concurrent.ForkJoinWorkerThread.run(ForkJoinWorkerThread.java:165) ~[?:?]
Caused by: java.lang.IllegalArgumentException: Whilst parsing command on line 7: Unknown item 'alienevo:color_module_light_gray' at position 131: ...hand with <--[HERE]
	at net.minecraft.commands.CommandFunction.m_77984_(CommandFunction.java:63) ~[server-1.20.1-20230612.114412-srg.jar%23467!/:?]
	at net.minecraft.server.ServerFunctionLibrary.m_214320_(ServerFunctionLibrary.java:83) ~[server-1.20.1-20230612.114412-srg.jar%23467!/:?]
	at java.util.concurrent.CompletableFuture$AsyncSupply.run(CompletableFuture.java:1768) ~[?:?]
	... 6 more
[27May2025 00:33:23.176] [main/ERROR] [net.minecraft.server.ServerFunctionLibrary/]: Failed to load function alienevo:modules/main_uniform/yellow
java.util.concurrent.CompletionException: java.lang.IllegalArgumentException: Whilst parsing command on line 4: Unknown item 'alienevo:color_module_light_gray' at position 139: ...hand with <--[HERE]
	at java.util.concurrent.CompletableFuture.encodeThrowable(CompletableFuture.java:315) ~[?:?]
	at java.util.concurrent.CompletableFuture.completeThrowable(CompletableFuture.java:320) ~[?:?]
	at java.util.concurrent.CompletableFuture$AsyncSupply.run(CompletableFuture.java:1770) ~[?:?]
	at java.util.concurrent.CompletableFuture$AsyncSupply.exec(CompletableFuture.java:1760) ~[?:?]
	at java.util.concurrent.ForkJoinTask.doExec(ForkJoinTask.java:373) ~[?:?]
	at java.util.concurrent.ForkJoinPool$WorkQueue.topLevelExec(ForkJoinPool.java:1182) ~[?:?]
	at java.util.concurrent.ForkJoinPool.scan(ForkJoinPool.java:1655) ~[?:?]
	at java.util.concurrent.ForkJoinPool.runWorker(ForkJoinPool.java:1622) ~[?:?]
	at java.util.concurrent.ForkJoinWorkerThread.run(ForkJoinWorkerThread.java:165) ~[?:?]
Caused by: java.lang.IllegalArgumentException: Whilst parsing command on line 4: Unknown item 'alienevo:color_module_light_gray' at position 139: ...hand with <--[HERE]
	at net.minecraft.commands.CommandFunction.m_77984_(CommandFunction.java:63) ~[server-1.20.1-20230612.114412-srg.jar%23467!/:?]
	at net.minecraft.server.ServerFunctionLibrary.m_214320_(ServerFunctionLibrary.java:83) ~[server-1.20.1-20230612.114412-srg.jar%23467!/:?]
	at java.util.concurrent.CompletableFuture$AsyncSupply.run(CompletableFuture.java:1768) ~[?:?]
	... 6 more
[27May2025 00:33:23.177] [main/ERROR] [net.minecraft.server.ServerFunctionLibrary/]: Failed to load function alienevo:modules/secondary_uniform/lime
java.util.concurrent.CompletionException: java.lang.IllegalArgumentException: Whilst parsing command on line 3: Unknown item 'alienevo:color_module_light_gray' at position 149: ...hand with <--[HERE]
	at java.util.concurrent.CompletableFuture.encodeThrowable(CompletableFuture.java:315) ~[?:?]
	at java.util.concurrent.CompletableFuture.completeThrowable(CompletableFuture.java:320) ~[?:?]
	at java.util.concurrent.CompletableFuture$AsyncSupply.run(CompletableFuture.java:1770) ~[?:?]
	at java.util.concurrent.CompletableFuture$AsyncSupply.exec(CompletableFuture.java:1760) ~[?:?]
	at java.util.concurrent.ForkJoinTask.doExec(ForkJoinTask.java:373) ~[?:?]
	at java.util.concurrent.ForkJoinPool$WorkQueue.topLevelExec(ForkJoinPool.java:1182) ~[?:?]
	at java.util.concurrent.ForkJoinPool.scan(ForkJoinPool.java:1655) ~[?:?]
	at java.util.concurrent.ForkJoinPool.runWorker(ForkJoinPool.java:1622) ~[?:?]
	at java.util.concurrent.ForkJoinWorkerThread.run(ForkJoinWorkerThread.java:165) ~[?:?]
Caused by: java.lang.IllegalArgumentException: Whilst parsing command on line 3: Unknown item 'alienevo:color_module_light_gray' at position 149: ...hand with <--[HERE]
	at net.minecraft.commands.CommandFunction.m_77984_(CommandFunction.java:63) ~[server-1.20.1-20230612.114412-srg.jar%23467!/:?]
	at net.minecraft.server.ServerFunctionLibrary.m_214320_(ServerFunctionLibrary.java:83) ~[server-1.20.1-20230612.114412-srg.jar%23467!/:?]
	at java.util.concurrent.CompletableFuture$AsyncSupply.run(CompletableFuture.java:1768) ~[?:?]
	... 6 more
[27May2025 00:33:23.177] [main/ERROR] [net.minecraft.server.ServerFunctionLibrary/]: Failed to load function alienevo:abilities/primary_module_remove
java.util.concurrent.CompletionException: java.lang.IllegalArgumentException: Whilst parsing command on line 5: Unknown item 'alienevo:color_module_light_gray' at position 139: ...hand with <--[HERE]
	at java.util.concurrent.CompletableFuture.encodeThrowable(CompletableFuture.java:315) ~[?:?]
	at java.util.concurrent.CompletableFuture.completeThrowable(CompletableFuture.java:320) ~[?:?]
	at java.util.concurrent.CompletableFuture$AsyncSupply.run(CompletableFuture.java:1770) ~[?:?]
	at java.util.concurrent.CompletableFuture$AsyncSupply.exec(CompletableFuture.java:1760) ~[?:?]
	at java.util.concurrent.ForkJoinTask.doExec(ForkJoinTask.java:373) ~[?:?]
	at java.util.concurrent.ForkJoinPool$WorkQueue.topLevelExec(ForkJoinPool.java:1182) ~[?:?]
	at java.util.concurrent.ForkJoinPool.scan(ForkJoinPool.java:1655) ~[?:?]
	at java.util.concurrent.ForkJoinPool.runWorker(ForkJoinPool.java:1622) ~[?:?]
	at java.util.concurrent.ForkJoinWorkerThread.run(ForkJoinWorkerThread.java:165) ~[?:?]
Caused by: java.lang.IllegalArgumentException: Whilst parsing command on line 5: Unknown item 'alienevo:color_module_light_gray' at position 139: ...hand with <--[HERE]
	at net.minecraft.commands.CommandFunction.m_77984_(CommandFunction.java:63) ~[server-1.20.1-20230612.114412-srg.jar%23467!/:?]
	at net.minecraft.server.ServerFunctionLibrary.m_214320_(ServerFunctionLibrary.java:83) ~[server-1.20.1-20230612.114412-srg.jar%23467!/:?]
	at java.util.concurrent.CompletableFuture$AsyncSupply.run(CompletableFuture.java:1768) ~[?:?]
	... 6 more
[27May2025 00:33:23.178] [main/ERROR] [net.minecraft.server.ServerFunctionLibrary/]: Failed to load function alienevo:modules/glow_module/yellow
java.util.concurrent.CompletionException: java.lang.IllegalArgumentException: Whilst parsing command on line 4: Unknown item 'alienevo:color_module_light_gray' at position 131: ...hand with <--[HERE]
	at java.util.concurrent.CompletableFuture.encodeThrowable(CompletableFuture.java:315) ~[?:?]
	at java.util.concurrent.CompletableFuture.completeThrowable(CompletableFuture.java:320) ~[?:?]
	at java.util.concurrent.CompletableFuture$AsyncSupply.run(CompletableFuture.java:1770) ~[?:?]
	at java.util.concurrent.CompletableFuture$AsyncSupply.exec(CompletableFuture.java:1760) ~[?:?]
	at java.util.concurrent.ForkJoinTask.doExec(ForkJoinTask.java:373) ~[?:?]
	at java.util.concurrent.ForkJoinPool$WorkQueue.topLevelExec(ForkJoinPool.java:1182) ~[?:?]
	at java.util.concurrent.ForkJoinPool.scan(ForkJoinPool.java:1655) ~[?:?]
	at java.util.concurrent.ForkJoinPool.runWorker(ForkJoinPool.java:1622) ~[?:?]
	at java.util.concurrent.ForkJoinWorkerThread.run(ForkJoinWorkerThread.java:165) ~[?:?]
Caused by: java.lang.IllegalArgumentException: Whilst parsing command on line 4: Unknown item 'alienevo:color_module_light_gray' at position 131: ...hand with <--[HERE]
	at net.minecraft.commands.CommandFunction.m_77984_(CommandFunction.java:63) ~[server-1.20.1-20230612.114412-srg.jar%23467!/:?]
	at net.minecraft.server.ServerFunctionLibrary.m_214320_(ServerFunctionLibrary.java:83) ~[server-1.20.1-20230612.114412-srg.jar%23467!/:?]
	at java.util.concurrent.CompletableFuture$AsyncSupply.run(CompletableFuture.java:1768) ~[?:?]
	... 6 more
[27May2025 00:33:23.178] [main/ERROR] [net.minecraft.server.ServerFunctionLibrary/]: Failed to load function alienevo:modules/glow_module/light_gray
java.util.concurrent.CompletionException: java.lang.IllegalArgumentException: Whilst parsing command on line 12: Unknown item 'alienevo:color_module_light_blue' at position 132: ...hand with <--[HERE]
	at java.util.concurrent.CompletableFuture.encodeThrowable(CompletableFuture.java:315) ~[?:?]
	at java.util.concurrent.CompletableFuture.completeThrowable(CompletableFuture.java:320) ~[?:?]
	at java.util.concurrent.CompletableFuture$AsyncSupply.run(CompletableFuture.java:1770) ~[?:?]
	at java.util.concurrent.CompletableFuture$AsyncSupply.exec(CompletableFuture.java:1760) ~[?:?]
	at java.util.concurrent.ForkJoinTask.doExec(ForkJoinTask.java:373) ~[?:?]
	at java.util.concurrent.ForkJoinPool$WorkQueue.topLevelExec(ForkJoinPool.java:1182) ~[?:?]
	at java.util.concurrent.ForkJoinPool.scan(ForkJoinPool.java:1655) ~[?:?]
	at java.util.concurrent.ForkJoinPool.runWorker(ForkJoinPool.java:1622) ~[?:?]
	at java.util.concurrent.ForkJoinWorkerThread.run(ForkJoinWorkerThread.java:165) ~[?:?]
Caused by: java.lang.IllegalArgumentException: Whilst parsing command on line 12: Unknown item 'alienevo:color_module_light_blue' at position 132: ...hand with <--[HERE]
	at net.minecraft.commands.CommandFunction.m_77984_(CommandFunction.java:63) ~[server-1.20.1-20230612.114412-srg.jar%23467!/:?]
	at net.minecraft.server.ServerFunctionLibrary.m_214320_(ServerFunctionLibrary.java:83) ~[server-1.20.1-20230612.114412-srg.jar%23467!/:?]
	at java.util.concurrent.CompletableFuture$AsyncSupply.run(CompletableFuture.java:1768) ~[?:?]
	... 6 more
[27May2025 00:33:23.178] [main/ERROR] [net.minecraft.server.ServerFunctionLibrary/]: Failed to load function alienevo:modules/glow_module/white
java.util.concurrent.CompletionException: java.lang.IllegalArgumentException: Whilst parsing command on line 3: Unknown item 'alienevo:color_module_light_gray' at position 131: ...hand with <--[HERE]
	at java.util.concurrent.CompletableFuture.encodeThrowable(CompletableFuture.java:315) ~[?:?]
	at java.util.concurrent.CompletableFuture.completeThrowable(CompletableFuture.java:320) ~[?:?]
	at java.util.concurrent.CompletableFuture$AsyncSupply.run(CompletableFuture.java:1770) ~[?:?]
	at java.util.concurrent.CompletableFuture$AsyncSupply.exec(CompletableFuture.java:1760) ~[?:?]
	at java.util.concurrent.ForkJoinTask.doExec(ForkJoinTask.java:373) ~[?:?]
	at java.util.concurrent.ForkJoinPool$WorkQueue.topLevelExec(ForkJoinPool.java:1182) ~[?:?]
	at java.util.concurrent.ForkJoinPool.scan(ForkJoinPool.java:1655) ~[?:?]
	at java.util.concurrent.ForkJoinPool.runWorker(ForkJoinPool.java:1622) ~[?:?]
	at java.util.concurrent.ForkJoinWorkerThread.run(ForkJoinWorkerThread.java:165) ~[?:?]
Caused by: java.lang.IllegalArgumentException: Whilst parsing command on line 3: Unknown item 'alienevo:color_module_light_gray' at position 131: ...hand with <--[HERE]
	at net.minecraft.commands.CommandFunction.m_77984_(CommandFunction.java:63) ~[server-1.20.1-20230612.114412-srg.jar%23467!/:?]
	at net.minecraft.server.ServerFunctionLibrary.m_214320_(ServerFunctionLibrary.java:83) ~[server-1.20.1-20230612.114412-srg.jar%23467!/:?]
	at java.util.concurrent.CompletableFuture$AsyncSupply.run(CompletableFuture.java:1768) ~[?:?]
	... 6 more
[27May2025 00:33:23.179] [main/ERROR] [net.minecraft.server.ServerFunctionLibrary/]: Failed to load function alienevo:modules/glow_module/green
java.util.concurrent.CompletionException: java.lang.IllegalArgumentException: Whilst parsing command on line 4: Unknown item 'alienevo:color_module_light_gray' at position 131: ...hand with <--[HERE]
	at java.util.concurrent.CompletableFuture.encodeThrowable(CompletableFuture.java:315) ~[?:?]
	at java.util.concurrent.CompletableFuture.completeThrowable(CompletableFuture.java:320) ~[?:?]
	at java.util.concurrent.CompletableFuture$AsyncSupply.run(CompletableFuture.java:1770) ~[?:?]
	at java.util.concurrent.CompletableFuture$AsyncSupply.exec(CompletableFuture.java:1760) ~[?:?]
	at java.util.concurrent.ForkJoinTask.doExec(ForkJoinTask.java:373) ~[?:?]
	at java.util.concurrent.ForkJoinPool$WorkQueue.topLevelExec(ForkJoinPool.java:1182) ~[?:?]
	at java.util.concurrent.ForkJoinPool.scan(ForkJoinPool.java:1655) ~[?:?]
	at java.util.concurrent.ForkJoinPool.runWorker(ForkJoinPool.java:1622) ~[?:?]
	at java.util.concurrent.ForkJoinWorkerThread.run(ForkJoinWorkerThread.java:165) ~[?:?]
Caused by: java.lang.IllegalArgumentException: Whilst parsing command on line 4: Unknown item 'alienevo:color_module_light_gray' at position 131: ...hand with <--[HERE]
	at net.minecraft.commands.CommandFunction.m_77984_(CommandFunction.java:63) ~[server-1.20.1-20230612.114412-srg.jar%23467!/:?]
	at net.minecraft.server.ServerFunctionLibrary.m_214320_(ServerFunctionLibrary.java:83) ~[server-1.20.1-20230612.114412-srg.jar%23467!/:?]
	at java.util.concurrent.CompletableFuture$AsyncSupply.run(CompletableFuture.java:1768) ~[?:?]
	... 6 more
[27May2025 00:33:23.179] [main/ERROR] [net.minecraft.server.ServerFunctionLibrary/]: Failed to load function alienevo:modules/secondary_uniform/pink
java.util.concurrent.CompletionException: java.lang.IllegalArgumentException: Whilst parsing command on line 4: Unknown item 'alienevo:color_module_light_gray' at position 149: ...hand with <--[HERE]
	at java.util.concurrent.CompletableFuture.encodeThrowable(CompletableFuture.java:315) ~[?:?]
	at java.util.concurrent.CompletableFuture.completeThrowable(CompletableFuture.java:320) ~[?:?]
	at java.util.concurrent.CompletableFuture$AsyncSupply.run(CompletableFuture.java:1770) ~[?:?]
	at java.util.concurrent.CompletableFuture$AsyncSupply.exec(CompletableFuture.java:1760) ~[?:?]
	at java.util.concurrent.ForkJoinTask.doExec(ForkJoinTask.java:373) ~[?:?]
	at java.util.concurrent.ForkJoinPool$WorkQueue.topLevelExec(ForkJoinPool.java:1182) ~[?:?]
	at java.util.concurrent.ForkJoinPool.scan(ForkJoinPool.java:1655) ~[?:?]
	at java.util.concurrent.ForkJoinPool.runWorker(ForkJoinPool.java:1622) ~[?:?]
	at java.util.concurrent.ForkJoinWorkerThread.run(ForkJoinWorkerThread.java:165) ~[?:?]
Caused by: java.lang.IllegalArgumentException: Whilst parsing command on line 4: Unknown item 'alienevo:color_module_light_gray' at position 149: ...hand with <--[HERE]
	at net.minecraft.commands.CommandFunction.m_77984_(CommandFunction.java:63) ~[server-1.20.1-20230612.114412-srg.jar%23467!/:?]
	at net.minecraft.server.ServerFunctionLibrary.m_214320_(ServerFunctionLibrary.java:83) ~[server-1.20.1-20230612.114412-srg.jar%23467!/:?]
	at java.util.concurrent.CompletableFuture$AsyncSupply.run(CompletableFuture.java:1768) ~[?:?]
	... 6 more
[27May2025 00:33:23.180] [main/ERROR] [net.minecraft.server.ServerFunctionLibrary/]: Failed to load function alienevo:modules/main_uniform/light_gray
java.util.concurrent.CompletionException: java.lang.IllegalArgumentException: Whilst parsing command on line 12: Unknown item 'alienevo:color_module_light_blue' at position 140: ...hand with <--[HERE]
	at java.util.concurrent.CompletableFuture.encodeThrowable(CompletableFuture.java:315) ~[?:?]
	at java.util.concurrent.CompletableFuture.completeThrowable(CompletableFuture.java:320) ~[?:?]
	at java.util.concurrent.CompletableFuture$AsyncSupply.run(CompletableFuture.java:1770) ~[?:?]
	at java.util.concurrent.CompletableFuture$AsyncSupply.exec(CompletableFuture.java:1760) ~[?:?]
	at java.util.concurrent.ForkJoinTask.doExec(ForkJoinTask.java:373) ~[?:?]
	at java.util.concurrent.ForkJoinPool$WorkQueue.topLevelExec(ForkJoinPool.java:1182) ~[?:?]
	at java.util.concurrent.ForkJoinPool.scan(ForkJoinPool.java:1655) ~[?:?]
	at java.util.concurrent.ForkJoinPool.runWorker(ForkJoinPool.java:1622) ~[?:?]
	at java.util.concurrent.ForkJoinWorkerThread.run(ForkJoinWorkerThread.java:165) ~[?:?]
Caused by: java.lang.IllegalArgumentException: Whilst parsing command on line 12: Unknown item 'alienevo:color_module_light_blue' at position 140: ...hand with <--[HERE]
	at net.minecraft.commands.CommandFunction.m_77984_(CommandFunction.java:63) ~[server-1.20.1-20230612.114412-srg.jar%23467!/:?]
	at net.minecraft.server.ServerFunctionLibrary.m_214320_(ServerFunctionLibrary.java:83) ~[server-1.20.1-20230612.114412-srg.jar%23467!/:?]
	at java.util.concurrent.CompletableFuture$AsyncSupply.run(CompletableFuture.java:1768) ~[?:?]
	... 6 more
[27May2025 00:33:23.180] [main/ERROR] [net.minecraft.server.ServerFunctionLibrary/]: Failed to load function alienevo:modules/secondary_uniform/light_gray
java.util.concurrent.CompletionException: java.lang.IllegalArgumentException: Whilst parsing command on line 12: Unknown item 'alienevo:color_module_light_blue' at position 150: ...hand with <--[HERE]
	at java.util.concurrent.CompletableFuture.encodeThrowable(CompletableFuture.java:315) ~[?:?]
	at java.util.concurrent.CompletableFuture.completeThrowable(CompletableFuture.java:320) ~[?:?]
	at java.util.concurrent.CompletableFuture$AsyncSupply.run(CompletableFuture.java:1770) ~[?:?]
	at java.util.concurrent.CompletableFuture$AsyncSupply.exec(CompletableFuture.java:1760) ~[?:?]
	at java.util.concurrent.ForkJoinTask.doExec(ForkJoinTask.java:373) ~[?:?]
	at java.util.concurrent.ForkJoinPool$WorkQueue.topLevelExec(ForkJoinPool.java:1182) ~[?:?]
	at java.util.concurrent.ForkJoinPool.scan(ForkJoinPool.java:1655) ~[?:?]
	at java.util.concurrent.ForkJoinPool.runWorker(ForkJoinPool.java:1622) ~[?:?]
	at java.util.concurrent.ForkJoinWorkerThread.run(ForkJoinWorkerThread.java:165) ~[?:?]
Caused by: java.lang.IllegalArgumentException: Whilst parsing command on line 12: Unknown item 'alienevo:color_module_light_blue' at position 150: ...hand with <--[HERE]
	at net.minecraft.commands.CommandFunction.m_77984_(CommandFunction.java:63) ~[server-1.20.1-20230612.114412-srg.jar%23467!/:?]
	at net.minecraft.server.ServerFunctionLibrary.m_214320_(ServerFunctionLibrary.java:83) ~[server-1.20.1-20230612.114412-srg.jar%23467!/:?]
	at java.util.concurrent.CompletableFuture$AsyncSupply.run(CompletableFuture.java:1768) ~[?:?]
	... 6 more
[27May2025 00:33:23.181] [main/ERROR] [net.minecraft.server.ServerFunctionLibrary/]: Failed to load function alienevo:modules/main_uniform/lime
java.util.concurrent.CompletionException: java.lang.IllegalArgumentException: Whilst parsing command on line 3: Unknown item 'alienevo:color_module_light_gray' at position 139: ...hand with <--[HERE]
	at java.util.concurrent.CompletableFuture.encodeThrowable(CompletableFuture.java:315) ~[?:?]
	at java.util.concurrent.CompletableFuture.completeThrowable(CompletableFuture.java:320) ~[?:?]
	at java.util.concurrent.CompletableFuture$AsyncSupply.run(CompletableFuture.java:1770) ~[?:?]
	at java.util.concurrent.CompletableFuture$AsyncSupply.exec(CompletableFuture.java:1760) ~[?:?]
	at java.util.concurrent.ForkJoinTask.doExec(ForkJoinTask.java:373) ~[?:?]
	at java.util.concurrent.ForkJoinPool$WorkQueue.topLevelExec(ForkJoinPool.java:1182) ~[?:?]
	at java.util.concurrent.ForkJoinPool.scan(ForkJoinPool.java:1655) ~[?:?]
	at java.util.concurrent.ForkJoinPool.runWorker(ForkJoinPool.java:1622) ~[?:?]
	at java.util.concurrent.ForkJoinWorkerThread.run(ForkJoinWorkerThread.java:165) ~[?:?]
Caused by: java.lang.IllegalArgumentException: Whilst parsing command on line 3: Unknown item 'alienevo:color_module_light_gray' at position 139: ...hand with <--[HERE]
	at net.minecraft.commands.CommandFunction.m_77984_(CommandFunction.java:63) ~[server-1.20.1-20230612.114412-srg.jar%23467!/:?]
	at net.minecraft.server.ServerFunctionLibrary.m_214320_(ServerFunctionLibrary.java:83) ~[server-1.20.1-20230612.114412-srg.jar%23467!/:?]
	at java.util.concurrent.CompletableFuture$AsyncSupply.run(CompletableFuture.java:1768) ~[?:?]
	... 6 more
[27May2025 00:33:23.181] [main/ERROR] [net.minecraft.server.ServerFunctionLibrary/]: Failed to load function alienevo:abilities/core_remove
java.util.concurrent.CompletionException: java.lang.IllegalArgumentException: Whilst parsing command on line 2: Unknown item 'alienevo:remove_core_module' at position 113: ...hand with <--[HERE]
	at java.util.concurrent.CompletableFuture.encodeThrowable(CompletableFuture.java:315) ~[?:?]
	at java.util.concurrent.CompletableFuture.completeThrowable(CompletableFuture.java:320) ~[?:?]
	at java.util.concurrent.CompletableFuture$AsyncSupply.run(CompletableFuture.java:1770) ~[?:?]
	at java.util.concurrent.CompletableFuture$AsyncSupply.exec(CompletableFuture.java:1760) ~[?:?]
	at java.util.concurrent.ForkJoinTask.doExec(ForkJoinTask.java:373) ~[?:?]
	at java.util.concurrent.ForkJoinPool$WorkQueue.topLevelExec(ForkJoinPool.java:1182) ~[?:?]
	at java.util.concurrent.ForkJoinPool.scan(ForkJoinPool.java:1655) ~[?:?]
	at java.util.concurrent.ForkJoinPool.runWorker(ForkJoinPool.java:1622) ~[?:?]
	at java.util.concurrent.ForkJoinWorkerThread.run(ForkJoinWorkerThread.java:165) ~[?:?]
Caused by: java.lang.IllegalArgumentException: Whilst parsing command on line 2: Unknown item 'alienevo:remove_core_module' at position 113: ...hand with <--[HERE]
	at net.minecraft.commands.CommandFunction.m_77984_(CommandFunction.java:63) ~[server-1.20.1-20230612.114412-srg.jar%23467!/:?]
	at net.minecraft.server.ServerFunctionLibrary.m_214320_(ServerFunctionLibrary.java:83) ~[server-1.20.1-20230612.114412-srg.jar%23467!/:?]
	at java.util.concurrent.CompletableFuture$AsyncSupply.run(CompletableFuture.java:1768) ~[?:?]
	... 6 more
[27May2025 00:33:23.182] [main/ERROR] [net.minecraft.server.ServerFunctionLibrary/]: Failed to load function alienevo:modules/glow_module/brown
java.util.concurrent.CompletionException: java.lang.IllegalArgumentException: Whilst parsing command on line 4: Unknown item 'alienevo:color_module_light_gray' at position 131: ...hand with <--[HERE]
	at java.util.concurrent.CompletableFuture.encodeThrowable(CompletableFuture.java:315) ~[?:?]
	at java.util.concurrent.CompletableFuture.completeThrowable(CompletableFuture.java:320) ~[?:?]
	at java.util.concurrent.CompletableFuture$AsyncSupply.run(CompletableFuture.java:1770) ~[?:?]
	at java.util.concurrent.CompletableFuture$AsyncSupply.exec(CompletableFuture.java:1760) ~[?:?]
	at java.util.concurrent.ForkJoinTask.doExec(ForkJoinTask.java:373) ~[?:?]
	at java.util.concurrent.ForkJoinPool$WorkQueue.topLevelExec(ForkJoinPool.java:1182) ~[?:?]
	at java.util.concurrent.ForkJoinPool.scan(ForkJoinPool.java:1655) ~[?:?]
	at java.util.concurrent.ForkJoinPool.runWorker(ForkJoinPool.java:1622) ~[?:?]
	at java.util.concurrent.ForkJoinWorkerThread.run(ForkJoinWorkerThread.java:165) ~[?:?]
Caused by: java.lang.IllegalArgumentException: Whilst parsing command on line 4: Unknown item 'alienevo:color_module_light_gray' at position 131: ...hand with <--[HERE]
	at net.minecraft.commands.CommandFunction.m_77984_(CommandFunction.java:63) ~[server-1.20.1-20230612.114412-srg.jar%23467!/:?]
	at net.minecraft.server.ServerFunctionLibrary.m_214320_(ServerFunctionLibrary.java:83) ~[server-1.20.1-20230612.114412-srg.jar%23467!/:?]
	at java.util.concurrent.CompletableFuture$AsyncSupply.run(CompletableFuture.java:1768) ~[?:?]
	... 6 more
[27May2025 00:33:23.182] [main/ERROR] [net.minecraft.server.ServerFunctionLibrary/]: Failed to load function alienevo:modules/main_uniform/orange
java.util.concurrent.CompletionException: java.lang.IllegalArgumentException: Whilst parsing command on line 4: Unknown item 'alienevo:color_module_light_gray' at position 139: ...hand with <--[HERE]
	at java.util.concurrent.CompletableFuture.encodeThrowable(CompletableFuture.java:315) ~[?:?]
	at java.util.concurrent.CompletableFuture.completeThrowable(CompletableFuture.java:320) ~[?:?]
	at java.util.concurrent.CompletableFuture$AsyncSupply.run(CompletableFuture.java:1770) ~[?:?]
	at java.util.concurrent.CompletableFuture$AsyncSupply.exec(CompletableFuture.java:1760) ~[?:?]
	at java.util.concurrent.ForkJoinTask.doExec(ForkJoinTask.java:373) ~[?:?]
	at java.util.concurrent.ForkJoinPool$WorkQueue.topLevelExec(ForkJoinPool.java:1182) ~[?:?]
	at java.util.concurrent.ForkJoinPool.scan(ForkJoinPool.java:1655) ~[?:?]
	at java.util.concurrent.ForkJoinPool.runWorker(ForkJoinPool.java:1622) ~[?:?]
	at java.util.concurrent.ForkJoinWorkerThread.run(ForkJoinWorkerThread.java:165) ~[?:?]
Caused by: java.lang.IllegalArgumentException: Whilst parsing command on line 4: Unknown item 'alienevo:color_module_light_gray' at position 139: ...hand with <--[HERE]
	at net.minecraft.commands.CommandFunction.m_77984_(CommandFunction.java:63) ~[server-1.20.1-20230612.114412-srg.jar%23467!/:?]
	at net.minecraft.server.ServerFunctionLibrary.m_214320_(ServerFunctionLibrary.java:83) ~[server-1.20.1-20230612.114412-srg.jar%23467!/:?]
	at java.util.concurrent.CompletableFuture$AsyncSupply.run(CompletableFuture.java:1768) ~[?:?]
	... 6 more
[27May2025 00:33:23.182] [main/ERROR] [net.minecraft.server.ServerFunctionLibrary/]: Failed to load function alienevo:modules/secondary_uniform/red
java.util.concurrent.CompletionException: java.lang.IllegalArgumentException: Whilst parsing command on line 4: Unknown item 'alienevo:color_module_light_gray' at position 149: ...hand with <--[HERE]
	at java.util.concurrent.CompletableFuture.encodeThrowable(CompletableFuture.java:315) ~[?:?]
	at java.util.concurrent.CompletableFuture.completeThrowable(CompletableFuture.java:320) ~[?:?]
	at java.util.concurrent.CompletableFuture$AsyncSupply.run(CompletableFuture.java:1770) ~[?:?]
	at java.util.concurrent.CompletableFuture$AsyncSupply.exec(CompletableFuture.java:1760) ~[?:?]
	at java.util.concurrent.ForkJoinTask.doExec(ForkJoinTask.java:373) ~[?:?]
	at java.util.concurrent.ForkJoinPool$WorkQueue.topLevelExec(ForkJoinPool.java:1182) ~[?:?]
	at java.util.concurrent.ForkJoinPool.scan(ForkJoinPool.java:1655) ~[?:?]
	at java.util.concurrent.ForkJoinPool.runWorker(ForkJoinPool.java:1622) ~[?:?]
	at java.util.concurrent.ForkJoinWorkerThread.run(ForkJoinWorkerThread.java:165) ~[?:?]
Caused by: java.lang.IllegalArgumentException: Whilst parsing command on line 4: Unknown item 'alienevo:color_module_light_gray' at position 149: ...hand with <--[HERE]
	at net.minecraft.commands.CommandFunction.m_77984_(CommandFunction.java:63) ~[server-1.20.1-20230612.114412-srg.jar%23467!/:?]
	at net.minecraft.server.ServerFunctionLibrary.m_214320_(ServerFunctionLibrary.java:83) ~[server-1.20.1-20230612.114412-srg.jar%23467!/:?]
	at java.util.concurrent.CompletableFuture$AsyncSupply.run(CompletableFuture.java:1768) ~[?:?]
	... 6 more
[27May2025 00:33:23.183] [main/ERROR] [net.minecraft.server.ServerFunctionLibrary/]: Failed to load function alienevo:modules/glow_module/black
java.util.concurrent.CompletionException: java.lang.IllegalArgumentException: Whilst parsing command on line 4: Unknown item 'alienevo:color_module_light_gray' at position 131: ...hand with <--[HERE]
	at java.util.concurrent.CompletableFuture.encodeThrowable(CompletableFuture.java:315) ~[?:?]
	at java.util.concurrent.CompletableFuture.completeThrowable(CompletableFuture.java:320) ~[?:?]
	at java.util.concurrent.CompletableFuture$AsyncSupply.run(CompletableFuture.java:1770) ~[?:?]
	at java.util.concurrent.CompletableFuture$AsyncSupply.exec(CompletableFuture.java:1760) ~[?:?]
	at java.util.concurrent.ForkJoinTask.doExec(ForkJoinTask.java:373) ~[?:?]
	at java.util.concurrent.ForkJoinPool$WorkQueue.topLevelExec(ForkJoinPool.java:1182) ~[?:?]
	at java.util.concurrent.ForkJoinPool.scan(ForkJoinPool.java:1655) ~[?:?]
	at java.util.concurrent.ForkJoinPool.runWorker(ForkJoinPool.java:1622) ~[?:?]
	at java.util.concurrent.ForkJoinWorkerThread.run(ForkJoinWorkerThread.java:165) ~[?:?]
Caused by: java.lang.IllegalArgumentException: Whilst parsing command on line 4: Unknown item 'alienevo:color_module_light_gray' at position 131: ...hand with <--[HERE]
	at net.minecraft.commands.CommandFunction.m_77984_(CommandFunction.java:63) ~[server-1.20.1-20230612.114412-srg.jar%23467!/:?]
	at net.minecraft.server.ServerFunctionLibrary.m_214320_(ServerFunctionLibrary.java:83) ~[server-1.20.1-20230612.114412-srg.jar%23467!/:?]
	at java.util.concurrent.CompletableFuture$AsyncSupply.run(CompletableFuture.java:1768) ~[?:?]
	... 6 more
[27May2025 00:33:23.183] [main/ERROR] [net.minecraft.server.ServerFunctionLibrary/]: Failed to load function alienevo:modules/secondary_uniform/cyan
java.util.concurrent.CompletionException: java.lang.IllegalArgumentException: Whilst parsing command on line 4: Unknown item 'alienevo:color_module_light_gray' at position 149: ...hand with <--[HERE]
	at java.util.concurrent.CompletableFuture.encodeThrowable(CompletableFuture.java:315) ~[?:?]
	at java.util.concurrent.CompletableFuture.completeThrowable(CompletableFuture.java:320) ~[?:?]
	at java.util.concurrent.CompletableFuture$AsyncSupply.run(CompletableFuture.java:1770) ~[?:?]
	at java.util.concurrent.CompletableFuture$AsyncSupply.exec(CompletableFuture.java:1760) ~[?:?]
	at java.util.concurrent.ForkJoinTask.doExec(ForkJoinTask.java:373) ~[?:?]
	at java.util.concurrent.ForkJoinPool$WorkQueue.topLevelExec(ForkJoinPool.java:1182) ~[?:?]
	at java.util.concurrent.ForkJoinPool.scan(ForkJoinPool.java:1655) ~[?:?]
	at java.util.concurrent.ForkJoinPool.runWorker(ForkJoinPool.java:1622) ~[?:?]
	at java.util.concurrent.ForkJoinWorkerThread.run(ForkJoinWorkerThread.java:165) ~[?:?]
Caused by: java.lang.IllegalArgumentException: Whilst parsing command on line 4: Unknown item 'alienevo:color_module_light_gray' at position 149: ...hand with <--[HERE]
	at net.minecraft.commands.CommandFunction.m_77984_(CommandFunction.java:63) ~[server-1.20.1-20230612.114412-srg.jar%23467!/:?]
	at net.minecraft.server.ServerFunctionLibrary.m_214320_(ServerFunctionLibrary.java:83) ~[server-1.20.1-20230612.114412-srg.jar%23467!/:?]
	at java.util.concurrent.CompletableFuture$AsyncSupply.run(CompletableFuture.java:1768) ~[?:?]
	... 6 more
[27May2025 00:33:23.183] [main/ERROR] [net.minecraft.server.ServerFunctionLibrary/]: Failed to load function alienevo:modules/secondary_uniform/black
java.util.concurrent.CompletionException: java.lang.IllegalArgumentException: Whilst parsing command on line 4: Unknown item 'alienevo:color_module_light_gray' at position 149: ...hand with <--[HERE]
	at java.util.concurrent.CompletableFuture.encodeThrowable(CompletableFuture.java:315) ~[?:?]
	at java.util.concurrent.CompletableFuture.completeThrowable(CompletableFuture.java:320) ~[?:?]
	at java.util.concurrent.CompletableFuture$AsyncSupply.run(CompletableFuture.java:1770) ~[?:?]
	at java.util.concurrent.CompletableFuture$AsyncSupply.exec(CompletableFuture.java:1760) ~[?:?]
	at java.util.concurrent.ForkJoinTask.doExec(ForkJoinTask.java:373) ~[?:?]
	at java.util.concurrent.ForkJoinPool$WorkQueue.topLevelExec(ForkJoinPool.java:1182) ~[?:?]
	at java.util.concurrent.ForkJoinPool.scan(ForkJoinPool.java:1655) ~[?:?]
	at java.util.concurrent.ForkJoinPool.runWorker(ForkJoinPool.java:1622) ~[?:?]
	at java.util.concurrent.ForkJoinWorkerThread.run(ForkJoinWorkerThread.java:165) ~[?:?]
Caused by: java.lang.IllegalArgumentException: Whilst parsing command on line 4: Unknown item 'alienevo:color_module_light_gray' at position 149: ...hand with <--[HERE]
	at net.minecraft.commands.CommandFunction.m_77984_(CommandFunction.java:63) ~[server-1.20.1-20230612.114412-srg.jar%23467!/:?]
	at net.minecraft.server.ServerFunctionLibrary.m_214320_(ServerFunctionLibrary.java:83) ~[server-1.20.1-20230612.114412-srg.jar%23467!/:?]
	at java.util.concurrent.CompletableFuture$AsyncSupply.run(CompletableFuture.java:1768) ~[?:?]
	... 6 more
[27May2025 00:33:23.184] [main/ERROR] [net.minecraft.server.ServerFunctionLibrary/]: Failed to load function alienevo:modules/main_uniform/purple
java.util.concurrent.CompletionException: java.lang.IllegalArgumentException: Whilst parsing command on line 4: Unknown item 'alienevo:color_module_light_gray' at position 139: ...hand with <--[HERE]
	at java.util.concurrent.CompletableFuture.encodeThrowable(CompletableFuture.java:315) ~[?:?]
	at java.util.concurrent.CompletableFuture.completeThrowable(CompletableFuture.java:320) ~[?:?]
	at java.util.concurrent.CompletableFuture$AsyncSupply.run(CompletableFuture.java:1770) ~[?:?]
	at java.util.concurrent.CompletableFuture$AsyncSupply.exec(CompletableFuture.java:1760) ~[?:?]
	at java.util.concurrent.ForkJoinTask.doExec(ForkJoinTask.java:373) ~[?:?]
	at java.util.concurrent.ForkJoinPool$WorkQueue.topLevelExec(ForkJoinPool.java:1182) ~[?:?]
	at java.util.concurrent.ForkJoinPool.scan(ForkJoinPool.java:1655) ~[?:?]
	at java.util.concurrent.ForkJoinPool.runWorker(ForkJoinPool.java:1622) ~[?:?]
	at java.util.concurrent.ForkJoinWorkerThread.run(ForkJoinWorkerThread.java:165) ~[?:?]
Caused by: java.lang.IllegalArgumentException: Whilst parsing command on line 4: Unknown item 'alienevo:color_module_light_gray' at position 139: ...hand with <--[HERE]
	at net.minecraft.commands.CommandFunction.m_77984_(CommandFunction.java:63) ~[server-1.20.1-20230612.114412-srg.jar%23467!/:?]
	at net.minecraft.server.ServerFunctionLibrary.m_214320_(ServerFunctionLibrary.java:83) ~[server-1.20.1-20230612.114412-srg.jar%23467!/:?]
	at java.util.concurrent.CompletableFuture$AsyncSupply.run(CompletableFuture.java:1768) ~[?:?]
	... 6 more
[27May2025 00:33:23.184] [main/ERROR] [net.minecraft.server.ServerFunctionLibrary/]: Failed to load function alienevo:modules/main_uniform/blue
java.util.concurrent.CompletionException: java.lang.IllegalArgumentException: Whilst parsing command on line 4: Unknown item 'alienevo:color_module_light_gray' at position 139: ...hand with <--[HERE]
	at java.util.concurrent.CompletableFuture.encodeThrowable(CompletableFuture.java:315) ~[?:?]
	at java.util.concurrent.CompletableFuture.completeThrowable(CompletableFuture.java:320) ~[?:?]
	at java.util.concurrent.CompletableFuture$AsyncSupply.run(CompletableFuture.java:1770) ~[?:?]
	at java.util.concurrent.CompletableFuture$AsyncSupply.exec(CompletableFuture.java:1760) ~[?:?]
	at java.util.concurrent.ForkJoinTask.doExec(ForkJoinTask.java:373) ~[?:?]
	at java.util.concurrent.ForkJoinPool$WorkQueue.topLevelExec(ForkJoinPool.java:1182) ~[?:?]
	at java.util.concurrent.ForkJoinPool.scan(ForkJoinPool.java:1655) ~[?:?]
	at java.util.concurrent.ForkJoinPool.runWorker(ForkJoinPool.java:1622) ~[?:?]
	at java.util.concurrent.ForkJoinWorkerThread.run(ForkJoinWorkerThread.java:165) ~[?:?]
Caused by: java.lang.IllegalArgumentException: Whilst parsing command on line 4: Unknown item 'alienevo:color_module_light_gray' at position 139: ...hand with <--[HERE]
	at net.minecraft.commands.CommandFunction.m_77984_(CommandFunction.java:63) ~[server-1.20.1-20230612.114412-srg.jar%23467!/:?]
	at net.minecraft.server.ServerFunctionLibrary.m_214320_(ServerFunctionLibrary.java:83) ~[server-1.20.1-20230612.114412-srg.jar%23467!/:?]
	at java.util.concurrent.CompletableFuture$AsyncSupply.run(CompletableFuture.java:1768) ~[?:?]
	... 6 more
[27May2025 00:33:23.184] [main/ERROR] [net.minecraft.server.ServerFunctionLibrary/]: Failed to load function alienevo:modules/glow_module/gray
java.util.concurrent.CompletionException: java.lang.IllegalArgumentException: Whilst parsing command on line 4: Unknown item 'alienevo:color_module_light_gray' at position 131: ...hand with <--[HERE]
	at java.util.concurrent.CompletableFuture.encodeThrowable(CompletableFuture.java:315) ~[?:?]
	at java.util.concurrent.CompletableFuture.completeThrowable(CompletableFuture.java:320) ~[?:?]
	at java.util.concurrent.CompletableFuture$AsyncSupply.run(CompletableFuture.java:1770) ~[?:?]
	at java.util.concurrent.CompletableFuture$AsyncSupply.exec(CompletableFuture.java:1760) ~[?:?]
	at java.util.concurrent.ForkJoinTask.doExec(ForkJoinTask.java:373) ~[?:?]
	at java.util.concurrent.ForkJoinPool$WorkQueue.topLevelExec(ForkJoinPool.java:1182) ~[?:?]
	at java.util.concurrent.ForkJoinPool.scan(ForkJoinPool.java:1655) ~[?:?]
	at java.util.concurrent.ForkJoinPool.runWorker(ForkJoinPool.java:1622) ~[?:?]
	at java.util.concurrent.ForkJoinWorkerThread.run(ForkJoinWorkerThread.java:165) ~[?:?]
Caused by: java.lang.IllegalArgumentException: Whilst parsing command on line 4: Unknown item 'alienevo:color_module_light_gray' at position 131: ...hand with <--[HERE]
	at net.minecraft.commands.CommandFunction.m_77984_(CommandFunction.java:63) ~[server-1.20.1-20230612.114412-srg.jar%23467!/:?]
	at net.minecraft.server.ServerFunctionLibrary.m_214320_(ServerFunctionLibrary.java:83) ~[server-1.20.1-20230612.114412-srg.jar%23467!/:?]
	at java.util.concurrent.CompletableFuture$AsyncSupply.run(CompletableFuture.java:1768) ~[?:?]
	... 6 more
[27May2025 00:33:23.184] [main/ERROR] [net.minecraft.server.ServerFunctionLibrary/]: Failed to load function alienevo:modules/secondary_uniform/green
java.util.concurrent.CompletionException: java.lang.IllegalArgumentException: Whilst parsing command on line 4: Unknown item 'alienevo:color_module_light_gray' at position 149: ...hand with <--[HERE]
	at java.util.concurrent.CompletableFuture.encodeThrowable(CompletableFuture.java:315) ~[?:?]
	at java.util.concurrent.CompletableFuture.completeThrowable(CompletableFuture.java:320) ~[?:?]
	at java.util.concurrent.CompletableFuture$AsyncSupply.run(CompletableFuture.java:1770) ~[?:?]
	at java.util.concurrent.CompletableFuture$AsyncSupply.exec(CompletableFuture.java:1760) ~[?:?]
	at java.util.concurrent.ForkJoinTask.doExec(ForkJoinTask.java:373) ~[?:?]
	at java.util.concurrent.ForkJoinPool$WorkQueue.topLevelExec(ForkJoinPool.java:1182) ~[?:?]
	at java.util.concurrent.ForkJoinPool.scan(ForkJoinPool.java:1655) ~[?:?]
	at java.util.concurrent.ForkJoinPool.runWorker(ForkJoinPool.java:1622) ~[?:?]
	at java.util.concurrent.ForkJoinWorkerThread.run(ForkJoinWorkerThread.java:165) ~[?:?]
Caused by: java.lang.IllegalArgumentException: Whilst parsing command on line 4: Unknown item 'alienevo:color_module_light_gray' at position 149: ...hand with <--[HERE]
	at net.minecraft.commands.CommandFunction.m_77984_(CommandFunction.java:63) ~[server-1.20.1-20230612.114412-srg.jar%23467!/:?]
	at net.minecraft.server.ServerFunctionLibrary.m_214320_(ServerFunctionLibrary.java:83) ~[server-1.20.1-20230612.114412-srg.jar%23467!/:?]
	at java.util.concurrent.CompletableFuture$AsyncSupply.run(CompletableFuture.java:1768) ~[?:?]
	... 6 more
[27May2025 00:33:23.185] [main/ERROR] [net.minecraft.server.ServerFunctionLibrary/]: Failed to load function alienevo:modules/glow_module/orange
java.util.concurrent.CompletionException: java.lang.IllegalArgumentException: Whilst parsing command on line 4: Unknown item 'alienevo:color_module_light_gray' at position 131: ...hand with <--[HERE]
	at java.util.concurrent.CompletableFuture.encodeThrowable(CompletableFuture.java:315) ~[?:?]
	at java.util.concurrent.CompletableFuture.completeThrowable(CompletableFuture.java:320) ~[?:?]
	at java.util.concurrent.CompletableFuture$AsyncSupply.run(CompletableFuture.java:1770) ~[?:?]
	at java.util.concurrent.CompletableFuture$AsyncSupply.exec(CompletableFuture.java:1760) ~[?:?]
	at java.util.concurrent.ForkJoinTask.doExec(ForkJoinTask.java:373) ~[?:?]
	at java.util.concurrent.ForkJoinPool$WorkQueue.topLevelExec(ForkJoinPool.java:1182) ~[?:?]
	at java.util.concurrent.ForkJoinPool.scan(ForkJoinPool.java:1655) ~[?:?]
	at java.util.concurrent.ForkJoinPool.runWorker(ForkJoinPool.java:1622) ~[?:?]
	at java.util.concurrent.ForkJoinWorkerThread.run(ForkJoinWorkerThread.java:165) ~[?:?]
Caused by: java.lang.IllegalArgumentException: Whilst parsing command on line 4: Unknown item 'alienevo:color_module_light_gray' at position 131: ...hand with <--[HERE]
	at net.minecraft.commands.CommandFunction.m_77984_(CommandFunction.java:63) ~[server-1.20.1-20230612.114412-srg.jar%23467!/:?]
	at net.minecraft.server.ServerFunctionLibrary.m_214320_(ServerFunctionLibrary.java:83) ~[server-1.20.1-20230612.114412-srg.jar%23467!/:?]
	at java.util.concurrent.CompletableFuture$AsyncSupply.run(CompletableFuture.java:1768) ~[?:?]
	... 6 more
[27May2025 00:33:23.185] [main/ERROR] [net.minecraft.server.ServerFunctionLibrary/]: Failed to load function alienevo:modules/glow_module/magenta
java.util.concurrent.CompletionException: java.lang.IllegalArgumentException: Whilst parsing command on line 4: Unknown item 'alienevo:color_module_light_gray' at position 131: ...hand with <--[HERE]
	at java.util.concurrent.CompletableFuture.encodeThrowable(CompletableFuture.java:315) ~[?:?]
	at java.util.concurrent.CompletableFuture.completeThrowable(CompletableFuture.java:320) ~[?:?]
	at java.util.concurrent.CompletableFuture$AsyncSupply.run(CompletableFuture.java:1770) ~[?:?]
	at java.util.concurrent.CompletableFuture$AsyncSupply.exec(CompletableFuture.java:1760) ~[?:?]
	at java.util.concurrent.ForkJoinTask.doExec(ForkJoinTask.java:373) ~[?:?]
	at java.util.concurrent.ForkJoinPool$WorkQueue.topLevelExec(ForkJoinPool.java:1182) ~[?:?]
	at java.util.concurrent.ForkJoinPool.scan(ForkJoinPool.java:1655) ~[?:?]
	at java.util.concurrent.ForkJoinPool.runWorker(ForkJoinPool.java:1622) ~[?:?]
	at java.util.concurrent.ForkJoinWorkerThread.run(ForkJoinWorkerThread.java:165) ~[?:?]
Caused by: java.lang.IllegalArgumentException: Whilst parsing command on line 4: Unknown item 'alienevo:color_module_light_gray' at position 131: ...hand with <--[HERE]
	at net.minecraft.commands.CommandFunction.m_77984_(CommandFunction.java:63) ~[server-1.20.1-20230612.114412-srg.jar%23467!/:?]
	at net.minecraft.server.ServerFunctionLibrary.m_214320_(ServerFunctionLibrary.java:83) ~[server-1.20.1-20230612.114412-srg.jar%23467!/:?]
	at java.util.concurrent.CompletableFuture$AsyncSupply.run(CompletableFuture.java:1768) ~[?:?]
	... 6 more
[27May2025 00:33:23.185] [main/ERROR] [net.minecraft.server.ServerFunctionLibrary/]: Failed to load function alienevo:modules/main_uniform/red
java.util.concurrent.CompletionException: java.lang.IllegalArgumentException: Whilst parsing command on line 4: Unknown item 'alienevo:color_module_light_gray' at position 139: ...hand with <--[HERE]
	at java.util.concurrent.CompletableFuture.encodeThrowable(CompletableFuture.java:315) ~[?:?]
	at java.util.concurrent.CompletableFuture.completeThrowable(CompletableFuture.java:320) ~[?:?]
	at java.util.concurrent.CompletableFuture$AsyncSupply.run(CompletableFuture.java:1770) ~[?:?]
	at java.util.concurrent.CompletableFuture$AsyncSupply.exec(CompletableFuture.java:1760) ~[?:?]
	at java.util.concurrent.ForkJoinTask.doExec(ForkJoinTask.java:373) ~[?:?]
	at java.util.concurrent.ForkJoinPool$WorkQueue.topLevelExec(ForkJoinPool.java:1182) ~[?:?]
	at java.util.concurrent.ForkJoinPool.scan(ForkJoinPool.java:1655) ~[?:?]
	at java.util.concurrent.ForkJoinPool.runWorker(ForkJoinPool.java:1622) ~[?:?]
	at java.util.concurrent.ForkJoinWorkerThread.run(ForkJoinWorkerThread.java:165) ~[?:?]
Caused by: java.lang.IllegalArgumentException: Whilst parsing command on line 4: Unknown item 'alienevo:color_module_light_gray' at position 139: ...hand with <--[HERE]
	at net.minecraft.commands.CommandFunction.m_77984_(CommandFunction.java:63) ~[server-1.20.1-20230612.114412-srg.jar%23467!/:?]
	at net.minecraft.server.ServerFunctionLibrary.m_214320_(ServerFunctionLibrary.java:83) ~[server-1.20.1-20230612.114412-srg.jar%23467!/:?]
	at java.util.concurrent.CompletableFuture$AsyncSupply.run(CompletableFuture.java:1768) ~[?:?]
	... 6 more
[27May2025 00:33:23.185] [main/ERROR] [net.minecraft.server.ServerFunctionLibrary/]: Failed to load function alienevo:modules/main_uniform/pink
java.util.concurrent.CompletionException: java.lang.IllegalArgumentException: Whilst parsing command on line 4: Unknown item 'alienevo:color_module_light_gray' at position 139: ...hand with <--[HERE]
	at java.util.concurrent.CompletableFuture.encodeThrowable(CompletableFuture.java:315) ~[?:?]
	at java.util.concurrent.CompletableFuture.completeThrowable(CompletableFuture.java:320) ~[?:?]
	at java.util.concurrent.CompletableFuture$AsyncSupply.run(CompletableFuture.java:1770) ~[?:?]
	at java.util.concurrent.CompletableFuture$AsyncSupply.exec(CompletableFuture.java:1760) ~[?:?]
	at java.util.concurrent.ForkJoinTask.doExec(ForkJoinTask.java:373) ~[?:?]
	at java.util.concurrent.ForkJoinPool$WorkQueue.topLevelExec(ForkJoinPool.java:1182) ~[?:?]
	at java.util.concurrent.ForkJoinPool.scan(ForkJoinPool.java:1655) ~[?:?]
	at java.util.concurrent.ForkJoinPool.runWorker(ForkJoinPool.java:1622) ~[?:?]
	at java.util.concurrent.ForkJoinWorkerThread.run(ForkJoinWorkerThread.java:165) ~[?:?]
Caused by: java.lang.IllegalArgumentException: Whilst parsing command on line 4: Unknown item 'alienevo:color_module_light_gray' at position 139: ...hand with <--[HERE]
	at net.minecraft.commands.CommandFunction.m_77984_(CommandFunction.java:63) ~[server-1.20.1-20230612.114412-srg.jar%23467!/:?]
	at net.minecraft.server.ServerFunctionLibrary.m_214320_(ServerFunctionLibrary.java:83) ~[server-1.20.1-20230612.114412-srg.jar%23467!/:?]
	at java.util.concurrent.CompletableFuture$AsyncSupply.run(CompletableFuture.java:1768) ~[?:?]
	... 6 more
[27May2025 00:33:23.186] [main/ERROR] [net.minecraft.server.ServerFunctionLibrary/]: Failed to load function alienevo:modules/main_uniform/black
java.util.concurrent.CompletionException: java.lang.IllegalArgumentException: Whilst parsing command on line 4: Unknown item 'alienevo:color_module_light_gray' at position 139: ...hand with <--[HERE]
	at java.util.concurrent.CompletableFuture.encodeThrowable(CompletableFuture.java:315) ~[?:?]
	at java.util.concurrent.CompletableFuture.completeThrowable(CompletableFuture.java:320) ~[?:?]
	at java.util.concurrent.CompletableFuture$AsyncSupply.run(CompletableFuture.java:1770) ~[?:?]
	at java.util.concurrent.CompletableFuture$AsyncSupply.exec(CompletableFuture.java:1760) ~[?:?]
	at java.util.concurrent.ForkJoinTask.doExec(ForkJoinTask.java:373) ~[?:?]
	at java.util.concurrent.ForkJoinPool$WorkQueue.topLevelExec(ForkJoinPool.java:1182) ~[?:?]
	at java.util.concurrent.ForkJoinPool.scan(ForkJoinPool.java:1655) ~[?:?]
	at java.util.concurrent.ForkJoinPool.runWorker(ForkJoinPool.java:1622) ~[?:?]
	at java.util.concurrent.ForkJoinWorkerThread.run(ForkJoinWorkerThread.java:165) ~[?:?]
Caused by: java.lang.IllegalArgumentException: Whilst parsing command on line 4: Unknown item 'alienevo:color_module_light_gray' at position 139: ...hand with <--[HERE]
	at net.minecraft.commands.CommandFunction.m_77984_(CommandFunction.java:63) ~[server-1.20.1-20230612.114412-srg.jar%23467!/:?]
	at net.minecraft.server.ServerFunctionLibrary.m_214320_(ServerFunctionLibrary.java:83) ~[server-1.20.1-20230612.114412-srg.jar%23467!/:?]
	at java.util.concurrent.CompletableFuture$AsyncSupply.run(CompletableFuture.java:1768) ~[?:?]
	... 6 more
[27May2025 00:33:23.186] [main/ERROR] [net.minecraft.server.ServerFunctionLibrary/]: Failed to load function alienevo:modules/secondary_uniform/magenta
java.util.concurrent.CompletionException: java.lang.IllegalArgumentException: Whilst parsing command on line 4: Unknown item 'alienevo:color_module_light_gray' at position 149: ...hand with <--[HERE]
	at java.util.concurrent.CompletableFuture.encodeThrowable(CompletableFuture.java:315) ~[?:?]
	at java.util.concurrent.CompletableFuture.completeThrowable(CompletableFuture.java:320) ~[?:?]
	at java.util.concurrent.CompletableFuture$AsyncSupply.run(CompletableFuture.java:1770) ~[?:?]
	at java.util.concurrent.CompletableFuture$AsyncSupply.exec(CompletableFuture.java:1760) ~[?:?]
	at java.util.concurrent.ForkJoinTask.doExec(ForkJoinTask.java:373) ~[?:?]
	at java.util.concurrent.ForkJoinPool$WorkQueue.topLevelExec(ForkJoinPool.java:1182) ~[?:?]
	at java.util.concurrent.ForkJoinPool.scan(ForkJoinPool.java:1655) ~[?:?]
	at java.util.concurrent.ForkJoinPool.runWorker(ForkJoinPool.java:1622) ~[?:?]
	at java.util.concurrent.ForkJoinWorkerThread.run(ForkJoinWorkerThread.java:165) ~[?:?]
Caused by: java.lang.IllegalArgumentException: Whilst parsing command on line 4: Unknown item 'alienevo:color_module_light_gray' at position 149: ...hand with <--[HERE]
	at net.minecraft.commands.CommandFunction.m_77984_(CommandFunction.java:63) ~[server-1.20.1-20230612.114412-srg.jar%23467!/:?]
	at net.minecraft.server.ServerFunctionLibrary.m_214320_(ServerFunctionLibrary.java:83) ~[server-1.20.1-20230612.114412-srg.jar%23467!/:?]
	at java.util.concurrent.CompletableFuture$AsyncSupply.run(CompletableFuture.java:1768) ~[?:?]
	... 6 more
[27May2025 00:33:23.186] [main/ERROR] [net.minecraft.server.ServerFunctionLibrary/]: Failed to load function alienevo:modules/main_uniform/brown
java.util.concurrent.CompletionException: java.lang.IllegalArgumentException: Whilst parsing command on line 4: Unknown item 'alienevo:color_module_light_gray' at position 139: ...hand with <--[HERE]
	at java.util.concurrent.CompletableFuture.encodeThrowable(CompletableFuture.java:315) ~[?:?]
	at java.util.concurrent.CompletableFuture.completeThrowable(CompletableFuture.java:320) ~[?:?]
	at java.util.concurrent.CompletableFuture$AsyncSupply.run(CompletableFuture.java:1770) ~[?:?]
	at java.util.concurrent.CompletableFuture$AsyncSupply.exec(CompletableFuture.java:1760) ~[?:?]
	at java.util.concurrent.ForkJoinTask.doExec(ForkJoinTask.java:373) ~[?:?]
	at java.util.concurrent.ForkJoinPool$WorkQueue.topLevelExec(ForkJoinPool.java:1182) ~[?:?]
	at java.util.concurrent.ForkJoinPool.scan(ForkJoinPool.java:1655) ~[?:?]
	at java.util.concurrent.ForkJoinPool.runWorker(ForkJoinPool.java:1622) ~[?:?]
	at java.util.concurrent.ForkJoinWorkerThread.run(ForkJoinWorkerThread.java:165) ~[?:?]
Caused by: java.lang.IllegalArgumentException: Whilst parsing command on line 4: Unknown item 'alienevo:color_module_light_gray' at position 139: ...hand with <--[HERE]
	at net.minecraft.commands.CommandFunction.m_77984_(CommandFunction.java:63) ~[server-1.20.1-20230612.114412-srg.jar%23467!/:?]
	at net.minecraft.server.ServerFunctionLibrary.m_214320_(ServerFunctionLibrary.java:83) ~[server-1.20.1-20230612.114412-srg.jar%23467!/:?]
	at java.util.concurrent.CompletableFuture$AsyncSupply.run(CompletableFuture.java:1768) ~[?:?]
	... 6 more
[27May2025 00:33:23.186] [main/ERROR] [net.minecraft.server.ServerFunctionLibrary/]: Failed to load function alienevo:modules/secondary_uniform/yellow
java.util.concurrent.CompletionException: java.lang.IllegalArgumentException: Whilst parsing command on line 4: Unknown item 'alienevo:color_module_light_gray' at position 149: ...hand with <--[HERE]
	at java.util.concurrent.CompletableFuture.encodeThrowable(CompletableFuture.java:315) ~[?:?]
	at java.util.concurrent.CompletableFuture.completeThrowable(CompletableFuture.java:320) ~[?:?]
	at java.util.concurrent.CompletableFuture$AsyncSupply.run(CompletableFuture.java:1770) ~[?:?]
	at java.util.concurrent.CompletableFuture$AsyncSupply.exec(CompletableFuture.java:1760) ~[?:?]
	at java.util.concurrent.ForkJoinTask.doExec(ForkJoinTask.java:373) ~[?:?]
	at java.util.concurrent.ForkJoinPool$WorkQueue.topLevelExec(ForkJoinPool.java:1182) ~[?:?]
	at java.util.concurrent.ForkJoinPool.scan(ForkJoinPool.java:1655) ~[?:?]
	at java.util.concurrent.ForkJoinPool.runWorker(ForkJoinPool.java:1622) ~[?:?]
	at java.util.concurrent.ForkJoinWorkerThread.run(ForkJoinWorkerThread.java:165) ~[?:?]
Caused by: java.lang.IllegalArgumentException: Whilst parsing command on line 4: Unknown item 'alienevo:color_module_light_gray' at position 149: ...hand with <--[HERE]
	at net.minecraft.commands.CommandFunction.m_77984_(CommandFunction.java:63) ~[server-1.20.1-20230612.114412-srg.jar%23467!/:?]
	at net.minecraft.server.ServerFunctionLibrary.m_214320_(ServerFunctionLibrary.java:83) ~[server-1.20.1-20230612.114412-srg.jar%23467!/:?]
	at java.util.concurrent.CompletableFuture$AsyncSupply.run(CompletableFuture.java:1768) ~[?:?]
	... 6 more
[27May2025 00:33:23.187] [main/ERROR] [net.minecraft.server.ServerFunctionLibrary/]: Failed to load function alienevo:abilities/master_control_module_remove
java.util.concurrent.CompletionException: java.lang.IllegalArgumentException: Whilst parsing command on line 2: Unknown item 'alienevo:master_control_module' at position 116: ...hand with <--[HERE]
	at java.util.concurrent.CompletableFuture.encodeThrowable(CompletableFuture.java:315) ~[?:?]
	at java.util.concurrent.CompletableFuture.completeThrowable(CompletableFuture.java:320) ~[?:?]
	at java.util.concurrent.CompletableFuture$AsyncSupply.run(CompletableFuture.java:1770) ~[?:?]
	at java.util.concurrent.CompletableFuture$AsyncSupply.exec(CompletableFuture.java:1760) ~[?:?]
	at java.util.concurrent.ForkJoinTask.doExec(ForkJoinTask.java:373) ~[?:?]
	at java.util.concurrent.ForkJoinPool$WorkQueue.topLevelExec(ForkJoinPool.java:1182) ~[?:?]
	at java.util.concurrent.ForkJoinPool.scan(ForkJoinPool.java:1655) ~[?:?]
	at java.util.concurrent.ForkJoinPool.runWorker(ForkJoinPool.java:1622) ~[?:?]
	at java.util.concurrent.ForkJoinWorkerThread.run(ForkJoinWorkerThread.java:165) ~[?:?]
Caused by: java.lang.IllegalArgumentException: Whilst parsing command on line 2: Unknown item 'alienevo:master_control_module' at position 116: ...hand with <--[HERE]
	at net.minecraft.commands.CommandFunction.m_77984_(CommandFunction.java:63) ~[server-1.20.1-20230612.114412-srg.jar%23467!/:?]
	at net.minecraft.server.ServerFunctionLibrary.m_214320_(ServerFunctionLibrary.java:83) ~[server-1.20.1-20230612.114412-srg.jar%23467!/:?]
	at java.util.concurrent.CompletableFuture$AsyncSupply.run(CompletableFuture.java:1768) ~[?:?]
	... 6 more
[27May2025 00:33:23.187] [main/ERROR] [net.minecraft.server.ServerFunctionLibrary/]: Failed to load function alienevo:modules/main_uniform/magenta
java.util.concurrent.CompletionException: java.lang.IllegalArgumentException: Whilst parsing command on line 4: Unknown item 'alienevo:color_module_light_gray' at position 139: ...hand with <--[HERE]
	at java.util.concurrent.CompletableFuture.encodeThrowable(CompletableFuture.java:315) ~[?:?]
	at java.util.concurrent.CompletableFuture.completeThrowable(CompletableFuture.java:320) ~[?:?]
	at java.util.concurrent.CompletableFuture$AsyncSupply.run(CompletableFuture.java:1770) ~[?:?]
	at java.util.concurrent.CompletableFuture$AsyncSupply.exec(CompletableFuture.java:1760) ~[?:?]
	at java.util.concurrent.ForkJoinTask.doExec(ForkJoinTask.java:373) ~[?:?]
	at java.util.concurrent.ForkJoinPool$WorkQueue.topLevelExec(ForkJoinPool.java:1182) ~[?:?]
	at java.util.concurrent.ForkJoinPool.scan(ForkJoinPool.java:1655) ~[?:?]
	at java.util.concurrent.ForkJoinPool.runWorker(ForkJoinPool.java:1622) ~[?:?]
	at java.util.concurrent.ForkJoinWorkerThread.run(ForkJoinWorkerThread.java:165) ~[?:?]
Caused by: java.lang.IllegalArgumentException: Whilst parsing command on line 4: Unknown item 'alienevo:color_module_light_gray' at position 139: ...hand with <--[HERE]
	at net.minecraft.commands.CommandFunction.m_77984_(CommandFunction.java:63) ~[server-1.20.1-20230612.114412-srg.jar%23467!/:?]
	at net.minecraft.server.ServerFunctionLibrary.m_214320_(ServerFunctionLibrary.java:83) ~[server-1.20.1-20230612.114412-srg.jar%23467!/:?]
	at java.util.concurrent.CompletableFuture$AsyncSupply.run(CompletableFuture.java:1768) ~[?:?]
	... 6 more
[27May2025 00:33:23.187] [main/ERROR] [net.minecraft.server.ServerFunctionLibrary/]: Failed to load function alienevo:modules/secondary_uniform/light_blue
java.util.concurrent.CompletionException: java.lang.IllegalArgumentException: Whilst parsing command on line 4: Unknown item 'alienevo:color_module_light_gray' at position 149: ...hand with <--[HERE]
	at java.util.concurrent.CompletableFuture.encodeThrowable(CompletableFuture.java:315) ~[?:?]
	at java.util.concurrent.CompletableFuture.completeThrowable(CompletableFuture.java:320) ~[?:?]
	at java.util.concurrent.CompletableFuture$AsyncSupply.run(CompletableFuture.java:1770) ~[?:?]
	at java.util.concurrent.CompletableFuture$AsyncSupply.exec(CompletableFuture.java:1760) ~[?:?]
	at java.util.concurrent.ForkJoinTask.doExec(ForkJoinTask.java:373) ~[?:?]
	at java.util.concurrent.ForkJoinPool$WorkQueue.topLevelExec(ForkJoinPool.java:1182) ~[?:?]
	at java.util.concurrent.ForkJoinPool.scan(ForkJoinPool.java:1655) ~[?:?]
	at java.util.concurrent.ForkJoinPool.runWorker(ForkJoinPool.java:1622) ~[?:?]
	at java.util.concurrent.ForkJoinWorkerThread.run(ForkJoinWorkerThread.java:165) ~[?:?]
Caused by: java.lang.IllegalArgumentException: Whilst parsing command on line 4: Unknown item 'alienevo:color_module_light_gray' at position 149: ...hand with <--[HERE]
	at net.minecraft.commands.CommandFunction.m_77984_(CommandFunction.java:63) ~[server-1.20.1-20230612.114412-srg.jar%23467!/:?]
	at net.minecraft.server.ServerFunctionLibrary.m_214320_(ServerFunctionLibrary.java:83) ~[server-1.20.1-20230612.114412-srg.jar%23467!/:?]
	at java.util.concurrent.CompletableFuture$AsyncSupply.run(CompletableFuture.java:1768) ~[?:?]
	... 6 more
[27May2025 00:33:23.187] [main/ERROR] [net.minecraft.server.ServerFunctionLibrary/]: Failed to load function alienevo:modules/main_uniform/green
java.util.concurrent.CompletionException: java.lang.IllegalArgumentException: Whilst parsing command on line 4: Unknown item 'alienevo:color_module_light_gray' at position 139: ...hand with <--[HERE]
	at java.util.concurrent.CompletableFuture.encodeThrowable(CompletableFuture.java:315) ~[?:?]
	at java.util.concurrent.CompletableFuture.completeThrowable(CompletableFuture.java:320) ~[?:?]
	at java.util.concurrent.CompletableFuture$AsyncSupply.run(CompletableFuture.java:1770) ~[?:?]
	at java.util.concurrent.CompletableFuture$AsyncSupply.exec(CompletableFuture.java:1760) ~[?:?]
	at java.util.concurrent.ForkJoinTask.doExec(ForkJoinTask.java:373) ~[?:?]
	at java.util.concurrent.ForkJoinPool$WorkQueue.topLevelExec(ForkJoinPool.java:1182) ~[?:?]
	at java.util.concurrent.ForkJoinPool.scan(ForkJoinPool.java:1655) ~[?:?]
	at java.util.concurrent.ForkJoinPool.runWorker(ForkJoinPool.java:1622) ~[?:?]
	at java.util.concurrent.ForkJoinWorkerThread.run(ForkJoinWorkerThread.java:165) ~[?:?]
Caused by: java.lang.IllegalArgumentException: Whilst parsing command on line 4: Unknown item 'alienevo:color_module_light_gray' at position 139: ...hand with <--[HERE]
	at net.minecraft.commands.CommandFunction.m_77984_(CommandFunction.java:63) ~[server-1.20.1-20230612.114412-srg.jar%23467!/:?]
	at net.minecraft.server.ServerFunctionLibrary.m_214320_(ServerFunctionLibrary.java:83) ~[server-1.20.1-20230612.114412-srg.jar%23467!/:?]
	at java.util.concurrent.CompletableFuture$AsyncSupply.run(CompletableFuture.java:1768) ~[?:?]
	... 6 more
[27May2025 00:33:23.188] [main/ERROR] [net.minecraft.server.ServerFunctionLibrary/]: Failed to load function alienevo:modules/main_uniform/light_blue
java.util.concurrent.CompletionException: java.lang.IllegalArgumentException: Whilst parsing command on line 4: Unknown item 'alienevo:color_module_light_gray' at position 139: ...hand with <--[HERE]
	at java.util.concurrent.CompletableFuture.encodeThrowable(CompletableFuture.java:315) ~[?:?]
	at java.util.concurrent.CompletableFuture.completeThrowable(CompletableFuture.java:320) ~[?:?]
	at java.util.concurrent.CompletableFuture$AsyncSupply.run(CompletableFuture.java:1770) ~[?:?]
	at java.util.concurrent.CompletableFuture$AsyncSupply.exec(CompletableFuture.java:1760) ~[?:?]
	at java.util.concurrent.ForkJoinTask.doExec(ForkJoinTask.java:373) ~[?:?]
	at java.util.concurrent.ForkJoinPool$WorkQueue.topLevelExec(ForkJoinPool.java:1182) ~[?:?]
	at java.util.concurrent.ForkJoinPool.scan(ForkJoinPool.java:1655) ~[?:?]
	at java.util.concurrent.ForkJoinPool.runWorker(ForkJoinPool.java:1622) ~[?:?]
	at java.util.concurrent.ForkJoinWorkerThread.run(ForkJoinWorkerThread.java:165) ~[?:?]
Caused by: java.lang.IllegalArgumentException: Whilst parsing command on line 4: Unknown item 'alienevo:color_module_light_gray' at position 139: ...hand with <--[HERE]
	at net.minecraft.commands.CommandFunction.m_77984_(CommandFunction.java:63) ~[server-1.20.1-20230612.114412-srg.jar%23467!/:?]
	at net.minecraft.server.ServerFunctionLibrary.m_214320_(ServerFunctionLibrary.java:83) ~[server-1.20.1-20230612.114412-srg.jar%23467!/:?]
	at java.util.concurrent.CompletableFuture$AsyncSupply.run(CompletableFuture.java:1768) ~[?:?]
	... 6 more
[27May2025 00:33:23.188] [main/ERROR] [net.minecraft.server.ServerFunctionLibrary/]: Failed to load function alienevo:modules/secondary_uniform/gray
java.util.concurrent.CompletionException: java.lang.IllegalArgumentException: Whilst parsing command on line 4: Unknown item 'alienevo:color_module_light_gray' at position 149: ...hand with <--[HERE]
	at java.util.concurrent.CompletableFuture.encodeThrowable(CompletableFuture.java:315) ~[?:?]
	at java.util.concurrent.CompletableFuture.completeThrowable(CompletableFuture.java:320) ~[?:?]
	at java.util.concurrent.CompletableFuture$AsyncSupply.run(CompletableFuture.java:1770) ~[?:?]
	at java.util.concurrent.CompletableFuture$AsyncSupply.exec(CompletableFuture.java:1760) ~[?:?]
	at java.util.concurrent.ForkJoinTask.doExec(ForkJoinTask.java:373) ~[?:?]
	at java.util.concurrent.ForkJoinPool$WorkQueue.topLevelExec(ForkJoinPool.java:1182) ~[?:?]
	at java.util.concurrent.ForkJoinPool.scan(ForkJoinPool.java:1655) ~[?:?]
	at java.util.concurrent.ForkJoinPool.runWorker(ForkJoinPool.java:1622) ~[?:?]
	at java.util.concurrent.ForkJoinWorkerThread.run(ForkJoinWorkerThread.java:165) ~[?:?]
Caused by: java.lang.IllegalArgumentException: Whilst parsing command on line 4: Unknown item 'alienevo:color_module_light_gray' at position 149: ...hand with <--[HERE]
	at net.minecraft.commands.CommandFunction.m_77984_(CommandFunction.java:63) ~[server-1.20.1-20230612.114412-srg.jar%23467!/:?]
	at net.minecraft.server.ServerFunctionLibrary.m_214320_(ServerFunctionLibrary.java:83) ~[server-1.20.1-20230612.114412-srg.jar%23467!/:?]
	at java.util.concurrent.CompletableFuture$AsyncSupply.run(CompletableFuture.java:1768) ~[?:?]
	... 6 more
[27May2025 00:33:23.188] [main/ERROR] [net.minecraft.server.ServerFunctionLibrary/]: Failed to load function alienevo:modules/secondary_uniform/orange
java.util.concurrent.CompletionException: java.lang.IllegalArgumentException: Whilst parsing command on line 4: Unknown item 'alienevo:color_module_light_gray' at position 149: ...hand with <--[HERE]
	at java.util.concurrent.CompletableFuture.encodeThrowable(CompletableFuture.java:315) ~[?:?]
	at java.util.concurrent.CompletableFuture.completeThrowable(CompletableFuture.java:320) ~[?:?]
	at java.util.concurrent.CompletableFuture$AsyncSupply.run(CompletableFuture.java:1770) ~[?:?]
	at java.util.concurrent.CompletableFuture$AsyncSupply.exec(CompletableFuture.java:1760) ~[?:?]
	at java.util.concurrent.ForkJoinTask.doExec(ForkJoinTask.java:373) ~[?:?]
	at java.util.concurrent.ForkJoinPool$WorkQueue.topLevelExec(ForkJoinPool.java:1182) ~[?:?]
	at java.util.concurrent.ForkJoinPool.scan(ForkJoinPool.java:1655) ~[?:?]
	at java.util.concurrent.ForkJoinPool.runWorker(ForkJoinPool.java:1622) ~[?:?]
	at java.util.concurrent.ForkJoinWorkerThread.run(ForkJoinWorkerThread.java:165) ~[?:?]
Caused by: java.lang.IllegalArgumentException: Whilst parsing command on line 4: Unknown item 'alienevo:color_module_light_gray' at position 149: ...hand with <--[HERE]
	at net.minecraft.commands.CommandFunction.m_77984_(CommandFunction.java:63) ~[server-1.20.1-20230612.114412-srg.jar%23467!/:?]
	at net.minecraft.server.ServerFunctionLibrary.m_214320_(ServerFunctionLibrary.java:83) ~[server-1.20.1-20230612.114412-srg.jar%23467!/:?]
	at java.util.concurrent.CompletableFuture$AsyncSupply.run(CompletableFuture.java:1768) ~[?:?]
	... 6 more
[27May2025 00:33:23.189] [main/ERROR] [net.minecraft.server.ServerFunctionLibrary/]: Failed to load function alienevo:modules/glow_module/purple
java.util.concurrent.CompletionException: java.lang.IllegalArgumentException: Whilst parsing command on line 4: Unknown item 'alienevo:color_module_light_gray' at position 131: ...hand with <--[HERE]
	at java.util.concurrent.CompletableFuture.encodeThrowable(CompletableFuture.java:315) ~[?:?]
	at java.util.concurrent.CompletableFuture.completeThrowable(CompletableFuture.java:320) ~[?:?]
	at java.util.concurrent.CompletableFuture$AsyncSupply.run(CompletableFuture.java:1770) ~[?:?]
	at java.util.concurrent.CompletableFuture$AsyncSupply.exec(CompletableFuture.java:1760) ~[?:?]
	at java.util.concurrent.ForkJoinTask.doExec(ForkJoinTask.java:373) ~[?:?]
	at java.util.concurrent.ForkJoinPool$WorkQueue.topLevelExec(ForkJoinPool.java:1182) ~[?:?]
	at java.util.concurrent.ForkJoinPool.scan(ForkJoinPool.java:1655) ~[?:?]
	at java.util.concurrent.ForkJoinPool.runWorker(ForkJoinPool.java:1622) ~[?:?]
	at java.util.concurrent.ForkJoinWorkerThread.run(ForkJoinWorkerThread.java:165) ~[?:?]
Caused by: java.lang.IllegalArgumentException: Whilst parsing command on line 4: Unknown item 'alienevo:color_module_light_gray' at position 131: ...hand with <--[HERE]
	at net.minecraft.commands.CommandFunction.m_77984_(CommandFunction.java:63) ~[server-1.20.1-20230612.114412-srg.jar%23467!/:?]
	at net.minecraft.server.ServerFunctionLibrary.m_214320_(ServerFunctionLibrary.java:83) ~[server-1.20.1-20230612.114412-srg.jar%23467!/:?]
	at java.util.concurrent.CompletableFuture$AsyncSupply.run(CompletableFuture.java:1768) ~[?:?]
	... 6 more
[27May2025 00:33:23.189] [main/ERROR] [net.minecraft.server.ServerFunctionLibrary/]: Failed to load function alienevo:modules/main_uniform/white
java.util.concurrent.CompletionException: java.lang.IllegalArgumentException: Whilst parsing command on line 3: Unknown item 'alienevo:color_module_light_gray' at position 139: ...hand with <--[HERE]
	at java.util.concurrent.CompletableFuture.encodeThrowable(CompletableFuture.java:315) ~[?:?]
	at java.util.concurrent.CompletableFuture.completeThrowable(CompletableFuture.java:320) ~[?:?]
	at java.util.concurrent.CompletableFuture$AsyncSupply.run(CompletableFuture.java:1770) ~[?:?]
	at java.util.concurrent.CompletableFuture$AsyncSupply.exec(CompletableFuture.java:1760) ~[?:?]
	at java.util.concurrent.ForkJoinTask.doExec(ForkJoinTask.java:373) ~[?:?]
	at java.util.concurrent.ForkJoinPool$WorkQueue.topLevelExec(ForkJoinPool.java:1182) ~[?:?]
	at java.util.concurrent.ForkJoinPool.scan(ForkJoinPool.java:1655) ~[?:?]
	at java.util.concurrent.ForkJoinPool.runWorker(ForkJoinPool.java:1622) ~[?:?]
	at java.util.concurrent.ForkJoinWorkerThread.run(ForkJoinWorkerThread.java:165) ~[?:?]
Caused by: java.lang.IllegalArgumentException: Whilst parsing command on line 3: Unknown item 'alienevo:color_module_light_gray' at position 139: ...hand with <--[HERE]
	at net.minecraft.commands.CommandFunction.m_77984_(CommandFunction.java:63) ~[server-1.20.1-20230612.114412-srg.jar%23467!/:?]
	at net.minecraft.server.ServerFunctionLibrary.m_214320_(ServerFunctionLibrary.java:83) ~[server-1.20.1-20230612.114412-srg.jar%23467!/:?]
	at java.util.concurrent.CompletableFuture$AsyncSupply.run(CompletableFuture.java:1768) ~[?:?]
	... 6 more
[27May2025 00:33:23.190] [main/ERROR] [net.minecraft.server.ServerFunctionLibrary/]: Failed to load function alienevo:abilities/secondary_module_remove
java.util.concurrent.CompletionException: java.lang.IllegalArgumentException: Whilst parsing command on line 4: Unknown item 'alienevo:color_module_light_gray' at position 149: ...hand with <--[HERE]
	at java.util.concurrent.CompletableFuture.encodeThrowable(CompletableFuture.java:315) ~[?:?]
	at java.util.concurrent.CompletableFuture.completeThrowable(CompletableFuture.java:320) ~[?:?]
	at java.util.concurrent.CompletableFuture$AsyncSupply.run(CompletableFuture.java:1770) ~[?:?]
	at java.util.concurrent.CompletableFuture$AsyncSupply.exec(CompletableFuture.java:1760) ~[?:?]
	at java.util.concurrent.ForkJoinTask.doExec(ForkJoinTask.java:373) ~[?:?]
	at java.util.concurrent.ForkJoinPool$WorkQueue.topLevelExec(ForkJoinPool.java:1182) ~[?:?]
	at java.util.concurrent.ForkJoinPool.scan(ForkJoinPool.java:1655) ~[?:?]
	at java.util.concurrent.ForkJoinPool.runWorker(ForkJoinPool.java:1622) ~[?:?]
	at java.util.concurrent.ForkJoinWorkerThread.run(ForkJoinWorkerThread.java:165) ~[?:?]
Caused by: java.lang.IllegalArgumentException: Whilst parsing command on line 4: Unknown item 'alienevo:color_module_light_gray' at position 149: ...hand with <--[HERE]
	at net.minecraft.commands.CommandFunction.m_77984_(CommandFunction.java:63) ~[server-1.20.1-20230612.114412-srg.jar%23467!/:?]
	at net.minecraft.server.ServerFunctionLibrary.m_214320_(ServerFunctionLibrary.java:83) ~[server-1.20.1-20230612.114412-srg.jar%23467!/:?]
	at java.util.concurrent.CompletableFuture$AsyncSupply.run(CompletableFuture.java:1768) ~[?:?]
	... 6 more
[27May2025 00:33:23.190] [main/ERROR] [net.minecraft.server.ServerFunctionLibrary/]: Failed to load function alienevo:abilities/decouple_module_remove
java.util.concurrent.CompletionException: java.lang.IllegalArgumentException: Whilst parsing command on line 2: Unknown item 'alienevo:decouple_module' at position 111: ...hand with <--[HERE]
	at java.util.concurrent.CompletableFuture.encodeThrowable(CompletableFuture.java:315) ~[?:?]
	at java.util.concurrent.CompletableFuture.completeThrowable(CompletableFuture.java:320) ~[?:?]
	at java.util.concurrent.CompletableFuture$AsyncSupply.run(CompletableFuture.java:1770) ~[?:?]
	at java.util.concurrent.CompletableFuture$AsyncSupply.exec(CompletableFuture.java:1760) ~[?:?]
	at java.util.concurrent.ForkJoinTask.doExec(ForkJoinTask.java:373) ~[?:?]
	at java.util.concurrent.ForkJoinPool$WorkQueue.topLevelExec(ForkJoinPool.java:1182) ~[?:?]
	at java.util.concurrent.ForkJoinPool.scan(ForkJoinPool.java:1655) ~[?:?]
	at java.util.concurrent.ForkJoinPool.runWorker(ForkJoinPool.java:1622) ~[?:?]
	at java.util.concurrent.ForkJoinWorkerThread.run(ForkJoinWorkerThread.java:165) ~[?:?]
Caused by: java.lang.IllegalArgumentException: Whilst parsing command on line 2: Unknown item 'alienevo:decouple_module' at position 111: ...hand with <--[HERE]
	at net.minecraft.commands.CommandFunction.m_77984_(CommandFunction.java:63) ~[server-1.20.1-20230612.114412-srg.jar%23467!/:?]
	at net.minecraft.server.ServerFunctionLibrary.m_214320_(ServerFunctionLibrary.java:83) ~[server-1.20.1-20230612.114412-srg.jar%23467!/:?]
	at java.util.concurrent.CompletableFuture$AsyncSupply.run(CompletableFuture.java:1768) ~[?:?]
	... 6 more
[27May2025 00:33:23.191] [main/ERROR] [net.minecraft.server.ServerFunctionLibrary/]: Failed to load function alienevo:modules/secondary_uniform/brown
java.util.concurrent.CompletionException: java.lang.IllegalArgumentException: Whilst parsing command on line 4: Unknown item 'alienevo:color_module_light_gray' at position 149: ...hand with <--[HERE]
	at java.util.concurrent.CompletableFuture.encodeThrowable(CompletableFuture.java:315) ~[?:?]
	at java.util.concurrent.CompletableFuture.completeThrowable(CompletableFuture.java:320) ~[?:?]
	at java.util.concurrent.CompletableFuture$AsyncSupply.run(CompletableFuture.java:1770) ~[?:?]
	at java.util.concurrent.CompletableFuture$AsyncSupply.exec(CompletableFuture.java:1760) ~[?:?]
	at java.util.concurrent.ForkJoinTask.doExec(ForkJoinTask.java:373) ~[?:?]
	at java.util.concurrent.ForkJoinPool$WorkQueue.topLevelExec(ForkJoinPool.java:1182) ~[?:?]
	at java.util.concurrent.ForkJoinPool.scan(ForkJoinPool.java:1655) ~[?:?]
	at java.util.concurrent.ForkJoinPool.runWorker(ForkJoinPool.java:1622) ~[?:?]
	at java.util.concurrent.ForkJoinWorkerThread.run(ForkJoinWorkerThread.java:165) ~[?:?]
Caused by: java.lang.IllegalArgumentException: Whilst parsing command on line 4: Unknown item 'alienevo:color_module_light_gray' at position 149: ...hand with <--[HERE]
	at net.minecraft.commands.CommandFunction.m_77984_(CommandFunction.java:63) ~[server-1.20.1-20230612.114412-srg.jar%23467!/:?]
	at net.minecraft.server.ServerFunctionLibrary.m_214320_(ServerFunctionLibrary.java:83) ~[server-1.20.1-20230612.114412-srg.jar%23467!/:?]
	at java.util.concurrent.CompletableFuture$AsyncSupply.run(CompletableFuture.java:1768) ~[?:?]
	... 6 more
[27May2025 00:33:23.247] [main/ERROR] [net.minecraft.server.ServerAdvancementManager/]: Parsing error loading custom advancement alienevo:decouple: Expected item to be an item, was unknown string 'alienevo:decouple_module'
[27May2025 00:33:23.249] [main/ERROR] [net.minecraft.server.ServerAdvancementManager/]: Parsing error loading custom advancement alienevo:self_destruct: Expected item to be an item, was unknown string 'alienevo:self_destruct_module'
[27May2025 00:33:23.251] [main/ERROR] [net.minecraft.server.ServerAdvancementManager/]: Parsing error loading custom advancement sophisticatedstorage:recipes/misc/backpack_chipped_mason_table_upgrade_from_storage_chipped_mason_table_upgrade: Unknown item id 'sophisticatedstorage:chipped/mason_table_upgrade'
[27May2025 00:33:23.265] [main/ERROR] [net.minecraft.server.ServerAdvancementManager/]: Parsing error loading custom advancement sophisticatedstorage:recipes/misc/storage_chipped_loom_table_upgrade_from_backpack_chipped_loom_table_upgrade: Unknown item id 'sophisticatedbackpacks:chipped/loom_table_upgrade'
[27May2025 00:33:23.272] [main/ERROR] [net.minecraft.server.ServerAdvancementManager/]: Parsing error loading custom advancement sophisticatedstorage:recipes/misc/backpack_chipped_glassblower_upgrade_from_storage_chipped_glassblower_upgrade: Unknown item id 'sophisticatedstorage:chipped/glassblower_upgrade'
[27May2025 00:33:23.276] [main/ERROR] [net.minecraft.server.ServerAdvancementManager/]: Parsing error loading custom advancement sophisticatedstorage:recipes/misc/storage_chipped_carpenters_table_upgrade_from_backpack_chipped_carpenters_table_upgrade: Unknown item id 'sophisticatedbackpacks:chipped/carpenters_table_upgrade'
[27May2025 00:33:23.277] [main/ERROR] [net.minecraft.server.ServerAdvancementManager/]: Parsing error loading custom advancement sophisticatedstorage:recipes/misc/backpack_chipped_carpenters_table_upgrade_from_storage_chipped_carpenters_table_upgrade: Unknown item id 'sophisticatedstorage:chipped/carpenters_table_upgrade'
[27May2025 00:33:23.296] [main/ERROR] [net.minecraft.server.ServerAdvancementManager/]: Parsing error loading custom advancement sophisticatedstorage:recipes/misc/storage_chipped_alchemy_bench_upgrade_from_backpack_chipped_alchemy_bench_upgrade: Unknown item id 'sophisticatedbackpacks:chipped/alchemy_bench_upgrade'
[27May2025 00:33:23.307] [main/ERROR] [net.minecraft.server.ServerAdvancementManager/]: Parsing error loading custom advancement alienevo:craft_master: Expected item to be an item, was unknown string 'alienevo:master_control_module'
[27May2025 00:33:23.311] [main/ERROR] [net.minecraft.server.ServerAdvancementManager/]: Parsing error loading custom advancement sophisticatedstorage:recipes/misc/backpack_chipped_loom_table_upgrade_from_storage_chipped_loom_table_upgrade: Unknown item id 'sophisticatedstorage:chipped/loom_table_upgrade'
[27May2025 00:33:23.366] [main/ERROR] [net.minecraft.server.ServerAdvancementManager/]: Parsing error loading custom advancement sophisticatedstorage:recipes/misc/backpack_chipped_botanist_workbench_upgrade_from_storage_chipped_botanist_workbench_upgrade: Unknown item id 'sophisticatedstorage:chipped/botanist_workbench_upgrade'
[27May2025 00:33:23.369] [main/ERROR] [net.minecraft.server.ServerAdvancementManager/]: Parsing error loading custom advancement sophisticatedstorage:recipes/misc/storage_chipped_glassblower_upgrade_from_backpack_chipped_glassblower_upgrade: Unknown item id 'sophisticatedbackpacks:chipped/glassblower_upgrade'
[27May2025 00:33:23.372] [main/ERROR] [net.minecraft.server.ServerAdvancementManager/]: Parsing error loading custom advancement sophisticatedstorage:recipes/misc/storage_chipped_mason_table_upgrade_from_backpack_chipped_mason_table_upgrade: Unknown item id 'sophisticatedbackpacks:chipped/mason_table_upgrade'
[27May2025 00:33:23.383] [main/ERROR] [net.minecraft.server.ServerAdvancementManager/]: Parsing error loading custom advancement sophisticatedstorage:recipes/misc/storage_chipped_botanist_workbench_upgrade_from_backpack_chipped_botanist_workbench_upgrade: Unknown item id 'sophisticatedbackpacks:chipped/botanist_workbench_upgrade'
[27May2025 00:33:23.390] [main/ERROR] [net.minecraft.server.ServerAdvancementManager/]: Parsing error loading custom advancement sophisticatedstorage:recipes/misc/backpack_chipped_tinkering_table_upgrade_from_storage_chipped_tinkering_table_upgrade: Unknown item id 'sophisticatedstorage:chipped/tinkering_table_upgrade'
[27May2025 00:33:23.394] [main/ERROR] [net.minecraft.server.ServerAdvancementManager/]: Parsing error loading custom advancement sophisticatedstorage:recipes/misc/backpack_chipped_alchemy_bench_upgrade_from_storage_chipped_alchemy_bench_upgrade: Unknown item id 'sophisticatedstorage:chipped/alchemy_bench_upgrade'
[27May2025 00:33:23.396] [main/ERROR] [net.minecraft.server.ServerAdvancementManager/]: Parsing error loading custom advancement sophisticatedstorage:recipes/misc/storage_chipped_tinkering_table_upgrade_from_backpack_chipped_tinkering_table_upgrade: Unknown item id 'sophisticatedbackpacks:chipped/tinkering_table_upgrade'
[27May2025 00:33:23.397] [main/ERROR] [net.minecraft.server.ServerAdvancementManager/]: Parsing error loading custom advancement alienevo:remove_core: Expected item to be an item, was unknown string 'alienevo:remove_core_module'
[27May2025 00:33:23.414] [main/ERROR] [net.minecraft.server.ServerAdvancementManager/]: Parsing error loading custom advancement alienevo:base_form: Expected item to be an item, was unknown string 'alienevo:base_form_module'
[27May2025 00:33:23.446] [main/INFO] [net.minecraft.advancements.AdvancementList/]: Loaded 5243 advancements
[27May2025 00:33:23.456] [main/INFO] [placebo/]: Registered 0 additional recipes.
[27May2025 00:33:23.479] [main/INFO] [top.theillusivec4.curios.Curios/]: Loaded 18 curio slots
[27May2025 00:33:23.494] [main/ERROR] [top.theillusivec4.curios.Curios/]: talisman is not a registered slot type!
[27May2025 00:33:23.495] [main/INFO] [top.theillusivec4.curios.Curios/]: Loaded 11 curio entities
[27May2025 00:33:23.557] [main/WARN] [net.threetag.palladium.Palladium/]: 'under_water' condition found, please use 'is_under_water' instead!
[27May2025 00:33:23.569] [main/ERROR] [net.threetag.palladium.Palladium/]: Parsing error loading power alienevo:code_power_test
com.google.gson.JsonParseException: Ability 'alienevo:generate_random' does not exist!
	at net.threetag.palladium.power.ability.AbilityConfiguration.fromJSON(AbilityConfiguration.java:192) ~[palladium-4.2.1+1.20.1-forge.jar%23402!/:4.2.1+1.20.1]
	at net.threetag.palladium.power.Power.fromJSON(Power.java:186) ~[palladium-4.2.1+1.20.1-forge.jar%23402!/:4.2.1+1.20.1]
	at net.threetag.palladium.power.PowerManager.lambda$apply$3(PowerManager.java:82) ~[palladium-4.2.1+1.20.1-forge.jar%23402!/:4.2.1+1.20.1]
	at java.util.HashMap.forEach(HashMap.java:1421) ~[?:?]
	at net.threetag.palladium.power.PowerManager.apply(PowerManager.java:80) ~[palladium-4.2.1+1.20.1-forge.jar%23402!/:4.2.1+1.20.1]
	at net.threetag.palladium.power.PowerManager.m_5787_(PowerManager.java:31) ~[palladium-4.2.1+1.20.1-forge.jar%23402!/:4.2.1+1.20.1]
	at net.minecraft.server.packs.resources.SimplePreparableReloadListener.m_10789_(SimplePreparableReloadListener.java:13) ~[server-1.20.1-20230612.114412-srg.jar%23467!/:?]
	at java.util.concurrent.CompletableFuture$UniAccept.tryFire(CompletableFuture.java:718) ~[?:?]
	at java.util.concurrent.CompletableFuture$Completion.run(CompletableFuture.java:482) ~[?:?]
	at net.minecraft.server.packs.resources.SimpleReloadInstance.m_143940_(SimpleReloadInstance.java:69) ~[server-1.20.1-20230612.114412-srg.jar%23467!/:?]
	at net.minecraft.Util.m_214652_(Util.java:783) ~[server-1.20.1-20230612.114412-srg.jar%23467!/:?]
	at net.minecraft.Util.m_214679_(Util.java:772) ~[server-1.20.1-20230612.114412-srg.jar%23467!/:?]
	at net.minecraft.server.Main.main(Main.java:166) ~[server-1.20.1-20230612.114412-srg.jar%23467!/:?]
	at jdk.internal.reflect.NativeMethodAccessorImpl.invoke0(Native Method) ~[?:?]
	at jdk.internal.reflect.NativeMethodAccessorImpl.invoke(NativeMethodAccessorImpl.java:77) ~[?:?]
	at jdk.internal.reflect.DelegatingMethodAccessorImpl.invoke(DelegatingMethodAccessorImpl.java:43) ~[?:?]
	at java.lang.reflect.Method.invoke(Method.java:569) ~[?:?]
	at net.minecraftforge.fml.loading.targets.CommonLaunchHandler.runTarget(CommonLaunchHandler.java:111) ~[fmlloader-1.20.1-47.3.7.jar%2369!/:?]
	at net.minecraftforge.fml.loading.targets.CommonLaunchHandler.serverService(CommonLaunchHandler.java:103) ~[fmlloader-1.20.1-47.3.7.jar%2369!/:?]
	at net.minecraftforge.fml.loading.targets.CommonServerLaunchHandler.lambda$makeService$0(CommonServerLaunchHandler.java:27) ~[fmlloader-1.20.1-47.3.7.jar%2369!/:?]
	at cpw.mods.modlauncher.LaunchServiceHandlerDecorator.launch(LaunchServiceHandlerDecorator.java:30) ~[modlauncher-10.0.9.jar%2355!/:?]
	at cpw.mods.modlauncher.LaunchServiceHandler.launch(LaunchServiceHandler.java:53) ~[modlauncher-10.0.9.jar%2355!/:?]
	at cpw.mods.modlauncher.LaunchServiceHandler.launch(LaunchServiceHandler.java:71) ~[modlauncher-10.0.9.jar%2355!/:?]
	at cpw.mods.modlauncher.Launcher.run(Launcher.java:108) ~[modlauncher-10.0.9.jar%2355!/:?]
	at cpw.mods.modlauncher.Launcher.main(Launcher.java:78) ~[modlauncher-10.0.9.jar%2355!/:?]
	at cpw.mods.modlauncher.BootstrapLaunchConsumer.accept(BootstrapLaunchConsumer.java:26) ~[modlauncher-10.0.9.jar%2355!/:?]
	at cpw.mods.modlauncher.BootstrapLaunchConsumer.accept(BootstrapLaunchConsumer.java:23) ~[modlauncher-10.0.9.jar%2355!/:?]
	at cpw.mods.bootstraplauncher.BootstrapLauncher.main(BootstrapLauncher.java:141) ~[bootstraplauncher-1.1.2.jar:?]
[27May2025 00:33:23.597] [main/INFO] [net.threetag.palladium.Palladium/]: Loaded 49 powers
[27May2025 00:33:23.598] [main/WARN] [net.threetag.palladium.Palladium/]: Unknown power used for item 'afomni:seed'
[27May2025 00:33:23.598] [main/ERROR] [net.threetag.palladium.Palladium/]: Parsing error loading item powers afomni:seed
com.google.gson.JsonParseException: Unknown item 'afomni:seed'
	at net.threetag.palladium.power.ItemPowerManager.lambda$apply$2(ItemPowerManager.java:73) ~[palladium-4.2.1+1.20.1-forge.jar%23402!/:4.2.1+1.20.1]
	at java.util.HashMap.forEach(HashMap.java:1421) ~[?:?]
	at net.threetag.palladium.power.ItemPowerManager.apply(ItemPowerManager.java:40) ~[palladium-4.2.1+1.20.1-forge.jar%23402!/:4.2.1+1.20.1]
	at net.threetag.palladium.power.ItemPowerManager.m_5787_(ItemPowerManager.java:22) ~[palladium-4.2.1+1.20.1-forge.jar%23402!/:4.2.1+1.20.1]
	at net.minecraft.server.packs.resources.SimplePreparableReloadListener.m_10789_(SimplePreparableReloadListener.java:13) ~[server-1.20.1-20230612.114412-srg.jar%23467!/:?]
	at java.util.concurrent.CompletableFuture$UniAccept.tryFire(CompletableFuture.java:718) ~[?:?]
	at java.util.concurrent.CompletableFuture$Completion.run(CompletableFuture.java:482) ~[?:?]
	at net.minecraft.server.packs.resources.SimpleReloadInstance.m_143940_(SimpleReloadInstance.java:69) ~[server-1.20.1-20230612.114412-srg.jar%23467!/:?]
	at net.minecraft.Util.m_214652_(Util.java:783) ~[server-1.20.1-20230612.114412-srg.jar%23467!/:?]
	at net.minecraft.Util.m_214679_(Util.java:772) ~[server-1.20.1-20230612.114412-srg.jar%23467!/:?]
	at net.minecraft.server.Main.main(Main.java:166) ~[server-1.20.1-20230612.114412-srg.jar%23467!/:?]
	at jdk.internal.reflect.NativeMethodAccessorImpl.invoke0(Native Method) ~[?:?]
	at jdk.internal.reflect.NativeMethodAccessorImpl.invoke(NativeMethodAccessorImpl.java:77) ~[?:?]
	at jdk.internal.reflect.DelegatingMethodAccessorImpl.invoke(DelegatingMethodAccessorImpl.java:43) ~[?:?]
	at java.lang.reflect.Method.invoke(Method.java:569) ~[?:?]
	at net.minecraftforge.fml.loading.targets.CommonLaunchHandler.runTarget(CommonLaunchHandler.java:111) ~[fmlloader-1.20.1-47.3.7.jar%2369!/:?]
	at net.minecraftforge.fml.loading.targets.CommonLaunchHandler.serverService(CommonLaunchHandler.java:103) ~[fmlloader-1.20.1-47.3.7.jar%2369!/:?]
	at net.minecraftforge.fml.loading.targets.CommonServerLaunchHandler.lambda$makeService$0(CommonServerLaunchHandler.java:27) ~[fmlloader-1.20.1-47.3.7.jar%2369!/:?]
	at cpw.mods.modlauncher.LaunchServiceHandlerDecorator.launch(LaunchServiceHandlerDecorator.java:30) ~[modlauncher-10.0.9.jar%2355!/:?]
	at cpw.mods.modlauncher.LaunchServiceHandler.launch(LaunchServiceHandler.java:53) ~[modlauncher-10.0.9.jar%2355!/:?]
	at cpw.mods.modlauncher.LaunchServiceHandler.launch(LaunchServiceHandler.java:71) ~[modlauncher-10.0.9.jar%2355!/:?]
	at cpw.mods.modlauncher.Launcher.run(Launcher.java:108) ~[modlauncher-10.0.9.jar%2355!/:?]
	at cpw.mods.modlauncher.Launcher.main(Launcher.java:78) ~[modlauncher-10.0.9.jar%2355!/:?]
	at cpw.mods.modlauncher.BootstrapLaunchConsumer.accept(BootstrapLaunchConsumer.java:26) ~[modlauncher-10.0.9.jar%2355!/:?]
	at cpw.mods.modlauncher.BootstrapLaunchConsumer.accept(BootstrapLaunchConsumer.java:23) ~[modlauncher-10.0.9.jar%2355!/:?]
	at cpw.mods.bootstraplauncher.BootstrapLauncher.main(BootstrapLauncher.java:141) ~[bootstraplauncher-1.1.2.jar:?]
[27May2025 00:33:23.600] [main/INFO] [net.threetag.palladium.Palladium/]: Loaded 1 item powers
[27May2025 00:33:23.600] [main/INFO] [net.threetag.palladium.Palladium/]: Loaded 0 suit set powers
[27May2025 00:33:23.600] [main/INFO] [net.threetag.palladium.Palladium/]: Registered 63 objectives to be tracked
[27May2025 00:33:23.641] [main/INFO] [quark-zeta/]: Modified advancement minecraft:husbandry/wax_on with 2 patches
[27May2025 00:33:23.641] [main/INFO] [quark-zeta/]: Modified advancement minecraft:adventure/kill_a_mob with 3 patches
[27May2025 00:33:23.642] [main/INFO] [quark-zeta/]: Modified advancement minecraft:husbandry/bred_all_animals with 3 patches
[27May2025 00:33:23.642] [main/INFO] [quark-zeta/]: Modified advancement minecraft:adventure/kill_all_mobs with 3 patches
[27May2025 00:33:23.642] [main/INFO] [quark-zeta/]: Modified advancement minecraft:husbandry/balanced_diet with 3 patches
[27May2025 00:33:23.642] [main/INFO] [quark-zeta/]: Modified advancement minecraft:husbandry/plant_seed with 1 patches
[27May2025 00:33:23.643] [main/INFO] [quark-zeta/]: Modified advancement minecraft:nether/all_effects with 2 patches
[27May2025 00:33:23.643] [main/INFO] [quark-zeta/]: Modified advancement minecraft:husbandry/wax_off with 2 patches
[27May2025 00:33:23.643] [main/INFO] [quark-zeta/]: Modified advancement minecraft:adventure/adventuring_time with 1 patches
[27May2025 00:33:23.643] [main/INFO] [quark-zeta/]: Modified advancement minecraft:nether/all_potions with 1 patches
[27May2025 00:33:23.651] [main/INFO] [Supplementaries/]: Loaded 27 flute songs
[27May2025 00:33:23.663] [main/INFO] [placebo/]: Registered 0 gear_sets.
[27May2025 00:33:23.667] [main/INFO] [se.mickelus.mutil.data.DataStore/]: Loaded   2 tiers
[27May2025 00:33:23.668] [main/INFO] [se.mickelus.mutil.data.DataStore/]: Loaded   8 tweaks
[27May2025 00:33:23.672] [main/INFO] [se.mickelus.mutil.data.MergingDataStore/]: Loaded 150 materials
[27May2025 00:33:23.686] [main/INFO] [se.mickelus.mutil.data.DataStore/]: Loaded 133 improvements
[27May2025 00:33:23.771] [main/INFO] [se.mickelus.mutil.data.MergingDataStore/]: Loaded  78 modules
[27May2025 00:33:24.013] [main/INFO] [se.mickelus.mutil.data.DataStore/]: Loaded   0 enchantments
[27May2025 00:33:24.013] [main/INFO] [se.mickelus.mutil.data.DataStore/]: Loaded  22 synergies
[27May2025 00:33:24.017] [main/INFO] [se.mickelus.mutil.data.DataStore/]: Loaded  11 replacements
[27May2025 00:33:24.027] [main/INFO] [se.mickelus.mutil.data.MergingDataStore/]: Loaded 374 schematics
[27May2025 00:33:24.286] [main/INFO] [se.mickelus.mutil.data.MergingDataStore/]: Loaded  18 crafting_effects
[27May2025 00:33:24.292] [main/INFO] [se.mickelus.mutil.data.DataStore/]: Loaded  35 repairs
[27May2025 00:33:24.296] [main/INFO] [se.mickelus.mutil.data.DataStore/]: Loaded   2 actions
[27May2025 00:33:24.297] [main/INFO] [se.mickelus.mutil.data.DataStore/]: Loaded   0 destabilization
[27May2025 00:33:24.298] [main/INFO] [se.mickelus.mutil.data.DataStore/]: Loaded   0 unlocks
[27May2025 00:33:24.298] [main/INFO] [se.mickelus.mutil.data.DataStore/]: Loaded   0 archetypes
[27May2025 00:33:24.298] [main/INFO] [se.mickelus.mutil.data.DataStore/]: Loaded   0 item_effects
[27May2025 00:33:24.308] [main/WARN] [net.minecraft.core.MappedRegistry/]: Not all defined tags for registry ResourceKey[minecraft:root / minecraft:worldgen/biome] are present in data pack: totw_modded:has_structure/aether_tower, totw_modded:has_structure/everbright_tower, totw_modded:has_structure/everdawn_tower, totw_modded:has_structure/ratlantis_tower, totw_modded:has_structure/tw_canopy_tower, totw_modded:has_structure/tw_mangrove_tower
[27May2025 00:33:24.449] [main/INFO] [Moonlight/]: Applied 7 data villager trades
[27May2025 00:33:24.516] [main/INFO] [evilcraft/]: 19 Broom modifiers can be applied!
[27May2025 00:33:24.518] [main/INFO] [Supplementaries/]: Finished additional setup in 0 ms
[27May2025 00:33:24.552] [main/INFO] [Cucumber Library/]: Loaded cucumber-tags.json in 2 ms
[27May2025 00:33:24.835] [Server thread/INFO] [net.minecraft.server.dedicated.DedicatedServer/]: Starting minecraft server version 1.20.1
[27May2025 00:33:24.835] [Server thread/INFO] [net.minecraft.server.dedicated.DedicatedServer/]: Loading properties
[27May2025 00:33:24.835] [Server thread/INFO] [net.minecraft.server.dedicated.DedicatedServer/]: Default game type: SURVIVAL
[27May2025 00:33:24.835] [Server thread/INFO] [net.minecraft.server.MinecraftServer/]: Generating keypair
[27May2025 00:33:25.037] [Server thread/INFO] [net.minecraft.server.dedicated.DedicatedServer/]: Starting Minecraft server on *:25565
[27May2025 00:33:25.077] [Server thread/INFO] [net.minecraft.server.network.ServerConnectionListener/]: Using epoll channel type
[27May2025 00:33:25.201] [Server thread/WARN] [net.minecraft.server.dedicated.DedicatedServer/]: **** SERVER IS RUNNING IN OFFLINE/INSECURE MODE!
[27May2025 00:33:25.201] [Server thread/WARN] [net.minecraft.server.dedicated.DedicatedServer/]: The server will make no attempt to authenticate usernames. Beware.
[27May2025 00:33:25.202] [Server thread/WARN] [net.minecraft.server.dedicated.DedicatedServer/]: While this makes the game possible to play without internet access, it also opens up the ability for hackers to connect with any username they choose.
[27May2025 00:33:25.203] [Server thread/WARN] [net.minecraft.server.dedicated.DedicatedServer/]: To change this, set "online-mode" to "true" in the server.properties file.
[27May2025 00:33:25.229] [Server thread/INFO] [Puzzles Lib/]: Loading server config for easyanvils
[27May2025 00:33:25.242] [Server thread/WARN] [net.minecraftforge.common.ForgeConfigSpec/CORE]: Configuration file ./world/serverconfig/forge-server.toml is not correct. Correcting
[27May2025 00:33:25.242] [Server thread/WARN] [net.minecraftforge.common.ForgeConfigSpec/CORE]: Incorrect key server.useItemWithDurationZero was corrected from false to its default, null. 
[27May2025 00:33:25.319] [Server thread/INFO] [Puzzles Lib/]: Loading server config for easymagic
[27May2025 00:33:25.934] [Server thread/INFO] [spark/]: Starting background profiler...
[27May2025 00:33:26.551] [Server thread/INFO] [zeta/]: Server starting, accepting filewatcher changes for zeta's config
[27May2025 00:33:26.552] [Server thread/INFO] [Framework/]: Loading server configs...
[27May2025 00:33:26.562] [Server thread/INFO] [quark-zeta/]: Server starting, accepting filewatcher changes for quark's config
[27May2025 00:33:27.216] [Server thread/INFO] [terrablender/]: Initialized TerraBlender biomes for level stem minecraft:overworld
[27May2025 00:33:27.217] [Server thread/INFO] [terrablender/]: Initialized TerraBlender biomes for level stem minecraft:the_nether
[27May2025 00:33:27.221] [Server thread/INFO] [net.minecraft.server.dedicated.DedicatedServer/]: Preparing level "world"
[27May2025 00:33:27.249] [Server thread/INFO] [mixin/]: Mixing MixinPhantomSpawner from enigmaticlegacy.mixins.json into net.minecraft.world.level.levelgen.PhantomSpawner
[27May2025 00:33:27.319] [Server thread/INFO] [mixin/]: Instancing error handler class com.illusivesoulworks.polymorph.mixin.IntegratedMixinPlugin
[27May2025 00:33:27.320] [Server thread/WARN] [mixin/]: Mixin apply failed betterchunkloading.mixins.json:ServerChunkCacheMixin -> net.minecraft.server.level.ServerChunkCache: org.spongepowered.asm.mixin.injection.throwables.InvalidInjectionException @At("INVOKE") on net/minecraft/server/level/ServerChunkCache::prioWaiting with priority 200 cannot inject into net/minecraft/server/level/ServerChunkCache::m_7587_(IILnet/minecraft/world/level/chunk/ChunkStatus;Z)Lnet/minecraft/world/level/chunk/ChunkAccess; merged by me.jellysquid.mods.lithium.mixin.world.chunk_access.ServerChunkManagerMixin with priority 1000 [ -> redirect$dgp000$prioWaiting(Lnet/minecraft/server/level/ServerChunkCache;IILnet/minecraft/world/level/chunk/ChunkStatus;Z)Ljava/util/concurrent/CompletableFuture; -> Prepare]
org.spongepowered.asm.mixin.injection.throwables.InvalidInjectionException: @At("INVOKE") on net/minecraft/server/level/ServerChunkCache::prioWaiting with priority 200 cannot inject into net/minecraft/server/level/ServerChunkCache::m_7587_(IILnet/minecraft/world/level/chunk/ChunkStatus;Z)Lnet/minecraft/world/level/chunk/ChunkAccess; merged by me.jellysquid.mods.lithium.mixin.world.chunk_access.ServerChunkManagerMixin with priority 1000 [ -> redirect$dgp000$prioWaiting(Lnet/minecraft/server/level/ServerChunkCache;IILnet/minecraft/world/level/chunk/ChunkStatus;Z)Ljava/util/concurrent/CompletableFuture; -> Prepare]
	at org.spongepowered.asm.mixin.injection.code.Injector.findTargetNodes(Injector.java:305) ~[mixin-0.8.5.jar%2365!/:0.8.5+Jenkins-b310.git-155314e6e91465dad727e621a569906a410cd6f4]
	at org.spongepowered.asm.mixin.injection.code.Injector.find(Injector.java:240) ~[mixin-0.8.5.jar%2365!/:0.8.5+Jenkins-b310.git-155314e6e91465dad727e621a569906a410cd6f4]
	at org.spongepowered.asm.mixin.injection.struct.InjectionInfo.prepare(InjectionInfo.java:421) ~[mixin-0.8.5.jar%2365!/:0.8.5+Jenkins-b310.git-155314e6e91465dad727e621a569906a410cd6f4]
	at org.spongepowered.asm.mixin.transformer.MixinTargetContext.prepareInjections(MixinTargetContext.java:1319) ~[mixin-0.8.5.jar%2365!/:0.8.5+Jenkins-b310.git-155314e6e91465dad727e621a569906a410cd6f4]
	at org.spongepowered.asm.mixin.transformer.MixinApplicatorStandard.prepareInjections(MixinApplicatorStandard.java:1042) ~[mixin-0.8.5.jar%2365!/:0.8.5+Jenkins-b310.git-155314e6e91465dad727e621a569906a410cd6f4]
	at org.spongepowered.asm.mixin.transformer.MixinApplicatorStandard.applyMixin(MixinApplicatorStandard.java:393) ~[mixin-0.8.5.jar%2365!/:0.8.5+Jenkins-b310.git-155314e6e91465dad727e621a569906a410cd6f4]
	at org.spongepowered.asm.mixin.transformer.MixinApplicatorStandard.apply(MixinApplicatorStandard.java:325) ~[mixin-0.8.5.jar%2365!/:0.8.5+Jenkins-b310.git-155314e6e91465dad727e621a569906a410cd6f4]
	at org.spongepowered.asm.mixin.transformer.TargetClassContext.apply(TargetClassContext.java:383) ~[mixin-0.8.5.jar%2365!/:0.8.5+Jenkins-b310.git-155314e6e91465dad727e621a569906a410cd6f4]
	at org.spongepowered.asm.mixin.transformer.TargetClassContext.applyMixins(TargetClassContext.java:365) ~[mixin-0.8.5.jar%2365!/:0.8.5+Jenkins-b310.git-155314e6e91465dad727e621a569906a410cd6f4]
	at org.spongepowered.asm.mixin.transformer.MixinProcessor.applyMixins(MixinProcessor.java:363) ~[mixin-0.8.5.jar%2365!/:0.8.5+Jenkins-b310.git-155314e6e91465dad727e621a569906a410cd6f4]
	at org.spongepowered.asm.mixin.transformer.MixinTransformer.transformClass(MixinTransformer.java:250) ~[mixin-0.8.5.jar%2365!/:0.8.5+Jenkins-b310.git-155314e6e91465dad727e621a569906a410cd6f4]
	at org.spongepowered.asm.service.modlauncher.MixinTransformationHandler.processClass(MixinTransformationHandler.java:131) ~[mixin-0.8.5.jar%2365!/:0.8.5+Jenkins-b310.git-155314e6e91465dad727e621a569906a410cd6f4]
	at org.spongepowered.asm.launch.MixinLaunchPluginLegacy.processClass(MixinLaunchPluginLegacy.java:131) ~[mixin-0.8.5.jar%2365!/:0.8.5+Jenkins-b310.git-155314e6e91465dad727e621a569906a410cd6f4]
	at cpw.mods.modlauncher.serviceapi.ILaunchPluginService.processClassWithFlags(ILaunchPluginService.java:156) ~[modlauncher-10.0.9.jar%2355!/:10.0.9+10.0.9+main.dcd20f30]
	at cpw.mods.modlauncher.LaunchPluginHandler.offerClassNodeToPlugins(LaunchPluginHandler.java:88) ~[modlauncher-10.0.9.jar%2355!/:?]
	at cpw.mods.modlauncher.ClassTransformer.transform(ClassTransformer.java:120) ~[modlauncher-10.0.9.jar%2355!/:?]
	at cpw.mods.modlauncher.TransformingClassLoader.maybeTransformClassBytes(TransformingClassLoader.java:50) ~[modlauncher-10.0.9.jar%2355!/:?]
	at cpw.mods.cl.ModuleClassLoader.readerToClass(ModuleClassLoader.java:113) ~[securejarhandler-2.1.10.jar:?]
	at cpw.mods.cl.ModuleClassLoader.lambda$findClass$15(ModuleClassLoader.java:219) ~[securejarhandler-2.1.10.jar:?]
	at cpw.mods.cl.ModuleClassLoader.loadFromModule(ModuleClassLoader.java:229) ~[securejarhandler-2.1.10.jar:?]
	at cpw.mods.cl.ModuleClassLoader.findClass(ModuleClassLoader.java:219) ~[securejarhandler-2.1.10.jar:?]
	at cpw.mods.cl.ModuleClassLoader.loadClass(ModuleClassLoader.java:135) ~[securejarhandler-2.1.10.jar:?]
	at java.lang.ClassLoader.loadClass(ClassLoader.java:525) ~[?:?]
	at net.minecraft.server.MinecraftServer.m_129815_(MinecraftServer.java:337) ~[server-1.20.1-20230612.114412-srg.jar%23467!/:?]
	at net.minecraft.server.MinecraftServer.m_130006_(MinecraftServer.java:308) ~[server-1.20.1-20230612.114412-srg.jar%23467!/:?]
	at net.minecraft.server.dedicated.DedicatedServer.m_7038_(DedicatedServer.java:164) ~[server-1.20.1-20230612.114412-srg.jar%23467!/:?]
	at net.minecraft.server.MinecraftServer.m_130011_(MinecraftServer.java:634) ~[server-1.20.1-20230612.114412-srg.jar%23467!/:?]
	at net.minecraft.server.MinecraftServer.m_206580_(MinecraftServer.java:251) ~[server-1.20.1-20230612.114412-srg.jar%23467!/:?]
	at java.lang.Thread.run(Thread.java:840) ~[?:?]
[27May2025 00:33:27.878] [Server thread/INFO] [com.cupboard.Cupboard/]: Loaded config for: betterchunkloading.json
[27May2025 00:33:28.296] [Server thread/INFO] [mixin/]: Mixing MixinHoglinTasks from enigmaticlegacy.mixins.json into net.minecraft.world.entity.monster.hoglin.HoglinAi
[27May2025 00:33:28.338] [Server thread/INFO] [mixin/]: Mixing MixinPiglinTasks from enigmaticlegacy.mixins.json into net.minecraft.world.entity.monster.piglin.PiglinAi
[27May2025 00:33:28.338] [Server thread/INFO] [mixin/]: Renaming synthetic method lambda$onPiglinBarter$0(Ljava/util/List;Lnet/minecraft/world/item/ItemStack;)V to mdf93074$lambda$onPiglinBarter$0$0 in enigmaticlegacy.mixins.json:MixinPiglinTasks
[27May2025 00:33:28.727] [Server thread/WARN] [net.minecraft.network.syncher.SynchedEntityData/]: defineId called for: class net.minecraft.world.entity.TamableAnimal from interface com.hollingsworth.arsnouveau.common.entity.IFollowingSummon
[27May2025 00:33:29.061] [Server thread/WARN] [mixin/]: Method overwrite conflict for removeIf in lithium.mixins.json:world.chunk_tickets.SortedArraySetMixin, previously written by org.embeddedt.modernfix.common.mixin.bugfix.paper_chunk_patches.SortedArraySetMixin. Skipping method.
[27May2025 00:33:29.884] [Server thread/WARN] [com.structureessentials.StructureEssentials/]: Non-unique structure_set salt:0 potentially creating overlapping structures detected. Structure sets: [minecraft:mineshafts, minecraft:strongholds, minecraft:buried_treasures]
[27May2025 00:33:29.885] [Server thread/WARN] [com.structureessentials.StructureEssentials/]: Non-unique structure_set salt:67812262 potentially creating overlapping structures detected. Structure sets: [alienevo:machine_stronghold, alienevo:machine_well]
[27May2025 00:33:29.885] [Server thread/WARN] [com.structureessentials.StructureEssentials/]: Non-unique structure_set salt:14261975 potentially creating overlapping structures detected. Structure sets: [alienevo:machine_blast_chamber, alienevo:machine_tower]
[27May2025 00:33:29.885] [Server thread/WARN] [com.structureessentials.StructureEssentials/]: Non-unique structure_set salt:3 potentially creating overlapping structures detected. Structure sets: [alexscaves:cake_cave, alexscaves:ferrocave]
[27May2025 00:33:29.885] [Server thread/WARN] [com.structureessentials.StructureEssentials/]: Non-unique structure_set salt:783 potentially creating overlapping structures detected. Structure sets: [nova_structures:taverns, nova_structures:badlands_miner_outpost]
[27May2025 00:33:29.886] [Server thread/WARN] [com.structureessentials.StructureEssentials/]: Non-unique structure_set salt:433252558 potentially creating overlapping structures detected. Structure sets: [mvs:houses/azelea_house, mvs:houses/warped_house]
[27May2025 00:33:29.886] [Server thread/WARN] [com.structureessentials.StructureEssentials/]: Non-unique structure_set salt:1646207470 potentially creating overlapping structures detected. Structure sets: [hopo:portal_dripstone, alienevo:crash_site]
[27May2025 00:33:29.887] [Server thread/WARN] [com.structureessentials.StructureEssentials/]: Non-unique structure_set salt:2 potentially creating overlapping structures detected. Structure sets: [alexscaves:ocean_trench, alexscaves:acid_pit]
[27May2025 00:33:29.887] [Server thread/WARN] [com.structureessentials.StructureEssentials/]: Non-unique structure_set salt:10387312 potentially creating overlapping structures detected. Structure sets: [minecraft:villages, nova_structures:villages_jungle, nova_structures:villages_swamp, joshie:village_ocean]
[27May2025 00:33:29.888] [Server thread/WARN] [com.structureessentials.StructureEssentials/]: Non-unique structure_set salt:2358902 potentially creating overlapping structures detected. Structure sets: [terralith:mage, terralith:regular]
[27May2025 00:33:29.888] [Server thread/WARN] [com.structureessentials.StructureEssentials/]: Non-unique structure_set salt:100922847 potentially creating overlapping structures detected. Structure sets: [mns:medium_house, mns:medium_house_2]
[27May2025 00:33:29.888] [Server thread/WARN] [com.structureessentials.StructureEssentials/]: Non-unique structure_set salt:10387313 potentially creating overlapping structures detected. Structure sets: [minecraft:ocean_monuments, minecraft:end_cities]
[27May2025 00:33:29.889] [Server thread/WARN] [com.structureessentials.StructureEssentials/]: Non-unique structure_set salt:239021 potentially creating overlapping structures detected. Structure sets: [nova_structures:desert_ruins, nova_structures:jungle_ruins]
[27May2025 00:33:29.889] [Server thread/WARN] [com.structureessentials.StructureEssentials/]: Non-unique structure_set salt:784827271 potentially creating overlapping structures detected. Structure sets: [betterfortresses:fortress, betteroceanmonuments:ocean_monument]
[27May2025 00:33:29.889] [Server thread/WARN] [com.structureessentials.StructureEssentials/]: Non-unique structure_set salt:4533232 potentially creating overlapping structures detected. Structure sets: [nova_structures:illager_camp, nova_structures:nether_camps]
[27May2025 00:33:29.891] [Server thread/INFO] [net.minecraft.server.MinecraftServer/]: Preparing start region for dimension minecraft:overworld
[27May2025 00:33:29.896] [Server thread/INFO] [KubeJS Server/]: Server resource reload complete!
[27May2025 00:33:54.677] [Server thread/INFO] [com.cupboard.Cupboard/]: Loaded config for: limitedchunks.json
[27May2025 00:34:14.280] [Worker-Main-1/WARN] [lithostitched/]: Template pool fallback chain found: minecraft:ancient_city/walls -> minecraft:ancient_city/walls_lock -> minecraft:ancient_city/walls_lock
[27May2025 00:34:14.330] [Worker-Main-1/WARN] [lithostitched/]: Template pool fallback chain found: minecraft:ancient_city/walls -> minecraft:ancient_city/walls_lock -> minecraft:ancient_city/walls_lock
[27May2025 00:34:14.345] [Worker-Main-1/WARN] [lithostitched/]: Template pool fallback chain found: minecraft:ancient_city/walls -> minecraft:ancient_city/walls_lock -> minecraft:ancient_city/walls_lock
[27May2025 00:34:14.360] [Worker-Main-1/WARN] [lithostitched/]: Template pool fallback chain found: minecraft:ancient_city/walls -> minecraft:ancient_city/walls_lock -> minecraft:ancient_city/walls_lock
[27May2025 00:34:14.403] [Worker-Main-1/WARN] [lithostitched/]: Template pool fallback chain found: minecraft:ancient_city/walls -> minecraft:ancient_city/walls_lock -> minecraft:ancient_city/walls_lock
[27May2025 00:34:14.416] [Worker-Main-1/WARN] [lithostitched/]: Template pool fallback chain found: minecraft:ancient_city/walls -> minecraft:ancient_city/walls_lock -> minecraft:ancient_city/walls_lock
[27May2025 00:34:14.468] [Worker-Main-1/WARN] [lithostitched/]: Template pool fallback chain found: minecraft:ancient_city/walls -> minecraft:ancient_city/walls_lock -> minecraft:ancient_city/walls_lock
[27May2025 00:34:14.563] [Worker-Main-1/WARN] [lithostitched/]: Template pool fallback chain found: minecraft:ancient_city/walls -> minecraft:ancient_city/walls_lock -> minecraft:ancient_city/walls_lock
[27May2025 00:34:14.572] [Worker-Main-1/WARN] [lithostitched/]: Template pool fallback chain found: minecraft:ancient_city/walls -> minecraft:ancient_city/walls_lock -> minecraft:ancient_city/walls_lock
[27May2025 00:34:14.587] [Worker-Main-1/WARN] [lithostitched/]: Template pool fallback chain found: minecraft:ancient_city/walls -> minecraft:ancient_city/walls_lock -> minecraft:ancient_city/walls_lock
[27May2025 00:34:14.619] [Worker-Main-1/WARN] [lithostitched/]: Template pool fallback chain found: minecraft:ancient_city/walls -> minecraft:ancient_city/walls_lock -> minecraft:ancient_city/walls_lock
[27May2025 00:34:14.653] [Worker-Main-1/WARN] [lithostitched/]: Template pool fallback chain found: minecraft:ancient_city/walls -> minecraft:ancient_city/walls_lock -> minecraft:ancient_city/walls_lock
[27May2025 00:34:14.679] [Worker-Main-1/WARN] [lithostitched/]: Template pool fallback chain found: minecraft:ancient_city/walls -> minecraft:ancient_city/walls_lock -> minecraft:ancient_city/walls_lock
[27May2025 00:34:14.699] [Worker-Main-1/WARN] [lithostitched/]: Template pool fallback chain found: minecraft:ancient_city/walls -> minecraft:ancient_city/walls_lock -> minecraft:ancient_city/walls_lock
[27May2025 00:34:14.734] [Worker-Main-1/WARN] [lithostitched/]: Template pool fallback chain found: minecraft:ancient_city/walls -> minecraft:ancient_city/walls_lock -> minecraft:ancient_city/walls_lock
[27May2025 00:34:14.751] [Worker-Main-1/WARN] [lithostitched/]: Template pool fallback chain found: minecraft:ancient_city/walls -> minecraft:ancient_city/walls_lock -> minecraft:ancient_city/walls_lock
[27May2025 00:34:14.761] [Worker-Main-1/WARN] [lithostitched/]: Template pool fallback chain found: minecraft:ancient_city/walls -> minecraft:ancient_city/walls_lock -> minecraft:ancient_city/walls_lock
[27May2025 00:34:14.812] [Worker-Main-1/WARN] [lithostitched/]: Template pool fallback chain found: minecraft:ancient_city/walls -> minecraft:ancient_city/walls_lock -> minecraft:ancient_city/walls_lock
[27May2025 00:34:14.824] [Worker-Main-1/WARN] [lithostitched/]: Template pool fallback chain found: minecraft:ancient_city/walls -> minecraft:ancient_city/walls_lock -> minecraft:ancient_city/walls_lock
[27May2025 00:34:14.894] [Worker-Main-1/WARN] [lithostitched/]: Template pool fallback chain found: minecraft:ancient_city/walls -> minecraft:ancient_city/walls_lock -> minecraft:ancient_city/walls_lock
[27May2025 00:34:14.980] [Worker-Main-1/WARN] [lithostitched/]: Template pool fallback chain found: minecraft:ancient_city/walls -> minecraft:ancient_city/walls_lock -> minecraft:ancient_city/walls_lock
[27May2025 00:34:15.038] [Worker-Main-1/WARN] [lithostitched/]: Template pool fallback chain found: minecraft:ancient_city/walls -> minecraft:ancient_city/walls_lock -> minecraft:ancient_city/walls_lock
[27May2025 00:34:15.304] [Worker-Main-1/WARN] [lithostitched/]: Template pool fallback chain found: minecraft:ancient_city/walls -> minecraft:ancient_city/walls_lock -> minecraft:ancient_city/walls_lock
[27May2025 00:34:15.306] [Worker-Main-1/WARN] [lithostitched/]: Template pool fallback chain found: minecraft:ancient_city/walls -> minecraft:ancient_city/walls_lock -> minecraft:ancient_city/walls_lock
[27May2025 00:34:15.320] [Worker-Main-1/WARN] [lithostitched/]: Template pool fallback chain found: minecraft:ancient_city/walls -> minecraft:ancient_city/walls_lock -> minecraft:ancient_city/walls_lock
[27May2025 00:34:15.341] [Worker-Main-1/WARN] [lithostitched/]: Template pool fallback chain found: minecraft:ancient_city/walls -> minecraft:ancient_city/walls_lock -> minecraft:ancient_city/walls_lock
[27May2025 00:34:15.351] [Worker-Main-1/WARN] [lithostitched/]: Template pool fallback chain found: minecraft:ancient_city/walls -> minecraft:ancient_city/walls_lock -> minecraft:ancient_city/walls_lock
[27May2025 00:34:41.658] [Worker-Main-1/ERROR] [net.minecraftforge.fml.loading.RuntimeDistCleaner/DISTXFORM]: Attempted to load class net/minecraft/client/multiplayer/ClientLevel for invalid dist DEDICATED_SERVER
[27May2025 00:34:41.658] [Worker-Main-1/WARN] [Radium Class Analysis/]: Radium Class Analysis Error: Class se.mickelus.tetra.blocks.multischematic.MultiblockSchematicBlock cannot be analysed, because getting declared methods crashes with RuntimeException: Attempted to load class net/minecraft/client/multiplayer/ClientLevel for invalid dist DEDICATED_SERVER. This is usually caused by modded entities declaring methods that have a return type or parameter type that is annotated with @OnlyIn(Dist.CLIENT). Loading the type is not possible, because it only exists in the CLIENT environment. The recommended fix is to annotate the method with this argument or return type with the same annotation. Lithium handles this error by assuming the class cannot be included in some optimizations.
[27May2025 00:34:41.662] [Worker-Main-1/ERROR] [net.minecraftforge.fml.loading.RuntimeDistCleaner/DISTXFORM]: Attempted to load class net/minecraft/client/multiplayer/ClientLevel for invalid dist DEDICATED_SERVER
[27May2025 00:34:41.662] [Worker-Main-1/WARN] [Radium Class Analysis/]: Radium Class Analysis Error: Class se.mickelus.tetra.blocks.multischematic.MultiblockSchematicBlock cannot be analysed, because getting declared methods crashes with RuntimeException: Attempted to load class net/minecraft/client/multiplayer/ClientLevel for invalid dist DEDICATED_SERVER. This is usually caused by modded entities declaring methods that have a return type or parameter type that is annotated with @OnlyIn(Dist.CLIENT). Loading the type is not possible, because it only exists in the CLIENT environment. The recommended fix is to annotate the method with this argument or return type with the same annotation. Lithium handles this error by assuming the class cannot be included in some optimizations.
[27May2025 00:34:41.665] [Worker-Main-1/ERROR] [net.minecraftforge.fml.loading.RuntimeDistCleaner/DISTXFORM]: Attempted to load class net/minecraft/client/multiplayer/ClientLevel for invalid dist DEDICATED_SERVER
[27May2025 00:34:41.665] [Worker-Main-1/WARN] [Radium Class Analysis/]: Radium Class Analysis Error: Class se.mickelus.tetra.blocks.multischematic.MultiblockSchematicBlock cannot be analysed, because getting declared methods crashes with RuntimeException: Attempted to load class net/minecraft/client/multiplayer/ClientLevel for invalid dist DEDICATED_SERVER. This is usually caused by modded entities declaring methods that have a return type or parameter type that is annotated with @OnlyIn(Dist.CLIENT). Loading the type is not possible, because it only exists in the CLIENT environment. The recommended fix is to annotate the method with this argument or return type with the same annotation. Lithium handles this error by assuming the class cannot be included in some optimizations.
[27May2025 00:34:41.668] [Worker-Main-1/ERROR] [net.minecraftforge.fml.loading.RuntimeDistCleaner/DISTXFORM]: Attempted to load class net/minecraft/client/multiplayer/ClientLevel for invalid dist DEDICATED_SERVER
[27May2025 00:34:41.668] [Worker-Main-1/WARN] [Radium Class Analysis/]: Radium Class Analysis Error: Class se.mickelus.tetra.blocks.multischematic.MultiblockSchematicBlock cannot be analysed, because getting declared methods crashes with RuntimeException: Attempted to load class net/minecraft/client/multiplayer/ClientLevel for invalid dist DEDICATED_SERVER. This is usually caused by modded entities declaring methods that have a return type or parameter type that is annotated with @OnlyIn(Dist.CLIENT). Loading the type is not possible, because it only exists in the CLIENT environment. The recommended fix is to annotate the method with this argument or return type with the same annotation. Lithium handles this error by assuming the class cannot be included in some optimizations.
[27May2025 00:34:45.483] [Worker-Main-3/ERROR] [net.minecraftforge.fml.loading.RuntimeDistCleaner/DISTXFORM]: Attempted to load class net/minecraft/client/multiplayer/ClientLevel for invalid dist DEDICATED_SERVER
[27May2025 00:34:45.483] [Worker-Main-3/WARN] [Radium Class Analysis/]: Radium Class Analysis Error: Class se.mickelus.tetra.blocks.multischematic.MultiblockSchematicBlock cannot be analysed, because getting declared methods crashes with RuntimeException: Attempted to load class net/minecraft/client/multiplayer/ClientLevel for invalid dist DEDICATED_SERVER. This is usually caused by modded entities declaring methods that have a return type or parameter type that is annotated with @OnlyIn(Dist.CLIENT). Loading the type is not possible, because it only exists in the CLIENT environment. The recommended fix is to annotate the method with this argument or return type with the same annotation. Lithium handles this error by assuming the class cannot be included in some optimizations.
[27May2025 00:34:45.486] [Worker-Main-3/ERROR] [net.minecraftforge.fml.loading.RuntimeDistCleaner/DISTXFORM]: Attempted to load class net/minecraft/client/multiplayer/ClientLevel for invalid dist DEDICATED_SERVER
[27May2025 00:34:45.486] [Worker-Main-3/WARN] [Radium Class Analysis/]: Radium Class Analysis Error: Class se.mickelus.tetra.blocks.multischematic.MultiblockSchematicBlock cannot be analysed, because getting declared methods crashes with RuntimeException: Attempted to load class net/minecraft/client/multiplayer/ClientLevel for invalid dist DEDICATED_SERVER. This is usually caused by modded entities declaring methods that have a return type or parameter type that is annotated with @OnlyIn(Dist.CLIENT). Loading the type is not possible, because it only exists in the CLIENT environment. The recommended fix is to annotate the method with this argument or return type with the same annotation. Lithium handles this error by assuming the class cannot be included in some optimizations.
[27May2025 00:34:45.488] [Worker-Main-3/ERROR] [net.minecraftforge.fml.loading.RuntimeDistCleaner/DISTXFORM]: Attempted to load class net/minecraft/client/multiplayer/ClientLevel for invalid dist DEDICATED_SERVER
[27May2025 00:34:45.489] [Worker-Main-3/WARN] [Radium Class Analysis/]: Radium Class Analysis Error: Class se.mickelus.tetra.blocks.multischematic.MultiblockSchematicBlock cannot be analysed, because getting declared methods crashes with RuntimeException: Attempted to load class net/minecraft/client/multiplayer/ClientLevel for invalid dist DEDICATED_SERVER. This is usually caused by modded entities declaring methods that have a return type or parameter type that is annotated with @OnlyIn(Dist.CLIENT). Loading the type is not possible, because it only exists in the CLIENT environment. The recommended fix is to annotate the method with this argument or return type with the same annotation. Lithium handles this error by assuming the class cannot be included in some optimizations.
[27May2025 00:34:45.491] [Worker-Main-3/ERROR] [net.minecraftforge.fml.loading.RuntimeDistCleaner/DISTXFORM]: Attempted to load class net/minecraft/client/multiplayer/ClientLevel for invalid dist DEDICATED_SERVER
[27May2025 00:34:45.491] [Worker-Main-3/WARN] [Radium Class Analysis/]: Radium Class Analysis Error: Class se.mickelus.tetra.blocks.multischematic.MultiblockSchematicBlock cannot be analysed, because getting declared methods crashes with RuntimeException: Attempted to load class net/minecraft/client/multiplayer/ClientLevel for invalid dist DEDICATED_SERVER. This is usually caused by modded entities declaring methods that have a return type or parameter type that is annotated with @OnlyIn(Dist.CLIENT). Loading the type is not possible, because it only exists in the CLIENT environment. The recommended fix is to annotate the method with this argument or return type with the same annotation. Lithium handles this error by assuming the class cannot be included in some optimizations.
[27May2025 00:34:45.494] [Worker-Main-3/ERROR] [net.minecraftforge.fml.loading.RuntimeDistCleaner/DISTXFORM]: Attempted to load class net/minecraft/client/multiplayer/ClientLevel for invalid dist DEDICATED_SERVER
[27May2025 00:34:45.494] [Worker-Main-3/WARN] [Radium Class Analysis/]: Radium Class Analysis Error: Class se.mickelus.tetra.blocks.multischematic.MultiblockSchematicBlock cannot be analysed, because getting declared methods crashes with RuntimeException: Attempted to load class net/minecraft/client/multiplayer/ClientLevel for invalid dist DEDICATED_SERVER. This is usually caused by modded entities declaring methods that have a return type or parameter type that is annotated with @OnlyIn(Dist.CLIENT). Loading the type is not possible, because it only exists in the CLIENT environment. The recommended fix is to annotate the method with this argument or return type with the same annotation. Lithium handles this error by assuming the class cannot be included in some optimizations.
[27May2025 00:34:45.497] [Worker-Main-3/ERROR] [net.minecraftforge.fml.loading.RuntimeDistCleaner/DISTXFORM]: Attempted to load class net/minecraft/client/multiplayer/ClientLevel for invalid dist DEDICATED_SERVER
[27May2025 00:34:45.497] [Worker-Main-3/WARN] [Radium Class Analysis/]: Radium Class Analysis Error: Class se.mickelus.tetra.blocks.multischematic.MultiblockSchematicBlock cannot be analysed, because getting declared methods crashes with RuntimeException: Attempted to load class net/minecraft/client/multiplayer/ClientLevel for invalid dist DEDICATED_SERVER. This is usually caused by modded entities declaring methods that have a return type or parameter type that is annotated with @OnlyIn(Dist.CLIENT). Loading the type is not possible, because it only exists in the CLIENT environment. The recommended fix is to annotate the method with this argument or return type with the same annotation. Lithium handles this error by assuming the class cannot be included in some optimizations.
[27May2025 00:34:45.499] [Worker-Main-3/ERROR] [net.minecraftforge.fml.loading.RuntimeDistCleaner/DISTXFORM]: Attempted to load class net/minecraft/client/multiplayer/ClientLevel for invalid dist DEDICATED_SERVER
[27May2025 00:34:45.499] [Worker-Main-3/WARN] [Radium Class Analysis/]: Radium Class Analysis Error: Class se.mickelus.tetra.blocks.multischematic.MultiblockSchematicBlock cannot be analysed, because getting declared methods crashes with RuntimeException: Attempted to load class net/minecraft/client/multiplayer/ClientLevel for invalid dist DEDICATED_SERVER. This is usually caused by modded entities declaring methods that have a return type or parameter type that is annotated with @OnlyIn(Dist.CLIENT). Loading the type is not possible, because it only exists in the CLIENT environment. The recommended fix is to annotate the method with this argument or return type with the same annotation. Lithium handles this error by assuming the class cannot be included in some optimizations.
[27May2025 00:34:45.501] [Worker-Main-3/ERROR] [net.minecraftforge.fml.loading.RuntimeDistCleaner/DISTXFORM]: Attempted to load class net/minecraft/client/multiplayer/ClientLevel for invalid dist DEDICATED_SERVER
[27May2025 00:34:45.502] [Worker-Main-3/WARN] [Radium Class Analysis/]: Radium Class Analysis Error: Class se.mickelus.tetra.blocks.multischematic.MultiblockSchematicBlock cannot be analysed, because getting declared methods crashes with RuntimeException: Attempted to load class net/minecraft/client/multiplayer/ClientLevel for invalid dist DEDICATED_SERVER. This is usually caused by modded entities declaring methods that have a return type or parameter type that is annotated with @OnlyIn(Dist.CLIENT). Loading the type is not possible, because it only exists in the CLIENT environment. The recommended fix is to annotate the method with this argument or return type with the same annotation. Lithium handles this error by assuming the class cannot be included in some optimizations.
[27May2025 00:34:45.503] [Worker-Main-3/ERROR] [net.minecraftforge.fml.loading.RuntimeDistCleaner/DISTXFORM]: Attempted to load class net/minecraft/client/multiplayer/ClientLevel for invalid dist DEDICATED_SERVER
[27May2025 00:34:45.504] [Worker-Main-3/WARN] [Radium Class Analysis/]: Radium Class Analysis Error: Class se.mickelus.tetra.blocks.multischematic.MultiblockSchematicBlock cannot be analysed, because getting declared methods crashes with RuntimeException: Attempted to load class net/minecraft/client/multiplayer/ClientLevel for invalid dist DEDICATED_SERVER. This is usually caused by modded entities declaring methods that have a return type or parameter type that is annotated with @OnlyIn(Dist.CLIENT). Loading the type is not possible, because it only exists in the CLIENT environment. The recommended fix is to annotate the method with this argument or return type with the same annotation. Lithium handles this error by assuming the class cannot be included in some optimizations.
[27May2025 00:34:45.532] [Worker-Main-3/ERROR] [net.minecraftforge.fml.loading.RuntimeDistCleaner/DISTXFORM]: Attempted to load class net/minecraft/client/multiplayer/ClientLevel for invalid dist DEDICATED_SERVER
[27May2025 00:34:45.532] [Worker-Main-3/WARN] [Radium Class Analysis/]: Radium Class Analysis Error: Class se.mickelus.tetra.blocks.multischematic.MultiblockSchematicBlock cannot be analysed, because getting declared methods crashes with RuntimeException: Attempted to load class net/minecraft/client/multiplayer/ClientLevel for invalid dist DEDICATED_SERVER. This is usually caused by modded entities declaring methods that have a return type or parameter type that is annotated with @OnlyIn(Dist.CLIENT). Loading the type is not possible, because it only exists in the CLIENT environment. The recommended fix is to annotate the method with this argument or return type with the same annotation. Lithium handles this error by assuming the class cannot be included in some optimizations.
[27May2025 00:34:45.534] [Worker-Main-3/ERROR] [net.minecraftforge.fml.loading.RuntimeDistCleaner/DISTXFORM]: Attempted to load class net/minecraft/client/multiplayer/ClientLevel for invalid dist DEDICATED_SERVER
[27May2025 00:34:45.534] [Worker-Main-3/WARN] [Radium Class Analysis/]: Radium Class Analysis Error: Class se.mickelus.tetra.blocks.multischematic.MultiblockSchematicBlock cannot be analysed, because getting declared methods crashes with RuntimeException: Attempted to load class net/minecraft/client/multiplayer/ClientLevel for invalid dist DEDICATED_SERVER. This is usually caused by modded entities declaring methods that have a return type or parameter type that is annotated with @OnlyIn(Dist.CLIENT). Loading the type is not possible, because it only exists in the CLIENT environment. The recommended fix is to annotate the method with this argument or return type with the same annotation. Lithium handles this error by assuming the class cannot be included in some optimizations.
[27May2025 00:34:45.536] [Worker-Main-3/ERROR] [net.minecraftforge.fml.loading.RuntimeDistCleaner/DISTXFORM]: Attempted to load class net/minecraft/client/multiplayer/ClientLevel for invalid dist DEDICATED_SERVER
[27May2025 00:34:45.536] [Worker-Main-3/WARN] [Radium Class Analysis/]: Radium Class Analysis Error: Class se.mickelus.tetra.blocks.multischematic.MultiblockSchematicBlock cannot be analysed, because getting declared methods crashes with RuntimeException: Attempted to load class net/minecraft/client/multiplayer/ClientLevel for invalid dist DEDICATED_SERVER. This is usually caused by modded entities declaring methods that have a return type or parameter type that is annotated with @OnlyIn(Dist.CLIENT). Loading the type is not possible, because it only exists in the CLIENT environment. The recommended fix is to annotate the method with this argument or return type with the same annotation. Lithium handles this error by assuming the class cannot be included in some optimizations.
[27May2025 00:34:45.538] [Worker-Main-3/ERROR] [net.minecraftforge.fml.loading.RuntimeDistCleaner/DISTXFORM]: Attempted to load class net/minecraft/client/multiplayer/ClientLevel for invalid dist DEDICATED_SERVER
[27May2025 00:34:45.538] [Worker-Main-3/WARN] [Radium Class Analysis/]: Radium Class Analysis Error: Class se.mickelus.tetra.blocks.multischematic.MultiblockSchematicBlock cannot be analysed, because getting declared methods crashes with RuntimeException: Attempted to load class net/minecraft/client/multiplayer/ClientLevel for invalid dist DEDICATED_SERVER. This is usually caused by modded entities declaring methods that have a return type or parameter type that is annotated with @OnlyIn(Dist.CLIENT). Loading the type is not possible, because it only exists in the CLIENT environment. The recommended fix is to annotate the method with this argument or return type with the same annotation. Lithium handles this error by assuming the class cannot be included in some optimizations.
[27May2025 00:34:45.540] [Worker-Main-3/ERROR] [net.minecraftforge.fml.loading.RuntimeDistCleaner/DISTXFORM]: Attempted to load class net/minecraft/client/multiplayer/ClientLevel for invalid dist DEDICATED_SERVER
[27May2025 00:34:45.541] [Worker-Main-3/WARN] [Radium Class Analysis/]: Radium Class Analysis Error: Class se.mickelus.tetra.blocks.multischematic.MultiblockSchematicBlock cannot be analysed, because getting declared methods crashes with RuntimeException: Attempted to load class net/minecraft/client/multiplayer/ClientLevel for invalid dist DEDICATED_SERVER. This is usually caused by modded entities declaring methods that have a return type or parameter type that is annotated with @OnlyIn(Dist.CLIENT). Loading the type is not possible, because it only exists in the CLIENT environment. The recommended fix is to annotate the method with this argument or return type with the same annotation. Lithium handles this error by assuming the class cannot be included in some optimizations.
[27May2025 00:34:45.543] [Worker-Main-3/ERROR] [net.minecraftforge.fml.loading.RuntimeDistCleaner/DISTXFORM]: Attempted to load class net/minecraft/client/multiplayer/ClientLevel for invalid dist DEDICATED_SERVER
[27May2025 00:34:45.543] [Worker-Main-3/WARN] [Radium Class Analysis/]: Radium Class Analysis Error: Class se.mickelus.tetra.blocks.multischematic.MultiblockSchematicBlock cannot be analysed, because getting declared methods crashes with RuntimeException: Attempted to load class net/minecraft/client/multiplayer/ClientLevel for invalid dist DEDICATED_SERVER. This is usually caused by modded entities declaring methods that have a return type or parameter type that is annotated with @OnlyIn(Dist.CLIENT). Loading the type is not possible, because it only exists in the CLIENT environment. The recommended fix is to annotate the method with this argument or return type with the same annotation. Lithium handles this error by assuming the class cannot be included in some optimizations.
[27May2025 00:35:13.643] [Worker-Main-2/WARN] [lithostitched/]: Non-existent template pool reference: minecraft:minecraft_empty
[27May2025 00:35:43.471] [Server thread/ERROR] [net.minecraft.Util/]: POI data mismatch: already registered at BlockPos{x=-223, y=-13, z=266}
[27May2025 00:35:51.498] [Server thread/INFO] [net.minecraft.server.level.progress.LoggerChunkProgressListener/]: Time elapsed: 860467348 ms
[27May2025 00:35:51.499] [Server thread/INFO] [net.minecraft.server.dedicated.DedicatedServer/]: Done (146.278s)! For help, type "help"
[27May2025 00:35:51.626] [Server thread/INFO] [net.minecraftforge.server.permission.PermissionAPI/]: Successfully initialized permission handler forge:default_handler
[27May2025 00:35:51.757] [Server thread/INFO] [evilcraft/]: Loading infobook /data/evilcraft/info/book.xml
[27May2025 00:35:51.808] [Server thread/WARN] [evilcraft/]: Invalid appendix info_book.evilcraft.second_age.tools.broom from mod evilcraft in an infobook: The broom modifier evilcraft:witherer has no valid items
[27May2025 00:35:51.809] [Server thread/WARN] [evilcraft/]: Invalid appendix info_book.evilcraft.second_age.tools.broom from mod evilcraft in an infobook: The broom modifier evilcraft:hungerer has no valid items
[27May2025 00:35:51.809] [Server thread/WARN] [evilcraft/]: Invalid appendix info_book.evilcraft.second_age.tools.broom from mod evilcraft in an infobook: The broom modifier evilcraft:kamikaze has no valid items
[27May2025 00:35:51.810] [Server thread/WARN] [evilcraft/]: Invalid appendix info_book.evilcraft.second_age.tools.broom from mod evilcraft in an infobook: The broom modifier evilcraft:withershield has no valid items
[27May2025 00:35:51.972] [Server thread/INFO] [net.bettercombat.logic.WeaponRegistry/]: Encoded Weapon Attribute registry size (with package overhead): 118115 bytes (in 12 string chunks with the size of 10000)
[27May2025 00:35:51.972] [Server thread/INFO] [cyclopscore/]: Loading infobook /data/cyclopscore/info/test.xml
[27May2025 00:35:51.977] [Server thread/INFO] [com.cupboard.Cupboard/]: Loaded config for: clickadv.json
[27May2025 00:35:51.978] [Server thread/INFO] [com.cupboard.Cupboard/]: Loaded config for: chunksending.json
[27May2025 00:35:51.978] [Server thread/INFO] [com.cupboard.Cupboard/]: Loaded config for: smoothchunk.json
[27May2025 00:35:52.085] [Server thread/WARN] [net.minecraft.network.syncher.SynchedEntityData/]: defineId called for: class net.minecraft.world.entity.player.Player from class tschipp.carryon.common.carry.CarryOnDataManager
[27May2025 00:35:52.329] [Server thread/WARN] [voicechat/]: [voicechat] Running in offline mode - Voice chat encryption is not secure!
[27May2025 00:35:52.370] [VoiceChatServerThread/INFO] [voicechat/]: [voicechat] Voice chat server started at port 24454
[27May2025 00:35:52.372] [Server thread/INFO] [patchouli/]: Sending reload packet to clients
[27May2025 00:35:52.389] [Server thread/WARN] [ModernFix/]: Dedicated server took 215.141 seconds to load
[27May2025 00:35:53.377] [Server thread/INFO] [net.minecraft.server.MinecraftServer/]: Set the time to 1000
